id,tx_hash,from_address,to_address,value,token_symbol,chain_id,block_number,timestamp,is_fraud,tx_count_1h,unique_counterparties,gas_ratio,is_contract,time_since_last_tx
2355c173-437e-4023-8edf-9a51b6925e45,0x87d6ef35c87b2bb3243a3ae2d3b2e089c07dc60813e95dd927208224486cff8b,0x4f835e263793bb12c27a2a5de28f5b8f74839db5,0xf831e0689179983186c2c12a9322ddd0d4c70020,925.758374,USDT,137,54926668,2026-07-04T02:07:27.028740Z,0,3,1,0.984,0,68816.91766018649
8d1bdfd4-874d-491f-a47d-7099d9dfae59,0xa8ed8ec12ca1ad510912d01eff3ae361d0f6714a2f8f4e4bf1eba9fb3987e4e1,0xe3eb211394f73396e3ff261d5c5be43ba12bb80c,0x8c0ea9c0d0cfab48aee851d247b7a329d023f31a,834.205273,ETH,137,50021707,2026-07-07T15:42:01.029274Z,0,9,3,0.374,0,50102.40625702434
37299e4f-4141-40cd-90b1-aa900ed85622,0xab8aad1c6c894bbc2e3856121ace541433dc9af303939249e36d9bad01dbe31b,0x528104b031b70f261723abfd609683d59f30ff52,0xb535e5326163c6e20cc85d2343577eaa3acbc810,382.469731,WBTC,137,53922716,2026-07-20T18:22:20.026964Z,0,6,5,0.446,0,45751.148219286166
b5abd2a6-f483-47b2-962d-0ea7f1dba95e,0xb0eca4b09ee39e11637693204f6b5a9e0bb986a4b91d75aa5b2c47980c94aa58,0xc86819c81082fe0e36c5173e4356dea3327e9cb5,0x14f6f5fc87de22ae15b1fdc48d54dfc2ba390bc5,3904407.198664,USDC,137,58199794,2026-07-20T17:47:11.035915Z,1,124,22,0.41,0,10.272254917563215
45e9d401-c89c-4cc6-86d1-1f1d463c39c5,0x9c984a3b56c85a4f6c6725c90950bbbb148ebb31cd1a113ec1768d8992dff31a,0x282bc1e09a979a02215b1b88c3921a8e938d0e29,0xa05a7197665f03e48dbcf5487ebafb3bbfa2e422,850.892822,WBTC,137,55858211,2026-07-23T07:43:30.029941Z,0,9,4,0.405,0,71315.68657950177
3e8a3f9a-29fc-402a-bc0d-a468227044de,0x90100758145fcab07c746888faf112643f723d374b0d32349e6256e969480717,0xbb80567ed35c15afa0e6cac2c31ffd5a6ee23134,0xae1fe7dbafe4c7be9c1ac37e1964fa3e7db937d7,279.725836,USDC,137,51522348,2026-07-28T05:55:31.025605Z,0,4,3,0.51,0,79294.75014635858
bc07c0bd-0786-4379-bf09-a48772aaff8e,0x16936866f6792a087d19899300397409f00e23a63b0c65314d4bcf846eaeb6d1,0x4d02e95c76b2faa470ea76adbf131eaa96640d4a,0x8e6db6a0e5ae6f486dc5f9df195939fbb000b38c,555.171128,WBTC,137,54042611,2026-07-03T19:37:24.025424Z,0,9,4,0.483,1,50864.04478546794
f5e0c46d-ff32-41ce-83ed-26bd74b79ddd,0x6c46cde7d73d892867aac33978e534ed43d5eacf27be6deb19e80a56fcddad4e,0x08d9bcbad7559d0eb3a0b7b65f57b529beeb1fe7,0xac85aa4ed57d2c4ae151073f96f10157e86ad0d4,428.702622,ETH,137,55055280,2026-07-19T19:14:03.028957Z,0,7,3,0.789,0,77001.67328440935
cf493e58-6047-4c48-b7d6-534ecb5c5865,0x5f44c3d29b934927fd5e52667f5da2cdb8228d4363498921a3cad077dfe10517,0x075460910df6e353e3ba32512b2086fc1f64828f,0xcda51b0f620ad50f82d02cc8a2bbb3c9b4b537d1,407.41635,ETH,137,53944031,2026-07-27T16:29:31.032635Z,0,1,4,0.394,0,53296.613899349264
de3d6875-e054-495c-b3b5-f042878f5c75,0x29c28e7858920f0245248440f5b504a3cab61aef8b09465cd970987293ba97b4,0xdfb1bb7749722dcd1170f584e156b962e09a6445,0x40393ccb6ba0039045e63a06fed2d3f80514d11e,751.931885,MATIC,137,59774102,2026-07-17T04:17:56.026675Z,0,10,1,0.939,1,31582.631099680726
c1774a00-df7f-4f58-924a-7db811c68052,0xd3279da6756c70eb4c850ec004d350054f6ba5f47812481eab7b6e691d5483cd,0xaeb04822341b3db2c55e71bd1e1e6ea838022fdf,0x00a03e8800b4f7baddcdb35d94624cec9703a4fc,675.140094,USDC,137,57361580,2026-07-20T00:09:31.032274Z,0,1,4,0.981,1,62572.79822084835
9bb25711-3b2b-4e72-b2e6-bf9e6d61a6fa,0x8538bd4b1b164fe4f35b94b311a73dd082e5765d86b986d51c2ed84021dcbf1e,0x894536220701fa27cee89a6bf9daa088d26d20fa,0xe5da2360a9bf2abf41ba3e144dae601ad4b80155,930.336698,USDC,137,55527804,2026-07-06T04:19:20.027655Z,0,8,3,0.742,1,13096.786194834975
d9ecc141-a995-48ed-8bb0-f548d6a71949,0x2aaa6171b38707a9731a82235dbf2d9bb6462c5f5cbe6fcd06a2f092a836481c,0xb25486c2e55d807bf097b2fa23b1bbd2a0adca97,0xadd7c50a10201aeb6d3055942009847f8c489ba7,556.073035,MATIC,137,56993308,2026-07-04T21:17:34.027207Z,0,8,1,0.3,0,27942.8667299807
730ce0a6-ea8e-4991-96dc-5ccbadb28917,0xe44964d1a4beaa53053a403be48ae68f22c316c1be58c51f9e13b38d72ad9f7f,0xc358e5db700d7d823ad31e73eaa2baa4214de6db,0xadf381500cf2e16ecf95526a93122a9a804e14c1,3591922.585245,USDC,137,57377656,2026-07-13T01:41:58.035802Z,1,88,21,0.819,0,38.761031386153086
5132f19b-45f5-418a-9009-b5660a31e445,0x9c573c0b0ce46f09d3fe71c2f5fc7c1ab6e097a0b7b4298817f99488482cdac6,0x536fa49c79c190b824b6897ba80d93065b2643fe,0x02f59b44452afe277971d0e2f92b9e40d267e3cc,159.965043,USDC,137,51693101,2026-07-01T04:00:55.032160Z,0,3,3,0.66,1,68546.10452148851
5ce0aff8-c361-43b7-92e8-4eebc157a6b1,0x91f0080e90d624ff2ab1453f4a7805ea658e0da25a344f259e98e7a58c71c547,0x4ebeea8c9bc592723a9d10e075e671b24c872ff0,0x13e617c959e51d239dfb23cc39122cbdbd56dea8,958.88165,ETH,137,50915143,2026-07-08T05:04:23.032646Z,0,8,1,0.862,0,86203.65708311352
e40dcd0a-5159-4b51-b360-997b3353d86e,0x5362bece0035f31b49e3d2344c69fbf121c52f04545cbe700a29b0c2d874521f,0xdbf6d7b49568909550a96ba48cdf1c8a7fbd05ee,0x7f1b0ce5e9d9ba949807bbbf90e9fe1d75da36b2,713.267668,ETH,137,52542792,2026-07-25T21:47:20.034696Z,0,1,4,0.601,0,56046.93284370918
9a62b568-ceaa-4a7a-ac75-15608d574fd2,0x567f467a9dd5fbdaa2d2556cf236797d62ba7050955670a7b78a7dc4befb52be,0xc2020603adc9b8ab0c86b2dff604b0a397d10b5b,0x6a9e4b46046dc818dcfdb2e885a11840e61c6aad,278.71042,USDT,137,58786209,2026-07-09T11:42:59.030450Z,0,1,2,0.311,1,39794.5097253038
819d31ee-56b5-49d5-9542-c890123a2765,0x7a097d244eece2b671841b1ccc88f162546fdfe59621648f161eed568bc070fc,0xa6c399dd13196c30a370952f0513ea29e18e41ff,0x8bc62768f8b46431dc02b975e6fd1ac6d83b7692,207.734845,USDT,137,54255612,2026-07-04T14:29:25.031668Z,0,8,3,0.549,0,26569.053256935862
da5d8a14-0709-45cc-b027-f752dd384218,0x337f2b12f3a11e59e37502b4f327c71143eeb1fafb450d79f2180a4371ab0fa7,0x9b31277a15097e4e16a2dc59a2a0595255d91032,0x6c3061122b170984dc46a153bce6a32a39d12c52,756.419437,USDC,137,54433731,2026-07-09T08:21:30.024580Z,0,7,1,0.42,1,34889.839529057914
4505610a-c031-4f97-8f61-d9a9d1ce39f8,0x7e726272c095b18a5c1526fed68e9fd5cdb97c9fda505abf46caf14f28216763,0x2b87acb7f858c9297247e5f66cc9d26778efa02c,0x329eede88eb941bca3c881989ebc616231f16bd0,150.652694,MATIC,137,54727937,2026-07-05T03:30:48.029748Z,0,8,3,0.701,1,63571.26108319982
4e88ac05-b385-4f4e-9254-4dd4d73dbf1f,0x51adc3e6c1b11c915dc859d444959ee93306ebf97792036e1370b6ced6d5a494,0x697a2d692c233fe90fb4dd5172149599395a8f13,0x790f33074c4deec2326402edb7ab839cad96bcdf,353.723181,USDT,137,51324989,2026-07-25T02:43:18.032216Z,0,5,2,0.799,1,58924.52051688231
5b74d838-2483-4c5a-84f9-2360066d646d,0x46cd19d7fec34cb98a16c73f65b5f13603d3caf91c8aefcafb933d152cf35347,0x28966e554f979e8331635c372b0404fae8db9c28,0x7b33ea508e636bf27c2ed824c477f779ae995f76,67.575334,MATIC,137,57100465,2026-07-03T15:43:23.035332Z,0,4,1,0.991,1,9906.14106032584
f3b8aedd-bf4b-45b8-930f-32edea57b021,0xf9732b7e3c4657589c67f281e246fadf2122b747e5247aeaa6c6f29e841c4d26,0x4fbe1b2b2fa0d43f8b50fbecdb91d5b2e6036c0d,0x3a2a8a03e27495a5c9589611c382ce530730b47d,205.228414,USDC,137,50678200,2026-06-29T17:55:57.033151Z,0,6,3,0.501,1,69666.48289909268
145f153e-d35e-4414-b81d-1360e9d3ee83,0xdbd67886a16fd4e5f3ac75ff38811cb36c3cd77e6cac3412a7f07664a9ad5c50,0x825e6ad9751eff1d121ca82a5dcbe79538414758,0x77bc858f25b641a49173ad312adbd79a872c9562,996.275457,WBTC,137,51262411,2026-07-01T21:44:40.030843Z,0,4,5,0.848,1,32273.77704153753
7589f9fb-c71d-4191-b41f-1a5e0a45d6f1,0x45def34a8593964e016f722cf9b682f36457f244d1390970d45b1ac7274a0bb3,0xba5339574d3e1d1c35f5e6e0156a3e81d2a2b6f0,0xefc06704e7a03e69ea69d7991399a6eb93f9389e,18.212501,USDC,137,57364915,2026-07-08T07:27:29.034208Z,0,5,2,0.999,1,27010.100551955464
28d51969-5727-49e3-95d8-c8dada12f742,0xddcc522dc30809f72223680ce2e887c0e2c9cbf7dc15b80f751e222247b14e5d,0xe1e9fa968f0f69e9a113ecfd0cb30a02a341674d,0xeb9dd015d36e294305ca027442f8db2ebdc62739,676.653849,WBTC,137,55291737,2026-07-24T17:18:02.034185Z,0,10,4,0.882,0,26918.225656716466
2096e5bc-9c66-4524-a6b8-b66c49f4862b,0x5463af33b9915e62c72d847bc5c95b881f58d6bfa1f653c045e37e0bf935e748,0x74c918e0a9c69c8e6df4743aa1f8485c4e20e9ce,0x7f00f5486bb154687d9be306909007317a5003be,1971254.186549,USDT,137,59154626,2026-07-26T12:21:41.035578Z,1,166,65,0.393,1,31.182448277444593
893627ee-ae41-4a4b-b612-229e152e0e40,0x4fc06461cb03c1d3143f45cd83e1fb1f1d0da357780089a2755cd12d6519b78f,0xeee9c458c2b7ace4e33a220dfe58ec3b56b2ace2,0xef1d7c0227eeed0a9b0a60d9c9bcdb51e022e296,711.797841,USDT,137,52560394,2026-07-13T17:44:39.029240Z,0,8,4,0.632,0,38047.18530846259
777beb7a-e455-4b48-9ed0-9863a10f2c99,0x52f102b03e226e41a11826382fa36648aa31ccd3d042f29df03067f3d5c8423b,0xaadd0a95ed71959e6bb848539debbaded1bc2606,0x8f45b1d91453b98e627e37842e4a8197c80d8bab,463.15519,USDC,137,51689572,2026-07-25T01:11:13.030247Z,0,8,1,0.785,0,9051.648512071248
54c3f43c-b2ae-4a0c-86c8-e255220946d0,0x4c1c24fe386bdfef57ed112c140905885200094b68c7b0b0b5d76ea239eaeed3,0x4678978af78de3d6de838006430d9718c32477f1,0x4ac3952f3fa009e1ac9a4224c42a26445dd624ea,470.778676,USDC,137,55582068,2026-07-27T15:46:43.028350Z,0,9,1,0.584,0,21590.591514171316
bec4344c-8b7e-4122-a250-5d4b0d269261,0xb8be08e5779c9f40e5a390249dc638c321fbbcd2195723cf9030d1c31c842d88,0x70a6a25a931242407020491e104ea3920f4b1cbf,0xca0851cbff142f7e5ff2f3a87a90a3b676033cc1,891.288288,MATIC,137,59035174,2026-07-17T04:56:03.030978Z,0,5,2,0.708,0,67433.94473177433
e5ed3252-b678-4882-b392-8923a4473d24,0x60ed55b4aa838113831ea3360c5179c0d2186471ea43345b28a7e1073262551d,0xbb3272e195a49d4ec13ea0b597f458b1eeb8922e,0xe8a1fe28cccea146f8b5be7b3c08a90a8da028c1,877.494749,ETH,137,50318207,2026-07-18T06:42:15.026173Z,0,4,1,0.912,0,58577.41379551026
20adbc1e-2948-4571-934b-b053b25b08b0,0x9c6d03bf0c0f22354aa2a7511b035e8e044a5776c8105bb321bdf8f0c1d011a9,0x08c36fbea0802be9d272b135b8ba65745c283d3c,0x82280a253ca2fe33c969abcbc994e99be57c3358,307.322407,ETH,137,57902225,2026-07-16T18:20:09.025292Z,0,7,1,0.867,0,3539.123989605673
54dafa32-5d79-4c84-856b-eb9a981b447d,0xdda4cc5e57df832b4d29dd2a04bb89adfbbcd0202102e02e5f85e9423e7db290,0x6f8e01b397be9ae4cecf759ec8761d21cc73b194,0x5643ea251f8cf555f8ea2d8bf3703cb39c7da401,126.92087,WBTC,137,56633790,2026-07-05T18:17:55.028865Z,0,2,3,0.686,0,61609.015987905936
ba14bcd1-20b8-40e1-a32c-342877220172,0x97b8626c8d4b82b9ea10502871e72c9d42e66f14d092f3866a2512a5d38f4b25,0xcff7ce5fc38019506a650f6ee537cac10c48a2a8,0xf823ca50b27d43f7df3560a3d24140daf60cf038,945.047518,MATIC,137,50531854,2026-07-16T01:12:23.028820Z,0,4,2,0.431,0,67275.89498589045
99dc3ddb-4c14-4031-b16f-41959591d895,0x6d98806cbed292f58a3fedbdbb677e7cfc7d58e6e340ed053215bb4c1ef90c7b,0xdba30ce437978d63d63f272ae63ffd2b345f6d7c,0xf622680f8588bd8a64a06955a38095c648eeacf4,540.102051,USDT,137,51083103,2026-07-09T10:14:41.026856Z,0,10,3,0.333,0,68293.0682222895
1efa31a9-c3ff-4060-919d-1fe5e0b98cc7,0x987d9066e9b070aa8f1c13f70eda80c92d52d08afaf4898bba57b5e7ef8dc4bf,0x01494705fd4b3465fe4a08078d0b172be73a605e,0xfe0cbdd974f24f33c3a1ab42f92baacb938e535e,300.232744,WBTC,137,52797849,2026-07-24T16:51:40.032602Z,0,7,1,0.784,0,14926.00282170854
18ada74c-23e4-41cf-93b5-58bf3388f80c,0x4d1f58eca7d0c72521a202111a873e7d12dbd27e6764dfcf78ce4e1ad379f31f,0xda168930d439ca00996bada0cfe4a91eacd82104,0x1464402088e61e16647348b3a2a64c3606fd6f89,168.117637,MATIC,137,59892127,2026-07-02T04:47:12.032888Z,0,6,5,0.703,0,62827.41526235361
2cadb040-f153-4d2d-a9d2-9ff4520196fc,0xc2008bc335b87ca797fb1fc79f0325a45fedb635bb1e109992a4a7854b139e6c,0x3ca6f65496eeb47a84b5e9b1b94c651759826735,0x8352ba5b90373e2d54743650ae3a38a2f59b8f03,955.914558,ETH,137,57276551,2026-07-18T23:11:43.024896Z,0,4,1,0.465,0,14597.947746737364
273c52bf-baaa-4771-a683-a4de0b5a1482,0x247ab69fa14136d555036fd44d7833b016f53dc1e6e5a660ccc235f543a273b4,0x779528de5d22342defa6df133110f7419e40cd4d,0x1262a0019bf7bacfdb5e01718e457984d39d4cae,289.126404,ETH,137,53118364,2026-07-03T19:50:38.027492Z,0,6,2,0.398,1,18341.835939598295
93446b03-aacf-4d73-a638-c8b11719df44,0x6da0cab32233efffddc06e89ff35c41aa7f2f32fb264601f07861d516425cd22,0xe35d93bbd2a4e63f29b229946b782a84ff10d8d8,0xf8453e137147090bbf39994d439a3c8ee83a4bb9,983.532595,USDT,137,56386438,2026-07-24T12:39:25.028843Z,0,10,2,0.892,0,59985.92299101593
0c023d4f-da27-4c21-940a-7f9e29f6c946,0x6b6cb3bd3bc0ca7c8108f935773eafece5d62cb8221d2f2fedbfaf797a985544,0x6abb4cf6d00b16fd23bf1456a0c894b101aa2dc3,0xe4ca9ea7106417fd9f91b44e167915c4fdee4f35,845.23206,USDT,137,55401010,2026-07-15T12:14:22.028532Z,0,8,1,0.967,0,2160.1076891429298
39e87c85-468a-4eb2-827a-3bcd70be300c,0xc575f386f1ede13f760fe61189a5b995df121e93205f326db1a3f0cbbaed9d43,0x0af5fba896e6dc952a33e40f8c62495fdb526f26,0x8102a4d6c3cbb2b398178f9ecc622380aa0bf087,193.248467,ETH,137,50084704,2026-06-30T11:52:54.029521Z,0,6,2,0.947,1,66961.68030752898
d19b17f6-2b18-4f49-9d9c-25e2563142f2,0x813ff519e947baa91967680b33cc539a4e33a9a02e68eab780a08fce440b6eb0,0x4acd129f00d9c030837c45751cb0eb54cad33d0c,0x1142117627dee4c27fce8f498592174a55643590,875.610589,MATIC,137,57750213,2026-06-28T21:21:39.033952Z,0,8,3,0.648,1,52301.073646387464
3d53a075-36ea-47b7-b583-4d2f4a6a2831,0x1b3baeddb317c1ba4ed931af4f0c255c7a938b6b909dfdb2a382de880f038557,0x45947c8a6362c22128730bd083e44a5228cd2bab,0x29862e219d7892d2dc8ee01f246bf47112cc2c2c,846.809618,MATIC,137,52317942,2026-07-20T05:06:04.028717Z,0,3,3,0.926,0,27177.16717429546
4a1b7bd7-9c4d-4bbe-b367-24ccc8115e7d,0x194acec84f71bc5dbc6934497c638236121cc86f9d5144599993ccef6deaaf72,0xbd5b5fafcdcc29753d663fa64c308d60b41c63f2,0x97a242aeb0810bec423c88274c99a2e30b688384,938.093468,USDC,137,58178493,2026-07-17T07:05:17.032668Z,0,2,2,0.463,1,82330.3698246735
d7908cd1-95be-4408-b20f-e13ebdc75756,0x81bddb4eb8cd2a8cc16eb90bd944421e206a8ef41f6f9ab6567f5b1936b90514,0xe8a6529cd91d7a2748f741317cd9afd72c2ed6be,0x8e4b713ca3330ff04f00f181a383ace73a611a49,60.015258,WBTC,137,55779266,2026-07-16T18:53:42.027574Z,0,9,3,0.935,0,51890.74799778468
2b5a4896-6a9c-475b-add0-01926a32d023,0xa0a096739c050f4e48d395efee24104ad77dea5dceca4f6a764d63e6a46479d9,0x4a1929573cbd20911fd7584c047dba732f347c2d,0xdd17450657511a7b9df02e0b4711666ff4e5ffd7,39.362666,ETH,137,52951845,2026-07-24T02:45:48.035012Z,0,9,2,0.334,1,75133.21534646851
3921c693-8dc3-46aa-8090-a0a48d3dcd37,0x4e2ab218fc06155eb805183c49a0eded103b2a0944926564b472180dbe047875,0x35dbe45bcb00e0c41a4e75fe5fa2d50e2deee591,0xc4846f5af7ad9ed1e19d3d20b2a38bdb84f20101,710.945449,USDC,137,50264190,2026-07-19T00:42:01.031078Z,0,4,3,0.463,0,42854.67855892938
dd5859d4-1ce1-4696-a25b-53c3916b4741,0x3207c52e3c528d5986b1df394e8f5be958c894c07c0222367c0ada855dbf5558,0x80cf78b501ac4bcf14cd137938283392692be4b5,0x249f79b419aa6e7823b7f75ba9966c2cef3c21e1,3979402.175471,ETH,137,57607299,2026-07-09T05:16:49.035558Z,1,81,19,0.532,0,18.306284994705663
d243956c-506f-41de-b61c-ad3491d12e4b,0x3591c4e3c99ea2af9a96d47e085bcbd82002f78f070ccbb1eb56015090a741eb,0x7318f5d65f3206a9865b7b6e4cc49176902787c0,0x43a273800aa63e1f09d38ed234d6b504c1b9a4c7,636.588696,USDT,137,56234646,2026-07-04T17:00:55.032386Z,0,8,4,0.587,1,48010.17476386487
cb194987-97f4-4857-a33d-36419c8b00de,0x5f951a599f5ff0ad2c2b43dd610a02272ce2f209a4c860337b98f10a84abc2ed,0x48c7ae6b40b716eba9f930e26ddd7094f00cea55,0x9c326a5361635e6775aee237b8811ec189af13bc,325.991695,USDC,137,56451375,2026-07-06T14:43:28.027161Z,0,2,1,0.96,0,31712.63004030949
2749b9e1-8215-47e2-90ea-55ebfacc972d,0xc131853635875e25bb169298065ee6212db052d31132fae2d276051c695e2cb5,0xfabbc9335866c544c5a3affd0e058b677758ff04,0x44fa82e28cdbf652d2b03769ae660fab0f7c772c,468.087737,USDT,137,50673320,2026-07-26T12:17:32.025519Z,0,3,3,0.371,1,40909.582051242534
5add41f5-0aaf-47b8-96d0-71d80d6e9707,0x4d425267c8d68cb9b69bb5c247243f10f2c93102e6502f99af26e9052d5b3a6f,0x639843c9603e7116d63514e2cb2ed8a33023daee,0x0ceed17fbf96ae7531a68f5aae90c0af670ceac6,207.08401,WBTC,137,55136817,2026-07-23T23:45:44.027955Z,0,4,2,0.959,1,59060.33272456557
e5b6c67f-b6df-4347-b142-fa6baacb1bc0,0x90887e251e0e950c3453b69c53337c4f8b6f30995a64afef0ed0a01e11affa32,0x90522fa132f843084d8ebdd44f43cf6d505bb124,0x68e5b1a1350f6ecb2c74049caebf3c83bd837728,215.956048,MATIC,137,56123556,2026-07-27T17:14:16.024025Z,0,8,3,0.768,1,82507.07805155241
ce8f95d5-5b99-4fa8-9276-376f9b205743,0xb48403de4fe5ce968d529467eafadbdc2024acc9884469ca9696eeef7c73d5b4,0x0c105c0984dc115587e312e969dd0a4b920765fa,0x627d192d759e55e162380c10bb3664740d9e4607,4627186.512136,USDT,137,53268383,2026-07-07T06:01:43.035822Z,1,144,10,0.944,0,17.561336542011865
acd24b5a-ce65-429b-b820-7c0da7faae6a,0xb9ff651ab5823a662824b01df65660bedbd05f37bbf28172895eefb4fcd31304,0xb93e0f4596ceb092d85a8d6ca94948fdf4589676,0x7344795291b783dca4c6ea43f3d2bb3385765e4e,861.721711,WBTC,137,51617863,2026-07-04T15:39:36.028006Z,0,9,5,0.761,0,5385.877640614658
77cd1ded-e7c5-4644-b8c1-eeb8fab663cd,0xf2419f794345f7190362b2d5ac3c4c08fa0f3ef7576f9251d002fb5c23ce9020,0x800ecbe0c8834b81f9d52afe565bd59da63844ca,0xb95588b25bf6ddb6082b16e4ec062dcbd618879f,237.18433,USDT,137,53734256,2026-07-03T03:08:57.031295Z,0,2,3,0.798,0,63247.574859866894
1b04a259-e17f-4dd8-a62a-58f6f7c23ee7,0xcf949072c372cbae14e2b0aa3f5aa222ea5539697186bf91c14d7c13aad7503f,0x6545531a4c46f7d29fc71819bed6270a8ed23143,0xae3e00667e56dbbe60a6d1d26e08dcdfa24976d7,192.805852,USDT,137,57243353,2026-07-02T13:43:44.030989Z,0,8,3,0.565,1,79353.86616592294
7fbbc6d6-ac4b-4d05-ad3d-e03a8ac66084,0xca0b6d49b67b71d03e6bf1c971a4af116ad39cf8dcd45b14d515b30e29d01d50,0xc3d569fcb764b313d668fffd395e04c18d3b3b1c,0xd546607b76ae0e3d7b312ea9ef70f6519a6c9451,738.989065,USDC,137,52329291,2026-07-25T05:42:29.033242Z,0,2,2,0.773,1,73447.44075396411
028821b6-4247-48e8-8b43-cb97b8327812,0x4ad946b0a4517f3d77bd476a338664761e7ccd2a9891e2761b84299e67748ede,0x0f4b3064195b8c7cf5dd6d3684112db9c74204e0,0x01291b6be833cd0ba01edc82c13bda6d47a4c772,567.911722,USDC,137,54708132,2026-07-12T11:44:23.030486Z,0,8,2,0.778,1,34596.581862244966
206db6ab-9a13-4131-ba54-9aa36487722c,0xac55ef696425dc0a666eb6c98087c79064276eae673f62849e682c827f24c209,0x884ad5da34904275a85f8b0503c9533b51d0ac10,0x46b1be74581c1f32efc64f59b05182e428f9dc6e,798.127002,USDC,137,51927288,2026-07-25T19:45:04.027447Z,0,6,2,0.313,1,54952.423087891526
ed50cb45-0c4b-475f-8688-17bbece73cfa,0x1f903294f669405687d329a6843c1e685953cfcde4de9fdb8f24e2da62ea7b52,0x50fb96a4c74462b5c58db159ac7fc6cd3f43f02c,0xd2635b9dd1bbd9d37c739e4ae8ffdfdd12e5080f,147.664303,WBTC,137,52993174,2026-07-07T00:38:54.024349Z,0,10,5,0.943,1,14416.952939143905
24418079-369e-4622-b747-eea8cc382dc2,0x5ecab69287ca9163e9d5611fc2d3d03f3417f348efd2b74eed1ff99e074c9132,0x496ead95eb1144c5e27344ca5366b3015dbdd603,0x26a2fdbce764ddbc33a7b5b491b1cad6852557f8,844.799783,MATIC,137,51867804,2026-07-22T06:08:38.033264Z,0,5,1,0.438,0,57748.91086680211
5b2aa90e-e062-4a8b-bfb3-b436e1244323,0xcb31249b63eaf72d93c1a37b47849be8de9b9d2c6a9e78b496acfa0d8399517e,0x36183c2e1a24f4d8342006ae35ac148b794bb4f2,0x1c1b06564b2605d1cd9982c5cb0198768d734279,289.914706,USDC,137,50629674,2026-07-23T13:11:18.032657Z,0,8,1,0.53,0,78311.69902975051
e1301725-e56e-41b6-9714-29133a5e30e6,0x7cc8861a49449e2f604000e083598cb0b1a6be5bc7000d7c4c78745b25c4066f,0xb37ff076e9322833f3865f1253ca360a124de1dd,0x6afcb3eb45eee458802022d6bf5677c28beee983,161.908219,ETH,137,59920178,2026-07-16T10:12:18.031834Z,0,10,3,0.752,0,46145.20641365654
7b059fc0-8a5d-40e5-974f-13880f628be8,0x798e69566a91f0ab242df78e18c1d54e40c67c7df1e5a2df5948040a7315102e,0x81090e826f9a48d1f331bd554652c1f37bd837ba,0x3a8282069e2c23e54d95e6e54ea1faecd717b4d4,405.562885,WBTC,137,56186334,2026-07-13T15:05:00.026270Z,0,7,1,0.537,0,65082.688839166636
448337a0-9a18-453a-94d2-bceafa924c8d,0x7c7e14a69bf0e6275e730bf101733591c9349a53e5623d3ad9beec1b770be396,0x2576c9cb1dbb6952c47682a423431704e0a0f0ad,0xdee962b0f837e68c38e1e9ebe56695b7861485cf,805.86233,ETH,137,51823802,2026-07-01T03:29:06.035080Z,0,4,1,0.85,0,1830.500417830062
084e6282-cf0d-48c5-891b-512c13397262,0x3ae5843ac990d5170e23b5e34bd6982e9a8bc0ba1721023569e19e8184a1c5bf,0x06d72a94ab591f40d0bc5fd2aeab0a7fbdcfb4ec,0x8b168bbffbf0a7434c5e120085689afb13710ed2,833.231291,USDT,137,58904246,2026-07-08T01:15:33.027023Z,0,5,2,0.538,0,17633.403614356885
273cb16e-564d-47d2-9f46-1d884f623797,0x583e251a60413a750beff990a424b71ce55078edd451cfdc3ec3327415ecb89a,0x28f5bd5163bad6743ba0866749a3267d2fc54b4c,0x0ce9cc490158d34b8a050e21c71d5749ed59c190,696.70765,USDC,137,54443255,2026-07-23T20:29:35.026892Z,0,7,3,0.919,1,69975.90659440047
29bb3f4f-d335-4e4b-adaf-5d929ad4a6d9,0x0bb8a01d164f30a65ec0b623d36adacff7e08179c2fa0cdbf880a6b3d188c370,0xd95fc66a66d8e31b002b97644e3f44f8d0ce9805,0x7d9a7d6c7680d4dc8fa88e6fc5288cd333f5273e,518.193896,USDT,137,57624590,2026-07-05T15:35:45.026040Z,0,5,4,0.82,1,31322.321825466213
5e4512b6-283f-4502-b782-f6f90ce48c48,0xdeadfb81cb1745b89fe55472a43cfbe52c2155a1761cfcbf6ebd41d60137b452,0x3cec916ba967086a667354d6d2d05d55a7da7d7a,0xf6df77fa1c0f695983c34fdbd1eff860326d0e5a,410.108009,WBTC,137,55858201,2026-07-23T07:55:27.029589Z,0,6,3,0.689,0,79865.2727068582
75c00acf-5edc-4f76-a346-c05fd4f37e9f,0x92e8812c2c71234db40cc1afc1a393a65e3ecc845b2c2fc60592751c69833900,0xb86570644ac468fa0d158f60ba75f67fd455f2b1,0xabb283f576a99b21511a5be669425ed13a80d000,545.870518,ETH,137,58617800,2026-07-06T08:52:56.032512Z,0,5,4,0.327,0,27905.22683288529
0cd587eb-e636-4eed-b851-3e226c64253f,0xe3e9d9ac296d1da31bbdad3d7032900395453c38ffd812d0f997c1940fef30fc,0x485f86c897bdc4c6e568d8133035bda8c012b318,0x2a99d906cfd2f1c526a9dad8de2176b7976b5e96,114.270803,USDC,137,56147945,2026-07-02T08:57:48.032285Z,0,8,2,0.522,0,1751.8624842550732
0fb6ad1e-55a8-4b13-b0d4-9fcb0b9aa7aa,0x533d274f20ac5012a67a081137fa981738a6020dc9918497b449901dd7e3d153,0xf4396eb1903781579cf02a219a9961aee1a705f7,0xa69280995beb0565d9f96e5d73b11c7fa55feb43,775.929172,MATIC,137,57804574,2026-07-13T23:09:38.032822Z,0,7,5,0.767,0,49331.14933792467
f1579b64-1563-4ec7-8e83-d1cf5c4251b2,0x379411e60715fb66f75f06a6db1496becb7385102e04aa6c9109d5f121f5a812,0x072ea3a50e5340b6364eee2fac82eabdc9833b30,0x0a200085f39f85be3f6d5fc00aa406e77f9e1473,122.864414,MATIC,137,58536858,2026-07-10T19:25:07.032138Z,0,6,3,0.899,0,16989.481768017493
43ccfd16-8e37-40af-bd92-a6a667221b4f,0xb266f43549d92c697389fe0abe22ee9f3b7894847156a293dee13521d221c7b3,0x50d252e17e89ce5a84d0a40ae818b63489a50a30,0x66df6f723f15c7e5dd3d6a9b8a3b1f244b4049ce,2975666.036643,USDT,137,58238714,2026-07-19T14:53:50.035691Z,1,16,25,0.782,1,46.95196695137632
cd16af28-a6a7-469e-92b0-a452bce792c4,0xf20243a1d03c7e0bc6f1bd2e41f0aae7562d494c82a60623ea5bdfd7117e130e,0xc2f869115d532454904510f6400a3ad2b09d42af,0xf9da93386fb5ebf92781b1a9224c601efe6c415d,743.324536,MATIC,137,50264002,2026-07-17T16:58:44.030508Z,0,7,2,0.528,0,64292.407166741774
05a85365-7343-498a-8b43-ddd85fe72c37,0x40f11b5b2816ce1663d873a3643587daffb06b2d26883b6747b86d51f16ee6ea,0x2e3b9cb08ac51c9d3d8c75cd60cbd2d864e7a41f,0x8ae3197d583ac173dff88160cee4fd1aa40da34b,16.206814,MATIC,137,51067191,2026-06-28T23:02:38.034063Z,0,9,5,0.493,1,5545.679560401651
93fe4afc-b0fa-4742-a3c5-8c50c2df2d3d,0x8b11427d2e8da90f406103ae5a19a867f13f10622497d27394fa57862d1335b4,0xd24439878fa3a4d1939998a4ee884f6ea6871918,0xa9bc26782ee5df7843f3080ffdca9e5e55e8a64f,340.585581,ETH,137,51563020,2026-07-18T17:53:44.030956Z,0,4,4,0.496,0,7711.373421765386
f22135b2-7cde-4c80-926e-e9de4d7eca50,0x03cd017040ed1397c1f2d29ea164d8c29cad27e2d0879757a5421908c17ef7ed,0xdd5c38c9e687c22018bd1d30ea182f83f170e1c2,0x160958c8bc95ace578bcf7c303bc2916ac90dec8,210.339647,USDC,137,59735541,2026-07-17T08:03:39.032363Z,0,6,5,0.336,0,79022.05870398841
8bafdbb9-fa88-4229-97c5-d057ca3732be,0xd482872afd41e9484d5cdb534b7afad9df8fbd5027cc074d2ade807243cc1dad,0xc2ac454f6bcb5078536e771680c0fbbc2b93aed5,0x1e6cb03b19be45ba950066a5bb2cbf67c6c8653e,602.951473,WBTC,137,59033992,2026-07-16T20:09:10.024568Z,0,4,3,0.608,1,16744.65019677653
4e8f5dc1-d4cb-4028-a7ff-c681e2c33860,0x26a008e8b84365272b736e79d62359c8d2dc0f9fc6f2a34615399cec6d5b716c,0xabfe3e41482226dcba8e0f62eb0ccda3eea7f8ae,0xeb815bcf22bada1cd49fc221236bc6e16340e6f7,839.957433,USDT,137,51922441,2026-07-11T01:15:53.035057Z,0,5,1,0.943,1,10946.70636370691
a1338a9d-b7c6-4661-8f62-60547831b435,0xcf4dcc5e46975e85343af7d218f6becfa35347f729ea93976e8b6232d1358bc2,0xd5c20275595f03a58dd5495f50450d89ace3eeed,0xa8d10a82fa5dfe8e73c192d2c129d6205082d7c7,637.328035,USDT,137,59314382,2026-07-26T17:18:35.028729Z,0,8,1,0.842,0,54313.66729312803
2aa30011-5639-4138-bcbb-6e9e7dfa41ba,0x72c86bf661139d00dd13c5f9abca0d1bfd4902853828cda52eced11e68176081,0x4c285566a9d166b76eb16b6c28e44632d344ca5c,0x020e1cc1653edd488baa4e32b39e4dc6d2f5a56f,110.917642,WBTC,137,57631398,2026-07-03T10:14:23.033997Z,0,7,3,0.451,1,50996.043736130676
2d175113-567a-441e-a033-2af80c7938e5,0x7253935cbd060a8897d8e33d6b1e6f4f20bb39ae06181be70d24ebef6caf80c2,0xce0b75a21beed1e69953d62ebf1e57d5f6ae86b9,0x219402edad9f8505075a5c088fb7c5cebf1b6d40,963.569325,ETH,137,58030836,2026-07-15T21:57:52.031475Z,0,1,5,0.303,0,79237.8589865566
54107751-22b0-4151-bef9-e863e63de5a6,0xc444fbd15bce842403b72785b8c906beb79daea337215ae76d6bb8504c3c0f35,0xf88e5a473ddf2e461f6faf2b5ef50735f1fd1906,0x68a14d51b6d54948224709f9cf42df92f29b285a,874.622735,MATIC,137,57118430,2026-07-27T17:45:43.027263Z,0,1,3,0.488,0,28575.164188976327
52dda4af-8288-4ebd-8e04-144f7b3e6d7d,0xe04a703301fd1bcc0a3b594fce8d3ed112167ca7f3d881dd423ccce42fdfc088,0x4a562bb594783e1874619295a9bab2ca32842cfd,0x96da4117ebfe12ed8760dd564e52bcdd926145a5,236.440954,MATIC,137,51375101,2026-07-05T15:25:22.030350Z,0,8,3,0.562,0,54289.45515354231
f30d782a-cae4-4d74-87b1-1a0d482cb3e0,0xdd5715e38d155cf41b938e92ecb60a6d0c77d4b79a54f79e739e38797cf222fe,0x5d5045405babe51b83b43c7f0482dbab2ec98e9e,0xac97d29ea09cf08db2349f1d0b230d8c3ed95219,520.566136,MATIC,137,51753824,2026-07-05T15:22:37.025992Z,0,3,5,0.391,0,75850.1079897441
76908e78-c1e4-4600-9e06-fd9988142e43,0xa8619fd0c5a9e35600d5ab401323c72c2d7c47ecab78d3529f549b62685d8b44,0x51f1448e4df5200de3a3588c15e46a6d996453db,0x76d916d9257a0a96034d682af0cc87254e8a0268,2139071.050395,MATIC,137,54698907,2026-07-10T22:29:54.035994Z,1,138,40,0.536,0,59.56578035512872
12241158-5059-4087-9149-7909a1589dfa,0xe292c0c7e955c47a04a92f0c93b8b51029e8052916cdf62d7138a2a88c74aae1,0x9651bb4bdaed84dd44019fd072b7273d68c71714,0xd40f66488a6154ba10a0b8fd294b1026a295dbdc,837.163894,USDT,137,59345776,2026-06-28T22:04:25.034571Z,0,3,2,0.374,1,49690.40603522426
3d5d5c43-dabb-40d8-8267-ea0219a8ee17,0x982ce06a0d5d4263527835a49e508cb0f8f176afbe7f96dcfdb9f345865ba3bc,0xfb05259c650cfff8912d3e3521958ab6ef0e10a3,0xcf27c16cc2f38d63e3f7a26081207f05ab23f495,821.163779,USDC,137,59805173,2026-07-19T03:52:50.028831Z,0,2,3,0.602,1,8968.030982733055
6cf5956b-af45-48e9-8b34-4da30b4a936e,0x280bdeed5ad879b9b300df5dc7006096dadd11bac6d04305c199496df8714a61,0x695904ea5e65a6622a02bda9478403154ce36324,0xa42fd6f96998198f4085665a1f025740df350cd0,986.820149,USDC,137,57480751,2026-07-24T22:48:37.026222Z,0,4,3,0.895,1,12467.864875682339
d2294107-8ac2-442d-9195-e0b7f26ff189,0xe00d3d1192aec882a479dae68cd045f7ab5b5a6c161965b90ee0df1e492736ed,0xc57d8143ebb8f9f5144ce83b64cbb94cfd2b80ff,0x4db2880168bd734dd0b891f6df481d321558834d,153.026619,MATIC,137,57534950,2026-07-23T07:41:29.034606Z,0,3,5,0.694,1,29980.424724159675
9bb06347-fdc8-428b-bf7b-69ed5884915a,0x8afdc8a7581af34ec2a218eaa7dc4c3fbf48532d59b0e715bb3b8d5288b6f5d8,0x65c10e6458d9603fa722784eade52162b10e0287,0x43120efae6b7517dc37bc8c64e6927d24898e383,116.202224,USDC,137,58395747,2026-07-07T03:22:49.026258Z,0,7,2,0.781,0,29069.636693572946
992e602d-f4d8-4320-8af6-36cbd9c92468,0x7f480bd7690a25d505a09d64a6ce8b8a3716694eb4c38feaf348021c0fbff1b0,0xb566f7bec91dd33bbcda20476b652a8d2627708f,0x50b1186452331606a3729bd400b9ca38a0bfe849,292.129515,MATIC,137,50515817,2026-07-18T12:34:18.028774Z,0,10,4,0.735,1,63419.51340733747
0af66be7-265e-41d6-a839-52113b8bca44,0x8a40219840eb21e0ddf0e6766a071c57dd0b1f522a4addb25249389bd9fe97fb,0xdd7f03c0cb72631df7f426b0c12c5e472d2b9e3f,0x332200fb2aca11c5e8aaf4425db9772a76dcc595,692.701479,MATIC,137,54418876,2026-07-17T21:14:18.025884Z,0,1,3,0.832,0,40342.7103865513
33d9239e-b7d6-4884-9543-65df8bb8a93c,0xd70b0c37e7a12f3225fe1dd596527f12155585e25c9f7e9e292ad47b586216c1,0x33f26e6b7676a3a63ccb1d13ca37b3e8d3ef6207,0xfeea77ce501203745744c8d50574a555027e7ffe,449.662567,USDT,137,51127100,2026-07-05T23:54:41.032251Z,0,2,3,0.987,1,64833.47459104616
396e3285-27ad-49d3-a9e8-dc2906803375,0x9b86c6fcac3fecd1be1d72e5cbdba983acb70e38eab0e928c233ba797c2964de,0xef80a7368fa7f36fcce8284457609f523a84c46a,0x05ae5b9faf7a3724f6d4434ee2575ce72672e7f4,946.183533,USDC,137,57635310,2026-06-30T00:03:10.035091Z,0,6,2,0.647,0,11715.382908313753
fb1dc13f-d1cf-44d4-837e-21c229d293a6,0x6e5906aacd86c2f1e868a931b04a3ad2a05f9ef74422e681de68c2259492d194,0xb34bb950170754ed6863da7eece6e297f7ebc6ae,0xaf6a617e74dc948fe9b64d4bd658d31f1bc2fa37,34.44665,USDC,137,56972011,2026-07-07T03:52:28.026585Z,0,9,3,0.762,1,27602.773450263478
74cd4c38-f787-409a-b3b0-ec0659d10d67,0x565fbea44c5ea02fe70613171af6e363ee558abf1b1c2f9afc96058c1112c60a,0x1908e52e04106ef55cd27963f18ff4927dc32e58,0xd2e54397fe0d6876b7e19b72854d1b5c6c4c2dab,384.541756,WBTC,137,50742730,2026-07-19T15:51:14.025932Z,0,2,3,0.616,1,51874.58039099621
9de9f175-27f5-4311-8c6a-24d2201497cf,0xc5f4300d69d08e026b8c9920813118d363c133b60e65c5bfe380faabbfe8d939,0x9569bca58ffaee5210ed034972add909548e2968,0xb5fb98f313487b46d500f34ffd236183e83be678,334.320081,ETH,137,50609915,2026-07-24T06:51:10.028475Z,0,1,4,0.874,1,47086.91346823749
a37f7aad-963d-43af-b34d-0fdb0d47c4a2,0xad0113db7d4419fa9ff7af015b9cc44f726def7a697c263b5ea14e7672288b4c,0xa0bacd4c502ec914bf0e491cff0830c126b55b9c,0x2308ab8f263b2c2653d9080ae990593edb144e14,484.409377,USDC,137,58126170,2026-07-07T03:35:02.034979Z,0,2,2,0.597,1,28362.92669948174
f9d4c8d3-0c43-40b2-9e95-eef9029b0810,0x1089a59b591a207f8bb9e6bf27151d9756e6b7be969c936ad2cbcceb44a7b926,0xfd2512cb7f1a4f2be4257bc6d17b9755afcd7086,0xb9729f6d29ce123a53ec61132f85f26bd6cbcab9,93.411652,WBTC,137,58149058,2026-07-22T16:18:50.025232Z,0,5,2,0.78,1,24803.633005213185
cbc7e64d-c63e-4f5c-b9de-293fea2e817f,0x3018a46bec7f8313fb039b0b5a571f38ce4f559b1e1221c462ac2bc3f85adbcd,0x14b252361b2675902f43e69ec6f45599d9e2ae03,0xc0ea57881a2c1b30da40eb244d2b71fe428014e8,98.731001,MATIC,137,52924815,2026-07-06T00:29:35.030362Z,0,7,3,0.895,1,42958.132404822514
5a278173-b981-486a-9176-1976c827d8f8,0xcd53381464dfc743b1ff8af56f61cacad8f7088d6baca02f1c0f43553511b965,0xe26c4fa3119106ab405789be5694ae35f464aba0,0x12f81148fb0c22bdaadc2e8ccab0dda9a091ae49,264.719376,ETH,137,58227574,2026-07-19T17:37:58.025388Z,0,1,2,0.669,0,70674.74928624503
2f46f4f9-06cd-4d97-bdbf-6aa6fa1dc9a0,0xe0111abb32ee4649ba45432edd8c12b8aadbf000536df91255be9c91a4b9da79,0x079ab5e1e8f6df68869555418dd6f53731594c29,0x11466ce9861fffe7e33ee9b13ea6b98dfa7ecb04,77.176266,USDT,137,50483727,2026-07-01T08:03:03.027725Z,0,8,5,0.362,1,19418.62198695871
1ee4c0e6-c4f6-4fa4-b352-b2bd327559b8,0xd0e0e826991347040699875303e05dd61c9c46c147c8c3cfa595307061668457,0x71abbcd1289402c7c4ac3e7b1280dccb22bd8e4e,0xcae223aa3fbc1daed9ec790295c0f5b006583be5,469.783092,USDC,137,50226278,2026-07-14T09:15:43.031542Z,0,5,3,0.374,1,9670.022520662287
6ffce70b-2681-4cec-ba55-45287ff7a5b5,0x61937c50bef8fbd0e7dc2ae3b66cac22a073721ec1cd770d1e577345885466cc,0x2b64d41ccfbfaae6b27ad7f83351ab83d192b799,0x4d53c795dcf719f0b21b4443115df72baf7aa093,603.498908,USDC,137,52183498,2026-07-02T10:22:04.033050Z,0,1,4,0.787,0,5541.2083416012365
fb57def9-aed1-4972-b991-8c4d99db8b55,0x885926cf19c3f3ad3d671a45fb6196a501f75498f5b11f3b42aafa2b0277bf79,0x77e7615def8defb7a9e4ec19e7b93ccfff09f3f8,0x13e247e46367b69519a31fd3b224898832f06c47,780.183124,WBTC,137,52577582,2026-07-27T07:12:38.032558Z,0,3,3,0.301,0,50750.81817215192
6a7a920f-0b3f-443b-8ba0-9fa2c019c25f,0x23274565bcfea67aab8bb106beb1ab0e310583919964c61504ff71f9a45e22bf,0xf27f39d752cb47032ccfaf8a1b52889322c71861,0x2d7a033f2e174951288bf25f7668570fb9ce545c,77.201823,USDC,137,52928611,2026-07-16T04:40:36.031945Z,0,10,5,0.375,0,37954.34221717766
e482da75-c4fc-4df0-9c0f-226caebea204,0x3a435eca7ac6deb927eac47806a7d11b1e56f65dfdfc511b1c9a4066840eb2d1,0x9d850692d0cd8a5679ff0a5802196762b9584c8b,0x95bf556e3199d6b3745fbb4b606fd58863340eef,357.513694,ETH,137,54365946,2026-07-08T08:15:26.028271Z,0,2,1,0.784,0,5317.090799237087
77be8dba-50e4-4a79-bbc1-d1bb8f9fd880,0x690d25d29d5540ec6f874caeb5a107ef60b2a4784a5a9b024f177424e93c8931,0x2590fcc60e5e6652d488ac282fac586dff6da6e7,0xda0798575ff53dcd231472a2f87c79d2fee443a3,125.070132,USDC,137,52462637,2026-07-22T08:24:40.034629Z,0,2,2,0.867,0,27301.457565143184
54611833-77e1-40db-9fa3-2b7d69124f26,0x834ed036d65aacd637e8b514843f0acba332af8691fa15c956047ac9bef3e508,0xcdbf2a66c9714fe4e5b28325ddd32812e82706fe,0xe9e7a442dd77108db5acc289cba09a2f9723fbb0,622.090498,USDT,137,55523935,2026-07-07T06:06:07.032972Z,0,1,5,0.479,0,31065.21787100728
367e230a-be3f-4b4b-9ee0-cf65b8c1e35c,0xf7b498a024eeafbac2ad962543d0be070c2d13700ae94db177fcdb99ce0a88b7,0xe5e32c3df7a316c3785d9b331052e8c6599a519c,0xb316145cea9180ff6ceeb0a831773e8c3a65faee,936.103395,WBTC,137,54979727,2026-07-16T17:28:56.026746Z,0,9,5,0.354,0,18312.1267295352
ed8f741b-aa23-47f5-9b83-5363d7e1edb2,0xb6ec1832b548224bf926cdf665dfd450ab7a13d051ecb489d127a8060ad16e03,0xfc88e00b39e30f87703e16cb7089fb57b197ac7a,0x055d41bb858f625d5188a4f37aaa3154f8c056bb,874.498426,USDT,137,56903344,2026-07-11T06:41:51.035321Z,0,3,5,0.779,1,73228.89229007222
695f0f50-d38b-4b5c-bae4-6e7ddc96c384,0x2a3b7821f69d0cad20f61e9bfbe617e31e2870b2a7d96dfe3fad3ecd51d79d41,0xccbd468de2ca80660c02b5fa55f316fc747a48bc,0xd8bcbfe17e21ac7a429cccc900c8c50bc570b178,62.664907,USDT,137,50115753,2026-07-03T05:06:40.032013Z,0,4,2,0.322,1,3131.123338118366
00d1163f-f4ad-4339-a3e3-5cb7c853d6d7,0x6d78904f6fd79d923f7641fef57b586ddbf64aeccb699d8801ef0bd790c0380a,0xa8ff989a6c8c9b2ee927a10f5b6075414ae55ab1,0xc08fc27f1477c30d003fb23787cafd31e8931ce9,309.891925,MATIC,137,57405651,2026-07-18T03:04:26.030225Z,0,4,4,0.371,0,46099.364660580104
2ef789e0-4b4c-48f1-97cc-30d763e90f43,0x6513b7a97c198ae4ae0cf73adec4fd137b90119dcf5fbd2f4e81df6fb85a5930,0x14947b208c9b61ddb41ce05ea1bc1d8b8853fbe7,0x9fc69216d6058ca714ee81b6a9f06a13c588b5b8,704.146855,WBTC,137,53714819,2026-07-19T15:30:38.028520Z,0,7,5,0.417,0,61570.90764911529
1a299abc-6923-451b-9182-ec44156561a5,0x4534a6fd333a6001cb6e2c359a2796fc3a58367b78390e8cc849bfcb76cfc312,0x7f9c1bb3bdbab22240537ce0c54ec6acf9e2ebaf,0x70ec0e44af6d68ec5e7544d034f229724ee8cfd0,485.546906,ETH,137,53430507,2026-07-04T00:31:33.035069Z,0,5,5,0.769,0,13417.62944683657
ed874e96-6023-4be4-a249-3a07e31b82db,0x14b1750cf465db9160ac0504a4e17b3b2807aac9a9899f5f0486d735041b869e,0xa278ad3b26e596d652d57590c82c4dc2f33ad09f,0x62f47ea94e3fad239318cacbc4f37e130690341b,471.51315,USDT,137,50215940,2026-07-19T20:44:20.032911Z,0,1,4,0.93,1,12585.789605862896
8eec9983-afb3-45d6-8e0c-ce3f4b210800,0xd6ed6699a569556a1f19dbedf44a3ac0767fee6d465f48e1cece04af57d5efb0,0x68251f7043d3c6dbb3fe8312bd403b1b6a7a996e,0xf53db3e11a08752aa0e41399f85032e2e2544b34,365.435533,ETH,137,55922893,2026-07-08T20:30:17.025776Z,0,7,3,0.996,1,85084.32785206773
bee14155-722b-4051-be61-ee96652fac6f,0x43b4fdae2c849d8030ab0af43eb84c5fe972e4333d62b215436ad48d840595f9,0xd6eac52370beb8bae6f4a7c92a6225234db09787,0x3ce778ae91f9792cd52a631688d095327a38a7b6,556.525891,WBTC,137,54633513,2026-06-30T23:24:34.033401Z,0,9,2,0.441,1,66225.83273477279
db8fd3bf-db34-411a-9b12-a7a8a484493f,0x3d62211fd39bb2320826ea25468ccd9dab35b7611d194194c758441cc04d2b50,0x41d0b438f1ef535cf92ebdc712678db4c970e41d,0x23ff01c9dfb1c54a6350e172156b344b18e93da2,774.329283,USDC,137,59280840,2026-07-22T19:27:24.031745Z,0,5,3,0.797,1,931.8158198138696
aa99b536-7812-4d50-98ad-418e3795efe3,0x586ede46d1125fdebf8835689de47949ad33f16e33e1f850fd6063812570b87f,0x37b6cdbb8725e39c0a9572721c545d3f2abd12a6,0xb989f9e9448cbb021b73435e8ed0a1e1a3613762,633.998736,USDT,137,51345530,2026-06-29T19:01:28.032069Z,0,3,2,0.772,1,69733.73324196028
42e982e4-0d9d-49f3-a677-91ce6d353d9a,0x45f89013a310423b1583e9d805a49b368b0b4a69b550de07c8e5b07eacd2a14f,0xbaf7b31d60cfd1dffb7b7719f7e8014dfe0c41bf,0xd292c8b595e754fdca6739d46eced03eaee46c93,133.684572,MATIC,137,57811733,2026-07-20T23:29:51.030008Z,0,10,2,0.702,0,31079.44573192532
57edc99b-2d62-41a7-b6ec-b2ed0782d6b3,0xd36958638b49b401183e394abab21aa1edefb9048c76dc18506189d7881a6afa,0xc29fcf8b4a352632e20ebed5dde6cc20a55bdc50,0x076c38b70814ec92631bace75f95f1e6fd16fa82,224.157451,ETH,137,52108002,2026-07-03T14:31:01.024470Z,0,8,1,0.347,0,29391.381401538067
971705cd-ae11-4e89-a86f-3e882ae1cd4c,0x05937d095fa3da61ce1a397e6afc00da2134d9421f9707ecd70fb69bc7e9ee7a,0x760cfdf3d234375e8ead2c7573f482cbd5b9df4f,0x037e0414b5a300903ae68bfff06973237df9920b,421.334814,MATIC,137,50063446,2026-07-15T08:44:50.028170Z,0,7,4,0.509,0,45456.49964516981
bc9ef2b3-1088-4015-84e1-7e292b718ae4,0x1e3eb7a57d2f649620b45499419f6663c7a54ff25d51b5e2fa59eb6be77fd4a6,0x2337ed42232e239d16f8c5649ecd6cf5b8dc2501,0xd0d2235a0ef787a294aef6f69d6466b70414cb50,162.996439,ETH,137,54517876,2026-07-21T01:30:34.030064Z,0,7,3,0.752,1,34542.735998961325
a3ee6308-c523-4946-927d-e667bb017323,0x0b45d324af698aba6e3124c299768fdc0e43b71af51fb518a7704aca0195b090,0xb10489df8694def36f38aa5f8688e92032835067,0x46cb409831044bea62dc0b4a689ac42f11da0e4f,303.694966,MATIC,137,58635312,2026-07-07T08:25:45.027713Z,0,6,2,0.457,1,28561.19091315243
8cbb7194-ff3a-4c75-8595-c30d3835eeb3,0xc87b64ec2e575f000d0a33b277530bd51de41b1bec8c401f2490bc01e07af123,0x2448130f129cda789bc4d2901039217ac37d0b40,0xc7da52a784faacab2b43b753617c692b4aae48cf,698.341908,WBTC,137,59859257,2026-07-25T23:55:48.025472Z,0,6,4,0.649,0,70560.39557155065
c7b67029-0368-42db-bc79-db3576be8286,0xbd47feb8ca219bf7dc4a64627f6835258b0a918f9472ab7231b57524d003c239,0xf0835b4ea8b1ead6296899febea14d40bbe08094,0x4877bdac5b46ac2b1dedb7ad360084c0d134647c,100.227317,ETH,137,54216726,2026-07-21T23:35:01.028877Z,0,1,1,0.928,1,85666.68831657627
83207dee-a11b-4694-908b-c854265bc54f,0xc26f50b6343ae4bf808ee73f2396482887761952a9037a2c358b3b00d4cb9c3f,0xbc033d95fdeaa0cab72c99f727fab8d933f55672,0xeda531f7e0afeb369f76dcadfa520a2254711a25,685.095095,ETH,137,58321998,2026-07-22T09:06:46.029441Z,0,5,2,0.967,0,7906.2393308895
f3d4994b-f7f0-4f9b-9a45-2fa66800e472,0xe075cb8ebe11ac6b25789a114d60feb89006b91ec0a5898603415554976756fe,0xf6bc88daa49ac2cb8b41e62ebd74ca91870b055b,0x2b767b2736cdcf5583fb2e409a649cf54f59dc87,744.278118,ETH,137,54058141,2026-07-26T19:44:47.034786Z,0,6,2,0.409,0,83196.41090187446
9ac8db6f-1ab5-4ba0-8bc4-3f8091f4efd2,0x959b733226a3362a6a0eddab9d5d29a1c78344a5e7f5eda755f0dde9bf59d08c,0xee3f9a349367d1c953c638a9b0450e1fe1f3dc8a,0x0c623bfa0105ad6b915f6073424e63662f2f65a0,639.975308,ETH,137,53400727,2026-07-18T13:25:29.032238Z,0,3,4,0.912,0,75105.17196357755
da332cd8-b64d-4e73-b595-65321d918033,0x5dcdba31c0fe137a45821d0f2a519fd4553b23f201f6e297cfee30f3a4bda88b,0x50a982d9733d9ea6807d8c11d7b5b39bfb3f6756,0xd1842fb299aaffeff9cf7b79ba7970e8c3587e8e,817.817823,USDC,137,52478693,2026-07-16T01:52:18.032778Z,0,3,1,0.338,1,62938.3104153525
d9db5718-aa09-455b-a64f-5862521c0332,0x5f544213d57ec7eb78f46b106392f11dd03e7e9eb505894323ef4a4c1b45a94c,0xfd8bc8f53f6e8602ae24848e2f444294a487d7a9,0x6b905355981c11b552fc72f6d2d916d2dc5f0c71,218.455788,ETH,137,52398809,2026-07-15T05:38:37.026294Z,0,7,3,0.536,0,77406.4731934984
cfdd1359-0ad2-4234-9ca4-8328c8050c87,0xf23d89ca3a62cd103c363f4161a38a90a38bf03f4ccbf5abf7c597e794442554,0xa738e9c8361c3b749485445bb902cf57a99ef933,0x75ebacae164446f29683d8ee1501fe10418c64db,205.286585,USDC,137,50381950,2026-07-14T21:17:10.028018Z,0,9,5,0.873,1,4382.1857842044155
6ded9a10-436a-4347-ab2e-14f1709d6f2c,0x5be88c57b94ef18ba96338879b8b8c7c80b2b8454b5b37ee525ece3ea2ab32c5,0xbb0e2fca9d3eefde2fccfbf8b13ecd059842dead,0xf5605423c94af0857b30e6f5c5e7e859f1569768,453.618475,USDT,137,53503357,2026-07-24T06:50:55.035176Z,0,8,2,0.828,0,58786.35233516591
47a9d3a3-6062-49f1-91de-089a5e46ed0a,0x3a774c8d52f1c99da4a2e501bd63f252e74a20c2bb938fc7afb69a362e5f5acd,0x396cb346274cb4123f2c136f4ca0d08080025eea,0x91054ce0a9aba2df6ac0131a25fdeb85c1899d8f,379.119495,WBTC,137,52019502,2026-07-12T13:58:56.025920Z,0,1,1,0.456,1,24355.825008168704
e71b7e8a-dda4-491d-bb0f-49252f55f184,0xae1e1c982be55512f353c52ac5a497e5b69d7d2c8273b7f30ed02672fbe872d7,0xf94688b38b9887b5b6992ad8446d6c969ef5647e,0x5748f4a2f9db7bb70d819357f6757e7d61a9609d,224.123627,ETH,137,57825360,2026-07-21T12:37:41.034163Z,0,4,2,0.694,1,73299.17079823643
1ae39ab9-2b30-4f52-95c0-cb782cd72bc9,0x9bea2c7a527da77f04951dcc7cf74ba97a43a951c36e3d2838ed05adea622655,0x8a2508c46cbc2462f44c41d817d2bf1a96b5fe89,0x838f47f11ee570db99e10d2567615088422bbae7,832.567025,USDT,137,51962315,2026-07-12T18:12:16.025629Z,0,7,1,0.965,1,78511.4739509543
3aa4fee9-acf0-4960-b29c-6eb9b9558e0e,0xf6385f38749114a51c8b8a6c5cedb686ce5528cb6afe327283da508367bfe461,0x00f975000737af4b6fb856709ac573d6e5974a71,0xcc7b7b05099b57772b9cb80791cfff66ee797261,314.053607,MATIC,137,52339146,2026-07-19T14:06:54.024692Z,0,4,2,0.344,1,26543.88115972285
1dee780d-e5a0-4ee4-a449-774fd26d7ab1,0x32ceee9bcbc37f90df544f379f58313dfa47192801c46705b327ffb453bd003b,0xe38e2bd47dfeda9f1f7a950ccb92f1e65da1dbab,0x64b8320be694f4471e8668d30f1d9800027caa00,125.959896,ETH,137,57468089,2026-07-22T03:20:19.029896Z,0,7,3,0.963,1,84082.95687875607
3c0deb2c-5a24-49d1-a076-256dd227ff8b,0x4de2959b00647b0a9c95ae3f7ab0ca948400112d879a12316cd2e7bf8fc1c2d3,0x35726238f760cb878c7188271fac4450d832365b,0xe055e98e9952959f1737cb11e71f815debcef9c4,296.123246,USDC,137,58817452,2026-07-14T04:45:45.024943Z,0,7,4,0.534,1,83612.21889443381
d9fd357a-a715-41cb-8284-df22c1c50e58,0xd2d244426337ec91c31200a99ff9c547c61e250c52668d5312f57327d49bb3dc,0x43de3701335ce89775642579f89c4a8f1ad52646,0x687d4967fc2db0b9b9729a04cd3638e2b10597a0,756.558026,USDC,137,50171019,2026-07-08T05:46:33.028899Z,0,8,3,0.726,1,58410.617243446555
6e73b14a-e378-4ee9-9d72-1f863050ea85,0xcf7050741c21684b80e72d6395a6a54b1217fcde41c06877a0f8b88daaf874cc,0x3fbbc31ea3a3f6df1d7ac411b1bcdf7c552994ac,0x908c9f5dc698db07817d16e373086607a802611c,502.985612,ETH,137,52535764,2026-07-14T03:45:54.029667Z,0,8,1,0.894,1,46523.69626013212
4e0cf66b-cdd7-423e-a649-7e82c2feb9b7,0x1f08ce33d37221217fe223518aae624e8478cce8577dac95f03f99a1e5576b4f,0x63e52d4ea287d8450eea0cea7ba9efc3dc5b4cec,0x4830939a3f67bf4d0a6bd62a90b217aa48e0da78,457.621037,USDC,137,50670273,2026-06-29T00:35:44.034152Z,0,2,5,0.363,1,70144.4809131632
738533a1-a46c-4249-a586-8c1e5f614303,0x13c29d5a911f62d02aaf2b5107799a19a31d4b15ad26d7c4923f1a3577a999c6,0x66dba9d90a23a6912b5e4f1adc51c9e37d299f79,0x4ee5528e5e903939b406000fd7f10c24027f84e4,822.970942,USDC,137,55356797,2026-07-14T15:25:03.028407Z,0,7,4,0.923,1,67606.70458481862
26b661b7-531c-4a98-9c54-09fc1d3cd2fa,0x2c9e3820dcd1256904e54dc8ef88cfad73d09bd1f58933d1f1ad34708ff79e23,0x8acc1ab1b4c8e422a95e671fe168a635ac0370fe,0x054a256e11f984bc20269265e24859f19aacc624,277.800826,USDT,137,50756468,2026-06-29T01:51:47.031812Z,0,1,5,0.371,0,32592.30637146149
988b4bbc-4ff6-474b-831f-8843c0b1de03,0x1e215cb7c50159324723ecac8f8df368f33a0d45e697c56fe4ea15eb0cb96777,0x836ec9a3bfb0d1c1155747dc0da30957db8cbf77,0x1919adaa0f6355d779e71009e76b3b764d437d33,297.790736,USDT,137,54888058,2026-07-04T14:20:28.026807Z,0,10,4,0.942,0,45643.06708077605
cec7bed9-ea1d-42a5-8241-5433b9bc7751,0x6645aeb26a9d01649706b1bf44acfc54f37b94d498a108ba18eb6b95202207fb,0x5a65448c7b93fcb897439fc6d3ce1232d76ba736,0x816a40632c419146207ed66dc135c538c6b7a59e,1338568.034144,ETH,137,55914744,2026-07-06T07:30:24.035619Z,1,110,48,0.952,0,42.622159925945795
e83acbf6-bd1a-43b3-863c-f25955ea7b31,0x96c194927d09943b73ec70a4c4ca33f74014a8122de2b9b64e832de768c103d8,0xc28b765f2c925b073abc2699269721380c177891,0xd8e9739e1763b90e84ce11d776b7f461ee572423,478.28207,USDC,137,53567822,2026-07-08T08:35:16.031145Z,0,8,1,0.531,1,36350.652937596606
fc0717f8-8ad3-44cf-af20-828968910678,0x048421e404ab4a359abd4c727dc076245f288dc13dda79349b52f90362eac697,0x66529e65fe053fdd5383903e4ac8c48791a6bae0,0x9956aba2b07052452cd3f7d565d96c067a0fe51b,934.269325,USDT,137,57007813,2026-07-02T07:32:45.027597Z,0,9,3,0.35,0,54516.76701993532
bba9d4e2-fe4a-457a-ab7c-358d40492630,0x989981bcc7520f6d008b97b2758610c7f052da7f14f91246015ea816ec7ba806,0xacaa6e3ebdbcb7b8d8e57a3c3e2420011a52c554,0xd51c0266b64758215392aa58d295a2debd16c42f,641.981324,WBTC,137,59857802,2026-07-17T23:54:38.029497Z,0,9,2,0.88,1,9626.594346015954
7e02eefb-6d02-4a4f-aa35-2c2ab15a025e,0xac6477e322f1bbd0e788b24b1f7f242499d95b16d792f4cf526a3e401c545b57,0x3b4cea7f5482a850a3f001cd4c0b7cf8b28dca97,0xcd7b732050624efbb50fb7d9097bf2730ecbc93a,71.844468,USDT,137,58717498,2026-07-01T22:34:29.034674Z,0,1,4,0.924,0,59862.86152444358
5174d197-d200-42ad-9b51-c6ed833445e0,0x07a349216b3180474c16ccb1bc66be8d8288ce9a1bcbd96911fe0862e1557478,0xacd610716359c2ad88086bd064b32f9db62a0dd6,0x840197a118391fb5c5f1236670b94be8b7f70baa,633.623459,WBTC,137,50511423,2026-07-05T21:20:16.033253Z,0,10,3,0.699,1,79193.78597824638
261e33aa-1d44-4c21-9b1c-26966747f142,0x89a7fa030ecd222fd44ecd5b584d00f0a42975688832d1bed4c425cfbef71360,0x3dfc5d576794b0abf838ea7446b7654636a75e1b,0xaa67431e0ee6eb0bb7acb7dbb41f0aac16394f8c,232.462449,WBTC,137,56075883,2026-07-16T23:55:58.024752Z,0,10,4,0.918,1,68576.30430559898
f39212fe-783d-43e9-aec4-ed420aaf3961,0x1588479783f6ae958a9ff64fe19d3fd946838dc136e722b4e85287bd00013396,0x914f0a8fc34f8a92b977ae442c5f84465a97a6cf,0xe78637c9263acb5f27cba2e2c87521f55c9b1915,956.442741,ETH,137,53947612,2026-07-17T04:42:10.033748Z,0,10,5,0.911,1,12137.05401433864
ed49a377-3b2c-4040-988b-ed05523a7dcf,0xf753bb8637ec834d0f1a8e86aa86c1cd5eefef25362d45ba2c9806274f2ca6f1,0x18cb3b09a21a1bf2abc9ac7cecc838bd13b0b061,0x1d45f60a458a722ebea0b4b24fc22ce786def10e,816.36472,WBTC,137,54264703,2026-06-29T21:54:21.025041Z,0,9,5,0.948,1,9582.3345511846
9588fbe1-baff-4814-9db0-803f98a23928,0xef52dd5e35aeb09ca87fbacf354edf79d7ec33a870441a1bd39b809991a1e3ed,0x9cf4cb839fbc421210f896762e75c14ea8296ebf,0x2a187c3d0f523c8793a10d59dea11382c570677c,305.307196,USDC,137,50462826,2026-07-18T14:07:57.027079Z,0,4,2,0.41,1,70879.80496981897
dca31e59-9d26-4ada-84db-6694abe041c5,0x949fed8a17f06c58ec3aa59ec009993b0c26a16effd60648f2a4038bb5775851,0x1401353fb359ef2ace25862a579e46ebdd075e52,0x8312c661c8e2ba7e3f27ab0181c9bdca6fad078c,126.324112,WBTC,137,51149099,2026-07-12T20:05:56.031112Z,0,7,2,0.63,0,80796.8475179802
c8591361-1d3a-47f5-af82-60aa25fbc018,0xb5f2f057fd294217a8009601ea64a5ced6b4f66f4984a52ae157306fbb755ae2,0x5ebde236b734f7365011a253e8897bd684dac1c3,0xaf9b0adbf3d38329eeddb18f82e4e511b63e0c34,166.866045,MATIC,137,58631540,2026-07-09T09:45:30.028498Z,0,5,4,0.742,0,62315.1106985741
f8a5c050-9c18-4531-89ac-1315d01d267f,0xda1ec997bf82f6e5d07d8c2b3ce7c3b631024c0b75c3ce861bbdc31eafa064b6,0xc1867d4aabed3e843a2cb0ada42a6d19701b2bc9,0xa983324cd822f225461f8c291c5d3df79062f381,129.86533,WBTC,137,57397059,2026-07-10T00:57:19.025692Z,0,5,5,0.941,0,48618.033575154994
522d04e7-3f74-4214-a9db-8094fcacd945,0x214a54ba947533d705862e5c41b3554c4358b41f3b0e4b13b34dd9c2e94feee8,0x29e33a8e3566809903666421fe091c74b85dd798,0x7ee183fb6e284a2622a04c2f337211ccf991b28a,584.411404,USDC,137,54880528,2026-07-11T00:45:16.033859Z,0,10,5,0.503,0,6611.999813549111
c432584f-85e6-453a-8767-84ac30aa9c80,0x8ccc967a44d1b4907992a1fd2566b1f62009a9dbe953573d97879cf5b6edb47d,0x7e9f712cae8c2d201647007adec79a27a6a640c6,0xb76586e4e10e47fc337179ef2eb28fbca1f33bf8,530.897625,USDC,137,56686593,2026-07-21T22:12:35.025460Z,0,2,1,0.342,0,4115.169784122752
ea610dde-813a-474f-a32d-7529dd6b4a76,0x5f9654f4b3ea437852bfd49aa43fca2c35114addc38e630fb8ccb02acbc9bf33,0x4d8efd3c59a46afd66928e8f20acefbae4544a27,0xf3c9450a86ed342ce71ea38af2a67c635b8f95f9,201.678489,ETH,137,50062591,2026-06-29T09:16:43.030776Z,0,3,5,0.606,1,3262.3501149941253
1005f440-3a03-47dc-a344-a9d62ecc5782,0x6629ed17b7419b6ab88d541f56accdbc8adb1d491a85b512f580f326fe2ae81d,0xe6f0f9ab62487603348976aa91e4cff2f77a9309,0xba20459456b03b1c9f5537ed853cbd3d302a0db7,99.647955,ETH,137,57598298,2026-07-28T09:45:54.035134Z,0,7,4,0.924,1,82283.17427341502
7c636885-ba91-4a22-8a14-917d330c3bac,0x5e2771b7d04c6ddb6aed16933f35a2d2192db998a243b6bbb315675f30a60f57,0x9620f1de53bc658b3376da2b4f0b296511b85e38,0x5cec8047120230a4b6ca5a8e0bae43b8b48bce0d,281.407305,WBTC,137,55404358,2026-07-25T00:31:06.026880Z,0,9,4,0.723,0,23033.004390948383
7a5c4efc-39c7-4021-a66c-507de40b9dd1,0x87f7974aaf03862dc7165495a45295baf3a6db44983adfa73d5e8920d1aa3f81,0x2b0ad507ef89aca3cd555886c7a02ba473b17f5a,0x1689a195579ac15a57642500952faf300b259a34,712.910082,WBTC,137,55135279,2026-07-23T23:03:55.032102Z,0,1,3,0.624,0,45529.02008882748
414190eb-6478-45fc-b2a7-9109b64520d2,0x5178dd941587aba48bad8e51df0de106102ea0bd34e63f70b0545fa29bb645c4,0xaf4833867a8847b8ba49fb6b8a2493144ba79d34,0x1b7609c4908cf3335f010e16b5e7432bf9abc486,951.039612,USDT,137,50284957,2026-07-18T14:48:39.027965Z,0,2,3,0.551,0,12829.44460738196
05d448aa-9cac-4ce4-9f35-4f030befa5f3,0xd58f2d61b5f635a82929138309207b6af4f21b1ac9fc5e0c91316cd48510fef7,0xa839b78a0e4afce9068bf5b3d536bd42f2d711c8,0x7532a4c06aad5482965c264926af675dc41a3b1c,305.898483,MATIC,137,55333853,2026-07-16T09:02:35.034504Z,0,6,2,0.992,1,8874.715045972047
5ab9d930-3914-4311-bf70-7047caba41c1,0x0998e1bf88bdfbf8e01a2fe6730011058aea4c6ed8bfd4688a9fa06dd76ef389,0x1605d558541cf21637ea21226360e893c2d69653,0x4b6cf0270852101d75af5076e7186c903579d18e,451.074861,WBTC,137,54399434,2026-07-20T05:56:30.028282Z,0,4,4,0.52,0,68506.27521680783
1c58dc65-356f-4ca3-9757-55fed42b0dbc,0xb47b04a78dd79494d90b1ea950348e1addb04a813989794f6e3781ef2a40ddc0,0x82056883a1436865b46b6782362b7c2997b4819b,0x792d74344b200af5efa16540ebbfc6d69046bb88,637.150728,MATIC,137,58728271,2026-06-30T19:39:51.025543Z,0,9,5,0.498,0,45861.3386828237
e1fda4cf-ba45-44a1-ad64-5c1b8824dc94,0xfd33e7349ddea66b5cf977e7c7330e779d55645ccfa90d838f2d16b8cb0564c1,0x20535c70a5961860e94467a88a159c11a30b3c2a,0xac823a007267672edd69d4acabafcaaea28c410a,54.194783,MATIC,137,50191334,2026-07-13T21:36:12.032125Z,0,7,1,0.65,1,16986.566635420342
08b2927d-a125-441a-83da-dbdb0c7484d1,0x13050f3e7d5d3a8017047aa2b1a73ae4a02aef3936eca2d5fdfce7032a6f3e88,0x2731e080d0f0f84686d183cd966aeadd91752569,0xca944e3e16d799a25c58f88573222dd577374d76,660.706136,ETH,137,54185502,2026-07-10T14:28:00.034074Z,0,4,4,0.501,1,26875.03624951259
35fbab47-9855-4cf1-b4de-432757f36b7d,0xa461f4f17dabf9a34461c3524a5f732e7f5e068f125959322eb44448cd058a8b,0x310377cfecc495a6cb73f67755740ba40eb881c3,0xb93d9e7029164beb1c4182d072710ff46755a4b7,910.130923,WBTC,137,52610240,2026-07-13T17:51:06.024434Z,0,1,4,0.926,0,43493.41549835017
6cbb261f-4df2-40bf-8ac4-89b51378184a,0xfad33e9633269ff6c450a0d9ea8959ac14212f8f58401652d2e56dd75ad24abe,0x0a24ebd8a3b39349963993208baa00e0f5d65c5f,0x1be7b990e95d743b5ea75d5b7c0af7b19f7d3a0e,178.821577,USDC,137,55862928,2026-07-12T10:50:37.026723Z,0,2,3,0.465,0,64114.52391160131
e564a18f-ade3-4b5b-98e7-e0bc23c9c86a,0xdb9e66ca3697c687c8fa4dfc334492c2e15039056451493a003c670d356c332f,0x498a47196a305e67eca0576d9a33c85f670b5255,0xe7fb956f5ccfff37e968ea5aecaa812e10bcde88,356.352509,WBTC,137,54731913,2026-07-13T20:43:49.027388Z,0,5,4,0.408,1,33666.19876316835
0393aeff-4df8-4a00-a61f-a3a8ea9d5e26,0x97ab78c85fe487d26fc6d65a3d92a0c4e50c0e300092379b3032cbace50c6dbf,0x0e9da2d977bf894c87360542e9a1bda8925f8d50,0x8992679d1e326e608b70f59173323c6a97ccb219,261.112613,USDC,137,57347882,2026-07-10T12:21:44.029306Z,0,4,5,0.496,0,34900.27272632566
33f2f5c6-59dd-4f81-9740-46a41332c5a3,0xafb4dbcd376618ff45543e404b57ae18fcc097065f99f7dcab9f2b647ac7d7a4,0x22726479ccb29d59f1bbc368b9cc68b38521a0f1,0x91efde07291276c60841e32fc39c458e20c33f9c,547.42614,MATIC,137,58090913,2026-07-07T07:40:59.026549Z,0,5,3,0.387,0,6641.068043827621
9664786b-8c4a-4377-bec8-473e61529b05,0x3dd8f5d72051a4a0a268204d258b951363b20fdb3dcf2c7948f28ec2c950e783,0x873bafeaeff7ca993b0d8a8c6931cd836c5ea0e6,0x12ca9c39021bfb8cd8a4726e04d8c8d49ea9ab17,128.065144,ETH,137,54513682,2026-07-01T18:36:19.026439Z,0,5,3,0.371,1,68092.22467875526
0b3f475e-12d9-4d84-8d48-6a2111468ad4,0x0730a16938f01c82d4b066cde101b2e90e8071a9cbd993321353f987a4cfd797,0x7bc018597a02c6186c47bf2d9a7906232e057cd8,0x3be79005ad105f7ba56dc86c4621700c40fb0773,4832939.855205,MATIC,137,59726429,2026-07-22T07:20:50.035761Z,1,81,63,0.601,1,42.86351205501867
af225572-b854-427e-98ed-a337dc9477a8,0x8d01aefd3093b8259918878343da9bca7c45842dce711c04c2d55903dc6ad1e7,0xf720c25540516de6e072619b42976fc8c5fd6159,0xb92247670fd89f83c50c14ab3c5170c673deba71,949.58821,MATIC,137,52454066,2026-07-27T03:31:32.029025Z,0,2,2,0.314,1,52103.50994976878
7f812883-5eac-488f-bc8e-c3269da43c38,0x1330a034a7168400941330b9ca1dfb554f3f51623fb7eb6669e306f9066b5da6,0x074a98e766db80ea8ed72b6acba5dd41d4461fa4,0xe47a9ffeb01669afd8e0d708098006a9e8d5e331,340.456136,USDC,137,54066853,2026-07-09T03:30:19.026650Z,0,4,3,0.724,1,14972.365079663525
35d2372a-f8cc-4515-9efc-5912f8b1504f,0x1701f4aeec63a5b7e5825f50d7ee188af7ce348a125c83b3e0adbd3c45a289f3,0xc01fe5f5bc2f669e41f8f207a4e435a23e6a758d,0x36f25fbf522c7f2ecb01835dceb7c1be680e4a03,748.702666,ETH,137,54651149,2026-07-16T21:43:16.026246Z,0,8,1,0.338,1,37113.98994057937
ffd9ea96-9618-4a45-8f74-f197a4c7da49,0x41006bf4c073b5c84967b751f9e80ea582cb76607758369ac8d1afa94d69dc24,0x278ade1a96b0a3f9eea885b22acf088a07c38980,0x009b591e2450d29046ddab5e34a737cbb89e0876,494.332955,USDC,137,52880561,2026-07-27T18:12:26.029611Z,0,9,1,0.335,0,3305.843277821365
6ab7f1b4-8021-4332-bb04-7b5beff4b711,0xea4988e363875d38a46a836d5014f79a0d89e754dd9a61b453ee71eb15554efc,0xe2f22950f61895296b61b7b20129bfa762a7ca5d,0x84c63c94979efd673f0b18b7987bcabfb0a3758d,301.240986,WBTC,137,52097416,2026-07-23T14:11:47.029286Z,0,3,2,0.636,1,65023.07934121465
741353bf-6d9c-4536-a7d7-b69c95797904,0x36ba2951cd49905aef0682a587be7810a0351a49b657ce99890baf2dc4639f61,0xe684cd2a72a293eb66220d2f2946424a7e3ed548,0x11c4a20e71bd83d3e1468594e18ece11d5aed643,629.840168,USDT,137,51843404,2026-07-20T20:29:13.025908Z,0,6,1,0.661,1,47802.43102010889
d43a585d-2bcf-412a-9b93-94bb79a33e89,0x7ab32ea6f13c07bfb39f55e44ec0a55222f3ac9e254171081ca3dabbd71b4678,0x6aeb5e26b822ee261bc73bdd746bbf79ceeba40f,0xa7fa9c84496e670ab93ef13aad8d7fc3390df0d8,127.586094,WBTC,137,53265326,2026-07-01T07:57:13.024872Z,0,5,1,0.539,1,11551.560455348708
7f821260-3c4f-40be-a353-ebec76aae972,0x424a1c0b8a26b6c3f5c7425fa8e71289027f27c497bb91da39165c85e533003d,0x470cecbacedd66a9d5ae2ad597cfc097417536f8,0x830501c627f99074f8852bd6b5e0289af29d3fd3,692.817902,MATIC,137,50038087,2026-06-29T17:36:41.034807Z,0,9,3,0.594,0,34623.246589964634
0dfa5ed2-aada-44e8-bf5c-01acaaec0850,0x3daac5cf55259b39fbc506b9b41b827c6dd901475e28ed8ac536791e40dd51ab,0x819728bc0ad9d8415fab57668c1a823791c495c3,0xce5c55cda836752edfe4bf944f1567076e85471f,415.333328,MATIC,137,53189190,2026-07-14T17:39:02.030653Z,0,1,1,0.343,1,63932.72546095461
39c07260-b5b4-4c44-934f-54f431ab6802,0x6c4b7def857413bf8c6bc757b14497dd4d4e5aa69ba637f1a4592aa4b366fa67,0x05b0cb288faefd7934378b41f1a09b45cfd1945b,0xe47f76f3771215c92f6f6b91008d047d55051002,771.418833,WBTC,137,55049190,2026-07-25T14:54:35.026699Z,0,9,5,0.493,0,73389.73587184121
a9c50d5b-4b5f-49b8-b31b-449bb05e49a6,0x8343b9a1f4fb72a420a5a60206bb06bf8da71f3afc539eaba42c0df3f64bb4c4,0x7b74a9d85368d421078e440ed4179cdc5c1532a6,0xb2b2b78e43b00c692d7be73284e6774257e5f216,149.863078,WBTC,137,59867104,2026-07-24T01:43:20.030564Z,0,4,3,0.66,0,18970.668283501986
5cbbb37b-6439-492f-a2e2-ebbbafadb86d,0x202f4d50b3705fff82dc700d6d8f5cc054580211e9756f0bcf796a300c46533a,0x2bafdc7d6c0951e5d1dced43e2da265126570b66,0x3f8eac3b1438e8536e03c45a10d908f40095035d,415.804514,MATIC,137,51860796,2026-07-12T12:23:08.035399Z,0,9,5,0.361,1,16607.75768034128
047dc3ff-08be-4b40-a3cd-e901aba1fb41,0xb4b0e24c590f9919b8a19a8fffe2c4b5736974e7447b1bf55d9c1a0fcc56db7d,0x575059f6a16f18ecacaf442adb0f0ed2cae26bd2,0x1e5021eadd765725f7f987f38eafbb3104ce6c0b,276.131732,USDC,137,59325845,2026-07-12T00:41:37.023996Z,0,4,4,0.408,1,10589.341206336005
4e2e4104-185d-4da4-89b1-ce02ea45a14d,0xa17a73c228128a60e5ac77101b0141cc5c407d1bd64413e3a4449806252fc614,0xda8b73e6e6b838a2ed9973daa1b7044dd6c9a8c8,0xc2da510f57ca7fac7f59b20e637eae5a6529e523,4.383028,USDT,137,57633737,2026-07-07T07:26:09.024313Z,0,5,5,0.736,1,32197.452970971
6f3b6dfd-4a8a-431a-a6ad-f2a0f4339e35,0x1023cdb23c8d90a55f60a67d98634c929fe18bf6690a0d32d1a5ce22a68dccfc,0x090603b2012d6ce16cfa3ad03047c5b0f95f78c8,0xa7b59c18d9ea3a3e033d65521a82ec0646ae7708,398.048917,USDT,137,56435516,2026-07-13T12:38:12.024482Z,0,9,3,0.519,1,8484.605267786563
5806358b-1256-4d1e-b1d4-9e4bec1a8064,0x1042846503a859d8132db16267e2ac483bba7798b4ad5db8d31d7f2b7b386621,0xfe736301a4f71c6121fda5a97be34a83a387df6c,0x6957585226a1ab9391ccedc5f309a22f1af80284,418.872667,ETH,137,52298088,2026-07-23T08:09:02.032501Z,0,5,1,0.965,0,32748.493347992186
5f012817-eea3-43d9-98ab-01a91b75bceb,0x496324b863889fb1af7738fc0c93522297a181624df7b0b3f0458ef4b60fc90b,0x2a2e5c941a22f055148cd921371c2a40bd0fedd0,0x5e1700138631f7f182e10b44c603cb437a5f3de4,186.967969,WBTC,137,56920014,2026-07-07T12:02:44.035046Z,0,2,1,0.323,0,41379.70344334533
2f04b0dd-832c-401c-ad8b-f614f32d0c0d,0xcdc418529c5dfc346f291a0ce4467dfaf18e5c57a879545ce31d68b6ae2fb2c0,0xe7560c893c82a77c9b7d0995aeece45088da306c,0x0b78718c6b43f3dab62721c676b03b3e77e557e6,444.519101,ETH,137,54348058,2026-07-25T08:17:27.031723Z,0,9,4,0.724,1,40818.8781664528
3a18ca3e-9712-4b81-8ae3-9fc10a933503,0x4e2286f56300f761c2fdc2aa8ed81d27e32100a154e6a164f58288aab2f4ba37,0xb09212413343b0fcd96219d471afab32b5beb010,0x0cf21bc2768fd758a66c8cbffcb7e786a7100a89,656.626428,MATIC,137,53870803,2026-07-25T21:47:33.030258Z,0,5,2,0.884,0,11247.1344563791
1f9287e3-c85c-47c2-bfc0-f7b1be312781,0xb9a473c84f352ee9250740059fd43cdc6f673e387984c471787bc34de80e6cb4,0x3dc3283b681867528f4040e45492344d256f754d,0xfe59c0e3ec6837c7499dad7749df892411196d8c,366.013,WBTC,137,55458309,2026-07-15T03:24:30.028100Z,0,6,1,0.535,1,39394.40645103391
bfa553e3-c5a6-404b-85e4-16eb937e60d6,0xd50d2e88f10f1e8a4099a8316e8ede1decd1cfe1072e5fb0097adcc0703257da,0xe5046dafa39847b1a6baa0e0addfc310c4963f26,0xdda99b20944746681f87652abcab6b8f446638d4,74.472613,WBTC,137,50090781,2026-07-20T02:50:28.030912Z,0,7,5,0.515,0,32725.19565983871
b10ad5d2-3d68-45fc-a274-45f3d74afd3e,0x83592d5de7a463fdb9a2aee2d430ec4be210ad1b33468b53be23fdf95cd2863b,0x943ab84a167e78a65542c6f3ca57644d1145a84d,0xe75dd9bbd953d5fd280912a0d242cadf325a4c95,173.612204,USDT,137,56554064,2026-07-10T20:06:19.031531Z,0,9,2,0.988,0,43863.85648189535
770af00f-d405-4558-8c6d-db0e25945061,0xe06dbb4e28e42c9d58b8c093409fbab1914b656e1f701a39731766b70e0209d4,0xa6eefbba429c1cc42e700e5c31a098fc981b8686,0x2cf9a10fc6a989ab08e66ea02dcafda4816bc0dc,631.369578,ETH,137,53782875,2026-07-08T10:04:11.028682Z,0,2,5,0.496,0,22330.074821473125
859e8cd2-23f7-4b22-862f-1307319b2910,0xcef7f00cd60777b40588929c0a6853648f7f37ebdc4d5ec912768d415f34ab4e,0xe3c9e8cee75cf082090c8894246a8eeaa861f7d8,0xbe4f8f4f1c2b035a615d26f0ace137700c19932f,964.131924,USDT,137,54298759,2026-07-18T08:19:26.031934Z,0,6,4,0.679,1,59758.74254620497
ca8ef49b-b08a-4ba9-9792-67c34646fbd4,0xa3d4d3640c1512022cf3e8f17e46151ec6fe06ce7c1ea232177a61cf682d3f15,0x7f3ae8c31f7f163c3850a14d9cb712560e5d8616,0x90857b9e47cbdc3788048dcc23723542810c3ab7,287.008694,WBTC,137,53742044,2026-07-20T05:05:49.033447Z,0,10,5,0.496,1,24419.692747432226
1408fed3-e16a-44ce-ac38-e9c718de4645,0xc39355e8837237f56e68848ca94fe1efab5f27bc5b04b70c4d1e4d25fbf98153,0xe782d9e6f05c672f257f181025c34fcb88df1663,0x3e5d4b77f2c5ae056a8fbc119e9e137a376d1a01,554.90189,ETH,137,52851833,2026-07-05T11:57:05.030810Z,0,5,5,0.449,0,67173.78464639408
9d8ae8b2-5b35-47a6-aea9-155c5e43ebf2,0xac1ec09b02273850e23733d2254e1a6aaff5b8c15ba5f99a30c861c63d6f9ed1,0xea22285f2f7935443317eee8ff0024e53d0d712e,0xa2ac87610acb98f4b5cfc82a2c69b187d6a936b0,3637858.479858,MATIC,137,56394254,2026-07-02T12:28:23.035568Z,1,47,49,0.543,1,50.28029536666189
a390cb86-c84a-4b98-b35d-d5b33631cfa7,0x1cb05afd263c2bbd9563175ab75ef9a8b6941f47ef30723d644064d1ca750820,0x1a52024b5126eaad15a0ba3ef69819b7ed2c8d80,0xb21ad5745bc4acbc0903d206be39dd1d32a3451c,809.430865,WBTC,137,50886676,2026-07-04T23:24:58.034096Z,0,8,5,0.576,1,76650.92834157219
b6b5b1b4-aed8-4a87-803b-72900df0737a,0x389d7cab7a5e011cb10555116642272c169c3ed6e1218c919cc3da763357b1bc,0x93342442538d7d2de830bdd5aa56e8986c9ce295,0x0a222769d0c2898f90621e3cdd776b8c45d921b0,108.999111,USDT,137,59414686,2026-07-27T09:43:44.026330Z,0,10,4,0.318,0,16594.47814673921
207f604f-7114-4d91-b511-ca24aa598a1d,0xe376e93cafae784e1b497a1bc648fc0e79b003e1a4a50b4c17fbe870d69d4309,0x224cbabaf1562c8c5bf7328ff8633993847b843d,0xb2c2a941852bfe7c877728eaf3cd0253be1c6be6,854.999465,MATIC,137,57264272,2026-07-15T09:10:44.026100Z,0,2,4,0.894,1,4402.777615896682
1a5edd0c-e933-4b50-b720-04cc444f95e1,0x9788ebea3075cc460a9ff005d918f7395967ceae44f7c869837c6e8b6c3d19cf,0x96fdfd8241825832c27d5c8afedbcc087de990a8,0xda434af270df407e70abe55f2154fac5d4cc2ed5,698.915046,WBTC,137,50249021,2026-07-03T01:03:00.026379Z,0,7,2,0.754,1,46510.56242106449
3bb1e307-6bbd-45bb-945c-4e8ba7013b11,0x7fd180f3b96ca01cc85906a9c2a5eebf4578decd640757f14f252c1831fd66c5,0x1a8dece3ea633f3880a06556b1d42123731564c8,0xc354e5bafdcb86dd60446c02c0d252c813009781,106.650275,USDT,137,58649404,2026-07-16T14:54:44.025704Z,0,10,4,0.334,1,18323.649144556915
6bfd13cf-513d-4e6d-b926-e37513d590fd,0x39d668aea2adf9e19dbecc9bc486c8f866f4c25ec4d4a6e40a735b01e366f5db,0x778a62e3e87fd26430cdac68bcb878e97a694f9e,0x12caaa1a404da47cf270b435dca8ebd245f72e42,255.522726,WBTC,137,51853430,2026-07-17T10:46:36.030384Z,0,9,4,0.444,0,65028.87040991753
03acaa54-bb12-47b1-9244-098f9552c36a,0xf40072641ee3d83f59d54588f04bb7338f402f4b49abed24f0ea9c8d52deadd6,0xa89635d14b8c623d41f8055bfea5d2a8660ab5a5,0x1d8fd2398072d7ffb037cb0048bef13f88b397ed,446.165275,USDT,137,51030674,2026-07-24T02:22:45.024397Z,0,5,1,0.872,0,36097.39005361036
f0eea642-063b-42a5-aa72-7dbded1c7248,0x8f9cf90f3c70c54285b05020883a0c61be4793555263f36fcd6b155b3712a57c,0x285027846c9252786614cbd84b4b9cf476422afa,0x8db8a4734934eb5b93f9f69e61492aea617f6f8f,817.628189,USDC,137,50993780,2026-07-25T03:27:43.025280Z,0,4,4,0.862,1,19623.493231522527
7ad02a3f-4cc0-465d-8bb1-6f31eb2e912c,0xb5627327ec0c4e746c8c178a2d379b24b749c2cd5e2ee9bcabfdfa38ae483605,0xac24c98c95649968adb0df7df6b6bc05f589d25e,0xc50c825509154e4cde172c1cc37277702c290e1d,936.522276,USDC,137,59430804,2026-07-01T14:14:19.030754Z,0,2,2,0.785,0,41335.87018462053
988a40f3-80f6-4071-aa53-44c7574e96c5,0x35b1793cc9ec07a4ce3b212fbeb4d0a77854c071c7ad6a684293854871e8d96d,0xbe6cefbbc39a135449702adc2ad14cc79b7f2480,0xb7e7f509923fcbeed29642f2b27c99ec73a73993,70.609438,MATIC,137,54950525,2026-07-02T14:10:12.026198Z,0,7,5,0.855,1,34176.19084238699
b7d67772-65b2-4bdc-9f0e-4aeff31daa64,0x8ab26e6454b8b186d926125b82aacc1cd75fef19e5257fd402a8e277043c7e0e,0xa3ccf328fc3060b16a376f199545f2aa9773c02d,0x08732216dce10d5e3580caa5338457d3961754dd,401.707891,ETH,137,57844396,2026-07-10T21:56:09.032547Z,0,3,5,0.513,1,13006.071516677754
c677487b-9f34-45a6-8abb-8ed8567f26f6,0x458b087cac34d9dc704dc4fe59105c37c88e79447e513bbaa35261f6b3a8aefc,0x519c4e354bbfec8f657ac52fc0927444501b565b,0xfe8f409e33c1dbac4b441e0e2807363f2feeb6d3,839.700384,WBTC,137,52264551,2026-07-14T07:19:13.030373Z,0,10,5,0.722,0,6895.992697318921
43c2a350-aadf-4627-ac35-bc0c9070ccb3,0x617194fec3dbee5c86b1035da926388bcdb03204c229675b71fcadc741932ab8,0x0df1f6b9c92c79a576386e8be8b971dd179adf95,0x839332981fb45b97465ef1824b09e997718d1b29,668.493737,USDC,137,58849777,2026-07-09T02:00:58.029070Z,0,4,3,0.956,1,74336.72105280636
6cca85d9-005f-4251-8891-c4d690e10ed3,0x7c11ccfc91503c327032811b1d85239ce96dfd9d2c2c2f54f402608d3eb34235,0x5085b03f3c222a08252b57227b71b566a60be33a,0xe3f5cd347a121795efd256af0c614c6423234406,438.902355,USDT,137,58652252,2026-07-20T09:40:16.029183Z,0,2,2,0.359,1,61882.34924279842
dbd9f8b9-ada0-4fbb-b732-1d6437a02642,0xf2a118b859add62deedd5f3b71bb60cfaa1beabd45f06c4061609b8ff4fc2fa8,0x6b2ddcc174155c5b75a65f7af30dd17937cacbc3,0x3055d76dcf8f8f49101b994f38eae3db727bc196,33.499412,WBTC,137,59985541,2026-07-14T03:48:29.031713Z,0,1,3,0.635,1,23316.058266218904
70a6e819-f9be-4c06-b9bd-886763770e01,0xbb4ddf2f813a8b5b39fd715f1b82c97cd2e9f8b4929a2d93ec0a952cf9f99e5c,0x708849940056d3b20a28205681609935096dc9ca,0xf9b70550e81db3a339d1a0a08046a2b1525481b3,531.067515,ETH,137,50464702,2026-07-03T02:07:58.033424Z,0,1,4,0.992,1,77917.81059702132
5a0ec8d8-72fc-4ddb-85fb-a46ed6bda3cd,0x7a7b4cffb764612177044ff47acb94635af1525c00f41e7f8cf571bfaec6aafa,0xa54e8ed3f4c7e0afa85fa1160a56d649b01f15a8,0x3918ab08599a82979de05fcfb4b828ecffecc165,765.547741,MATIC,137,57106865,2026-07-02T04:03:15.030123Z,0,1,2,0.367,1,13348.031491901302
a5e76456-72dc-4025-9077-b2e19e2243ed,0x87d90d3b517faeff42cfe806068e9b3a7f19f3f29924ad647333566ce8afce0a,0x06c7b0b18195558f8246f859d90b3e2048dd58d8,0x340a91a158e8b7293c5bc2daa00fbca0123ea9c6,786.100446,MATIC,137,57416971,2026-07-09T00:07:54.027504Z,0,2,4,0.942,0,27416.922159436053
39db78c7-d19f-477a-b437-9b35bdfe445c,0x4ba3ec35ac3b3da1f0f2ce10423dcae2e08f051af4dc3f734d2b1c78f17443d9,0x877ee06f203f272e2217c3da8b775811c0321183,0xe8145e715f9a8fbaccb1b9c6341d0c2fa94a2afc,952.67926,WBTC,137,59207054,2026-07-10T20:15:48.025680Z,0,10,5,0.375,1,71153.77252398361
22ece730-edd1-48c0-a4f0-c903c862eb10,0x4930d1c9657f5bb9b738bdfed602fb89c17abdb80ee68e6dd98a6fc74f500df8,0xb6ede555ab781ea32ac825ff6d4dc48181afd3d9,0x8b7a0c985a4ee7044b575d8232069a113507a040,178.077188,WBTC,137,59224570,2026-07-05T17:37:31.026952Z,0,9,1,0.932,0,26526.28349358324
f4d7bacb-4937-4764-af73-2aa502d62280,0x8feb9c4865c147351578ebc9743e3fc68301a577e30b262fef12fd36157a1791,0xb53f626a755514719ca17c7305b0a36c291acc45,0xeda5a413660560ec85250bfe12d66ed3380c8b36,26.82106,USDT,137,56032704,2026-07-02T18:45:00.026561Z,0,2,2,0.877,1,21893.881305933246
46961243-435c-4411-9486-0706c1c400f6,0x8bc05897a8e61866dc4a875998193360bc1b98ae5dfa90658e9295f0185eca5e,0x2000edef2e3917eb68a8f7f7ff81d22e27123308,0x81b6968c3360d67c2dde9e6d9160f0a9181f3f24,454.492279,USDT,137,58751927,2026-07-07T10:32:13.028203Z,0,7,1,0.948,1,18838.678997887906
776161f5-12f1-4d6b-aa18-9ef944283010,0x270b075c5bbe6035683cf3060ee68cd88362a8abdbe792d08a10c582c1bb2b54,0xf918b9a96b89e7c22874799dafe4ed729a25260e,0xaa5b0cdb7128bc692d6dc9fbb7af277d2e893b0d,318.648349,USDC,137,54784821,2026-07-18T01:03:34.028659Z,0,5,3,0.915,0,11755.067033533312
66b1fe9e-7403-4dac-bf6f-cef6e83433c8,0x4b40ab85fa11f0d246eb2dc62caffad9c09328edd8e19ddff02d1b2adf41b55d,0x8c30b4733e405bf86018b6171a2e3900cb188091,0x5aa25d36d2c63ed8baedb2cf96a2f6cf047b8ec2,157191.359382,MATIC,137,55365440,2026-06-29T06:45:09.035864Z,1,174,92,0.452,1,12.184554192571383
84d8f3d4-3271-4a22-8e74-143d21c0ecb3,0x8bc33ea6a3141c2524da7f4fcd588c5911d01d235853e742c3913ff06a2eaa30,0xff9ae230cfefcac5fb2ce710239f82657ab9faf0,0x756cfebca4ae6ceb1872a0ad3b5de414eb059fef,168.561722,ETH,137,56009756,2026-07-23T02:36:01.031352Z,0,1,4,0.482,0,66378.53358214379
c443fd4d-efd1-435c-8d5a-a1bbf3d014a7,0xc9eae9b5ae334d6a4b1403e95012bbcb5d6481c195f1839a481da077ada077c1,0xaa86fe9f6e8e7add9b843749b251150ca610487a,0x844bc5f9965b58b064c45bfde6a02bd79a1ef2d7,523.362477,USDT,137,51350570,2026-07-09T00:39:29.033692Z,0,10,2,0.924,0,24214.249768244426
8761b690-9ddf-4788-b1e2-7ae576ef8ad3,0x73f500f630bf6a14f91a34831587ad4dc5de6c53ab08225d45430456749d935f,0x28d6c8676bde4d19117ada1d88ffc38b91956d8a,0xe9b004a26f23c2b2ab83157a5dacdb86fdc1df60,839.395377,ETH,137,55806449,2026-06-28T20:14:55.030854Z,0,8,3,0.734,1,52341.362442956815
ce1fc058-8b41-4281-bdf9-b00bcb09983c,0xeb0cb7596ed01054e638ed7367ca54551f52c3ab2336248dd2c0997bc76f4e17,0x41ee52ccfc4ca2a108b85a7d45bdb190aa9ff8ac,0x9a79cf8aca8591696cecef2f9928b2c8d5d93494,73.864319,USDT,137,58905001,2026-07-04T10:14:30.028418Z,0,5,4,0.435,1,75659.94971024885
cc4af003-0aa6-430c-8f0d-62980499e3e1,0xbc03f295e4b22580de0a924137c1264b752c110201844a193fcb4778847f9e9b,0x47c5876aba33a98dd781fb1c01bdec873bdb675a,0x125f2510ecd7df2f9a12987a951f0a7072cf8880,738.566424,USDT,137,58032291,2026-07-13T22:30:47.032811Z,0,3,4,0.913,1,4472.341316133567
9c651345-547b-43f9-8be4-85969384eeca,0x03a2012b19bc7892cf3a247c93d84f9b7b39096ba30f867698a0ad5c6ade387d,0xae7fb064bbad212b5b411fc31a27c776a5bf4b1c,0xeb51167e3f8f03b326b82062f68a1592f9a0f4b4,577.660446,USDC,137,51985725,2026-07-24T12:29:51.027116Z,0,7,3,0.853,0,21903.085021217204
342d20e8-ea44-461d-aedc-7983a908e0cf,0xe9a65a562e6bf10f7fde153768c012a2d4fa185a608dec0bc51c50c71f67441e,0x80de1893969b558d7ec394c76968f23fc2bf1737,0x3b87f9d22bb0ad626ff6afc725c5647a704229de,69.849437,WBTC,137,55044917,2026-07-22T22:04:17.032734Z,0,1,4,0.583,0,675.8868930588333
609a8c61-2ff9-40e8-a641-786a9ca217a8,0x20cac42f21bb96151b91bc0c038140992059f29e0ede42213caf08fbc845985f,0x8601ceea685f28ee939e691955e31ee927b17297,0x55c5c97b28834b7e5c3db5f6bddd23431c4bd8bb,814.668835,WBTC,137,50383490,2026-07-11T16:35:30.034219Z,0,2,3,0.737,0,74332.71766443537
6be65460-43ef-4221-baed-c1be14233a5b,0xc576a7f985ced0481f9694bac83e2e21f453c471c40c7ae8929bc50c29ca79e8,0xcd2b125cc3ff2e0d03b76f3980ff166aa12957ac,0xfda187d17297b010f362e3b654a962976a91f19c,112.294905,WBTC,137,50468844,2026-07-10T13:42:44.034729Z,0,1,1,0.35,1,34111.210742307565
6dd6a627-1a7f-4cf5-9946-3acc87ba2681,0xc399a9c647a271258503ba5df4556ac6abc5a7c380a6fdabd5afb30cd55b3aac,0xd43de38e5b0be41a9935ac7b419297f51553cec2,0x75a7feef1608e9d0b7bdcc134579522704b5c18d,354.830459,ETH,137,55726418,2026-07-11T09:04:31.028625Z,0,2,1,0.815,1,28671.556356715122
b240f4e1-6d87-485e-b894-7b58401fe325,0xc61ab0b538ffa4c1fe9856540b476ec6bfa03ad35b4746d6856aa26f208f5b76,0x03008fe0c28658b504f23100e631821f670005e8,0x1c5c3354e0b0441336ffb2213cc31f5f24b0dee7,77.103646,MATIC,137,59683707,2026-07-26T16:04:12.033321Z,0,5,1,0.68,0,78281.57232142777
ce1fa9e4-9fd8-4f62-bc10-da42ae2e9fbe,0x04a7227ddcfbce41fddb56d13cec07b4f8e1a94653003d2dba6460bb7844fd0a,0x32e3a4a93b7ede49d404556a74a8e667f7c74474,0xd1b321d66ac142831cc4a86f6864721f25b35f78,609.469749,USDT,137,54542802,2026-06-28T18:52:31.031701Z,0,5,3,0.996,1,14007.803480229619
e4371fe2-e4fc-4795-af53-ae0fb35b6dd8,0xca9923956efbc287425bceb01c720f0553542a450ca2332c878acad2f3a89263,0x2c39cca4578a55bef38d8e97b59767a144ce8cd2,0x8ffeb07858d8bfd9987043b60be6cc87d8a4ae08,143.543153,WBTC,137,56225117,2026-07-21T11:05:56.034322Z,0,4,1,0.847,0,33206.60078499014
f50fc1f7-9871-4656-a355-5b50092dd3bf,0x139eed7417c5adb473d2c021c1a2b8aec2cc7ada0a84f7230eb4a49db7294e9c,0x9c45b0e88c8f56a1c292cbfa00401c987bc59237,0xfe7d412dc2dade70b7c1e1fc218880a7d6633d54,989.152735,USDT,137,57695767,2026-07-20T04:11:21.027678Z,0,9,2,0.379,0,43844.44283949524
a97e98fb-c8b1-4f5e-bcc1-933f941c8d74,0x388ceaf60052283cb034aa4100ea6d0a758d60b7243b3546f48402f2817f4f0d,0xf88a14de2b62d3e9dc1614adf88a547afa28719c,0x2b69a4ecddb5c13978d230a18ee1d524b87486d0,117.416513,USDT,137,56351364,2026-07-22T01:35:48.031600Z,0,7,5,0.592,1,65705.36758332736
7e2ea560-e6c3-40f6-a86c-a8209d400502,0xc63b9f1787beec57110292ec0e72e9d7ea66468d361afb2067b6e6451464ab93,0x120717c8939e9ae095649c6cb701a2ba04e3a485,0x30da20e722beefc10707a2ebafc3bec201c02705,744.483782,ETH,137,55002400,2026-06-28T22:08:58.034842Z,0,5,4,0.869,1,17080.38484487185
d2d8cffd-ccec-4d68-8e09-72360c6a568b,0x3ea99490cbe5897c389df2c6022ca8ea78530dd604f5df0043fea1d768d375de,0xf19ad25d2868d6bd38fa1bb46e2c58a793f8a19a,0xd84bc2b291c9ebc5d4566c6171089389f6816935,361.189737,MATIC,137,55844856,2026-07-18T09:11:39.031845Z,0,8,3,0.951,1,20217.036086123073
691211f9-234c-423f-b3c3-3ef93814fe64,0xb3aa47f1e257e44fd5e924910e14f230ef40da8698e6f26d83f41a9fbb26da32,0xd89ece3c058b44875150dc70ba6be8d0d519cf78,0xe40a530634e23e794e0284b649e55c36e430b607,140.271165,WBTC,137,59883542,2026-06-29T02:17:49.029347Z,0,7,4,0.636,1,80164.8442673336
669104b9-c148-4eb3-aa05-f94907d59e4c,0x49962fa2a959d2c17d4488e456e54b737c6e260664290dfe1cf4c7c9fe74b819,0xfb802fb31f76c9b916284b86ae7def0f21c6f7fc,0x17b20604d41fbc7edec8711516c05c05b746f08c,775.134673,MATIC,137,56683547,2026-07-14T12:46:24.033017Z,0,8,5,0.66,1,53653.63639915194
2944e352-6d2d-4cbc-b2c8-b19870e194c7,0x66869cd8d932c2bdf3fc3013ab451a34a599bd7e840ee4ec1260acd6e13167b3,0xb8ade36ae11b05b304cff284117d44c9a65248fc,0x12818977ebe978f5af24b42a9358a0a2a704ef24,555.210797,WBTC,137,56270429,2026-07-14T17:30:27.031734Z,0,1,3,0.708,0,58176.81449238929
4c159475-7792-4bc3-9031-12a3571ba403,0x8a09883d1d0d6a61ed1cc976f62da62a37a8bdc8de626b4dc0327cc813c74260,0x124fd749915b2ff0379671b21bd7895b9b44c02e,0xa116d7a8aab5e22213f2c5e8b76e52be59c2f52a,557.487259,MATIC,137,52886645,2026-07-24T11:00:18.028120Z,0,5,4,0.934,0,29733.497779368678
a71b50de-d983-424b-89e2-c37326ae0c2d,0x16d01f878524d4ec8a41c329b875340cec1970cecea28092fcfb10bde1bf93bd,0xeaf52514be2e568a4f7f1a4033f4d18821876dcc,0x574908984100c003e453dd552285164d08c120e3,3300492.535549,WBTC,137,54475561,2026-07-23T12:23:17.035878Z,1,20,57,0.506,1,14.787151881944027
32ac9f2c-2696-43cc-aeff-74a456d82b2e,0xac19571b3592304bed6b1bfc21709918f64c90364634d0a112f018a717cbc6c6,0x8457b7132e4111329118c799c330fe4022700188,0xf83c09aef57a7fc99fde472b80518b71ad4f218d,302.091895,ETH,137,57753824,2026-07-12T08:49:18.033503Z,0,3,1,0.789,1,74759.29182564051
f78f52cf-2d64-4c48-ac25-6102f40f9432,0x97ceae4b7c9783e10b18517b1803e8ba80c90bb29d8176654c6b9d1e188c3234,0x61bc26b80c7402a445d963e0aeffcc3ef5a3b4aa,0x11afd8b53cc167f5ad8e3e4ec8a7687acbf97d39,328.784734,USDT,137,54669774,2026-07-27T20:41:08.033308Z,0,6,5,0.397,0,24473.739878776534
10ab0b0f-f51d-43c2-a394-f9442ff9f358,0x1d5902a2d3e5e77b7f20d7ae457904a192f69d03425f72c184a9d35bbb30e7f8,0x619a8b7448e51e9be54a0d94f2171b91d1ca3e67,0x52eb0bc2eeba59275000ad4de797dd440fcc155c,457.611254,USDT,137,50152726,2026-07-25T09:07:13.025328Z,0,5,3,0.696,1,31455.98056556431
0b52937c-f7fb-436b-9b10-9851e355684c,0x098eadb2a42acc66a1f04a8ba30cf02da68dbad18e4e7d2beaf26525f59f49ff,0x813b53d7e030391c5a666819fddc8c28196e4ba9,0x7469261f66cfad6a9eaeadf3207ae01698fee1ec,236.089676,USDT,137,54573009,2026-07-03T09:15:05.027297Z,0,6,3,0.894,1,85005.83405156406
167a80ee-4733-4692-8bed-938942d8e2c9,0x426f496c896d17594ffcdc639fadd5c788dcb8b27335b13c26353d046479dd63,0x57545d568785ef92e5d39461dd962d86a940740e,0x1b25ffa8be223079096f425e2abe85e2d7c144f2,1.826709,USDC,137,52714748,2026-07-16T23:43:48.031901Z,0,8,3,0.448,0,16204.737257081446
c937222a-6df3-45d8-abd2-9024f5583bff,0x890493e6bfa00a0c0d2b0d01400149f9686b9b7f36f19b3f67eb8d31bae47bad,0x2c0d03bd1eb073ad8ed6617c4e8f03a5b7ae87cd,0x610bc27a674a17b5f18521ad2a13a4d486126dbf,690.938105,MATIC,137,55131474,2026-07-23T10:18:38.030339Z,0,10,1,0.821,1,48657.40508288594
bc7e3a68-50f5-43da-b6ec-99a692a97714,0x165e0f008512af8c367284e8255f8abdb92037c7be927269ee2f1b8cc3963b44,0x2d6be5f5f3dfd52cade13fb294758ff1248c5a4a,0x29a7b1f9013d4a6d562b6600287fd0d0e50213e5,640.415352,ETH,137,53069881,2026-07-21T04:14:06.029566Z,0,1,2,0.8,1,14706.801995062344
065134c9-b768-4ea9-811e-92026f3b7176,0x67b245818495e54b82cce82e677b4ae2cab0fd3dbacc208d85f1fb87072d0b36,0x9ff11b7e935691791980801e2607f18956573184,0xf388177d3c4d73fde54482a48bba09d792b9facb,644.609858,MATIC,137,58908044,2026-07-01T00:42:49.026770Z,0,5,2,0.892,1,12452.29005145977
b9588eb3-ea06-4f67-915f-95ebe0a2d7e4,0xf3e0ef521f94a1602a6ea02fc5f4bbef06092214807e49bb59322e13dd2872b4,0xb43fbd129b14112f62ff71e83df3f093b24131f7,0x76729e3aa12c4bdbc0dd9ad12c7c1278842dbeef,326.818341,ETH,137,51067404,2026-07-23T11:26:11.026976Z,0,9,4,0.475,0,55952.39768485747
e9d4db1f-b835-4cd1-8566-c270933784e9,0x3969fae5c387d0125c98469f6aa6c55b52dba76b3312f6d8c711fe634af553f5,0x9597cecb12bc05d4968a098b430f8efe1457fb29,0x5bcf454587ea92e032ce37f90a276cd95e663748,203.976117,USDC,137,57606147,2026-06-30T22:51:06.028946Z,0,9,5,0.851,0,9224.832978031882
7fb2f9f8-d870-4814-94f0-c991b1b0cd77,0xcc18cc02d1fab6e2c19dbcd99cb64dbfe25ee66a6504339f4d34293f1f2b039d,0xaacd13edb44872a5f8f11ca2411ae375e6cd4317,0x757640c6cd27a206bc2aae8fc58f91b566944552,882.638319,ETH,137,55426884,2026-07-03T15:29:03.034618Z,0,8,3,0.622,0,3464.771316958253
6a739ecd-1037-4330-af0d-2408abf40b04,0x5509ae6ba7e87333ab1ec38d0e11b8976c356822bea09dc2ddc28b98f5167f6f,0xc688c65f0563f4dce8cf1938df0e251336aff7fa,0x4039cdafc5a38a0c738bdb7411e5bdb9060a74cc,117.980032,ETH,137,52524694,2026-07-27T08:10:11.032924Z,0,7,3,0.312,1,45532.84806679573
039a2e2b-3994-4bc6-9c6d-832f188c8bea,0x0033b22adc1e6343502030c05aae1c6b42679f93a9c8ac34b5d581140063807b,0x5b9e7e308e7058403d0f2266fd66802027e1bcbf,0x428643014f9d35e491854aeaac2d54fb17f61a51,805.479709,USDT,137,54881907,2026-07-09T15:34:51.033558Z,0,9,3,0.875,0,83248.3997610887
e463ea4e-3d8b-484d-a90e-9e36893ee9e6,0x052ede9a3b094660a6f0e1adff2b1b64dc76967c56b51a8cb67b0ca80f57f0ac,0xacd2fe8ce701476a4e983fbc516ea9e000f0c5e9,0x98c4c552c3c8d93bd2b319b7ccbe3d0f65ede3d3,93.847752,ETH,137,50413871,2026-07-25T16:53:22.029104Z,0,10,3,0.425,0,2447.805149638868
9b2d9461-89ce-43d3-bbc7-7ce10cf9143d,0x8d6a2d6f8b9397d8039a774012ea5014a929762c5e474da224b6f526dcbdc2a8,0x537a5e5641786a2e9d3ed91cc09e30f740c71302,0x3a7f3abf05306a6bf4768ac11cfb39e7162dae18,559.275318,MATIC,137,57327562,2026-07-01T05:06:06.032467Z,0,3,2,0.978,1,14807.991429533067
7751e066-7dae-4615-9372-292286d8c158,0xb6a993df741e3dc6294d89384b2a653e40be7acb24e0dbf78a451e16be91d641,0x45273169f1176b59c9607b27ea7c78dd6934bcc6,0xc6f976e7255648fd06f109ba1742188193a0ce4d,909.028688,USDC,137,58021209,2026-06-29T11:05:57.024836Z,0,3,4,0.411,1,84378.95671481742
72e1acf3-7aaa-4d04-b8cd-7d6af41b711e,0x55c6be08f6e6a7eb3f14ca4ea1462002ca01f080e4369be75fa5ac32ecd3befb,0xed5f33029d954eb6617db6e0b368d5dd6f7e03a8,0x2f77fff6fdc2d0b615cafc4ad2e2f07e5825d0df,1039096.023533,MATIC,137,59896855,2026-07-24T19:39:39.035711Z,1,31,38,0.68,0,29.32058427027294
e548787d-93e9-4b84-9fda-2d6e269a06ea,0xe6e95ee043b0ec3d0a007c79279a215e3a637701784947a26d169f422da5e812,0x3fe80297d0c44a2a1484593efa5d91e1eec33cca,0x59519b34a5b96c4b72a9a8dae7593d3521cc513d,453.106085,WBTC,137,57715733,2026-06-30T21:35:45.024176Z,0,10,2,0.619,0,14012.277607807086
cc147970-b5cf-4519-9d08-5cc48a874440,0x33dc3e37cfd0fb3d78c1c2df0155bda26e18b574e5bbc2107ab0be16aea017af,0xe94dfcd71f6f24e10cb1bb6a7215329d351dcf9e,0xc9beb492f888fabd599b6148645a590d9f142421,278.99428,USDC,137,50500256,2026-07-25T22:00:59.031823Z,0,1,1,0.715,1,43017.53146976593
926f4515-95cd-48a0-9fa3-c200e2831d6a,0x6caff280fe0be24459bf656badbd9179e264c40b78cc02b32326c3038f7dc598,0x2af6cb82da577de5599788ea919988ff5c452956,0x0637db9e4f5fd8491164f1a7be210b03802be401,176.222071,USDT,137,51440592,2026-07-06T06:25:52.030294Z,0,5,2,0.732,0,31570.05707173612
63fe1bb4-2dc8-4bc5-831b-4e31aa814eb4,0x4125700041e40995bd9cb975800c91466f5fcb458d219a6073e6bef23ae7eced,0x79d16f7aca51cba915656abec9454d4e934ab2d4,0x76ccde31007fdf6d39e21f4ae2f119809475d6d6,634.59023,ETH,137,56825154,2026-07-11T01:47:51.032182Z,0,4,3,0.822,1,20995.658046125976
378cc48a-221e-44c7-a9c4-fd4872b7b230,0xc06711e0c0770278e7da93f6158fbe1d41adeae80bb0a243cf8feeef5ba7961d,0x2758799891b89be6d43e7699e466f12bf3e3f98e,0xa4243cefeceb1bf99e8a734194f73f137d0c1c46,896.649356,MATIC,137,54548777,2026-07-09T00:25:17.034241Z,0,8,3,0.563,0,32515.20903484551
401e162f-a622-4a44-8018-dbef44ed8e2d,0x6599c1ef08199c79724f716cc9fa9b1dc053ad592833ab5a4905acf23e193362,0xc7ab29d53adb8d24e408e00c925a6b560853458f,0xd0b0dff311fd9b79642f6efe9929d21dea599dae,350.298446,USDC,137,57464405,2026-07-27T09:46:06.027286Z,0,4,1,0.993,1,42286.724694397344
d5c48b8b-f4ee-4f20-9b29-f0fb1c920de4,0x26fb6d7450a01a10d863c55c9ae551d456306163e0dc759a7c074f6a2c799826,0x0967bc66c58d70ebdd3d5bdbf54de1ace0e25498,0x2e5dd67b82383bb0f835996ded659277b85df243,803.188836,ETH,137,52369657,2026-07-14T01:36:53.031553Z,0,8,5,0.385,1,10431.831419612388
b3c1d50f-71af-4ae8-aa55-32f35ccf84f7,0xee32a06ad21980de79ae532bd4140aba2264219bf6d600fff17cd19472a35b2a,0xe7a475e1abb01623b2a4ff3489dc191f077a9523,0x018a0dac2108218dd4c03c74b23f29ba570af64b,65.188866,ETH,137,50482637,2026-07-27T16:27:29.025956Z,0,3,4,0.717,0,66783.50408907131
a6326168-39f1-41b5-b90a-bb531878ba86,0x7d643d3a4213fc99aa0410fb648daff6baff058a938d3cb086f13d11534cf6df,0x9b026565e1dbb5ceb6a019bad2680e0ba211e5f4,0x11d90ffc9c312b5a2ee73a522b2976d3df3f273c,973.672935,ETH,137,58570567,2026-07-23T05:24:49.028912Z,0,7,1,0.707,0,49944.73971943887
647c574c-c8bd-4bda-b60d-16de15230551,0xbcdf5842a5157eb4e25699d06451f8ed5c8eb9c65cde5d390e81057e20988f5c,0x9f165d9e00e6512ae92094998e5119057237112a,0x725ee4886b6c48000465710782ceff82ce73c2ca,525.242288,MATIC,137,58742240,2026-07-22T14:16:38.034367Z,0,1,2,0.7,0,19983.338980259447
90a935ab-3f8a-4690-885a-8a9cc39b308c,0x57f74d8f65d7c2ae58f6c894bbe8e1339d3ad23b51ee7752419650d796adf46e,0x7d4dce258c442bde33c4672eeab355def79f3782,0xd4dc3603395e1af10621aaa56b6d86d429944156,982.275685,USDT,137,57147523,2026-07-09T13:07:01.028327Z,0,7,1,0.913,0,48021.88684234562
c5dac94d-eecc-48ce-a636-81814f95cd9a,0x4ea72dc4cc7536e22fbb7f346d5d7b994a6dd25315fa00bbc89dd6209d9e2ef9,0x142c45372ff097a04a3404859a8d790cecf17faa,0xeda62e32548175f4fe314428fe51a51e3ebdb89b,229.800325,WBTC,137,55818102,2026-07-01T20:11:55.031217Z,0,8,5,0.457,1,57918.25135636793
eda41d36-3427-41fd-ba49-605318d5d589,0x01674ecae3e25d181ee99eda807b15c60112f9b0165807e62e062ec5d8e2c1ce,0x30c583d62da164fdb7ce078b0a06ffc8a43b156e,0x75faa5ffe9f30d97eeaf5cd41106b222fae154ec,384.419864,USDC,137,57906633,2026-07-16T00:20:36.025089Z,0,1,2,0.366,1,51764.24851022743
0429d991-63dd-4054-bc58-8968bfa5b01d,0x663067730f2780d027f1710100adba88ce89ffd4a1f353a359783fd47bc367c6,0x7703ed394ca088b544d2471f433a04ac7efb1281,0xe5b10ce1ee4e38e35e6933c83f88e215c54eda5d,558.213778,USDT,137,50593936,2026-07-05T11:02:08.033219Z,0,10,1,0.787,0,15607.386547522172
3ea04356-7d0b-40a8-9d35-9ce2cb653baa,0x38932c2691a76c5d366fc54d96832dac414fb7f4e343bbdf2834965c142acbea,0x1cd2e3ba5bd5fc123538afdd83c4da847483a6ea,0xd6a59e74df02bab1241eea7e0b13b403c4a26c18,350.234358,USDT,137,56462957,2026-07-18T12:41:54.028980Z,0,1,1,0.522,1,52862.31221479627
80b1148d-c7df-4d97-8fc0-a4476f287e34,0x9a92f9d70d3f1c43d15fe112fbac959550eb88398f9bdd432dba7ddf49258e54,0x5a7c2f6d81040dbc92a3e8d26bce363a8e4c30e4,0x189bec4c90b9b2eca34857b943d5d488437da5f6,110.018527,ETH,137,51864141,2026-07-03T17:43:06.026234Z,0,3,5,0.894,1,71042.1321358245
36470a8a-c518-4952-9d69-e2465f159ce9,0xaa74179e52d9a81fd1b9300fbab2b55a9d4b763cb49d3452436b7495b00676e6,0xcaaf42214605c68acf576356d0f640724ebe7f8b,0x10ef91ad9f75e88d62f30fb6ac6a4bc59e869e3a,824.939812,USDT,137,56857730,2026-07-06T21:23:42.026794Z,0,1,5,0.563,0,48656.01670167064
a25b3a95-9c6e-41e6-82a8-cc85c3740cb3,0xa66968c67952d3f2e21773cbe60e1e84f821e5a4055561427e79b242610ba518,0x31222a37f42378ce6ca3f65b9c2637e28e489ddd,0xac8d53ebf11b1ce797681b59bcb39c8a7a0b7ddb,909.354126,USDC,137,55107624,2026-07-07T01:19:52.026597Z,0,7,1,0.496,0,53138.934456877156
41fdb76f-0384-4877-b29e-92dfaebb1a83,0xed8edf2f251a63e7742ab9dd5724891109baa24ee0f2931183de1710f635d313,0x11deed881dfc85b79c227ca73a2adf9b92240a5c,0x234753821d7aabbaca805654b3898042a57bbc0b,728.542468,MATIC,137,50588834,2026-07-20T13:01:12.031576Z,0,10,4,0.332,1,9712.297670653787
dbb932ad-1165-4738-b181-83c6198ad1fa,0x1cd5586893d9245739a2cfbce685a3d370ef340829fd5eb1276f05b3470211ce,0xce5a91f81a9d45d521907549acdf9e67f175bf9f,0xca5a0f5e9a9483ca0dc6061a1292eab50d6cfe05,677.678108,USDC,137,51273116,2026-07-08T02:14:15.027400Z,0,2,5,0.509,0,4164.687584827622
840665be-412d-42f4-bb56-770c2e1505f3,0xa52ff8e77325765c6b751de9ad97588adba8b277fb385c3fc75481eb55be06d7,0xf498fc095d5803b98b5141a1ec532691cd6a25e4,0x686aec57b034d7323cb2c4601e19214f52a1fc9c,446.755891,ETH,137,52694143,2026-07-19T22:16:00.031956Z,0,1,5,0.692,0,39690.97531647156
523f31c6-b1f7-4830-9dc1-3916fbbd3982,0xe2e514eb63c865fd2b5f22a9afee796b1c776352b78c0c5b8a5b12288c90194f,0x4cd2be8423985f4a8ae75fc5abb3df5b09e6a891,0xa55a0d4e49c9a3ae9e5e1a300e9d1190c29a202f,34.365706,ETH,137,52637483,2026-07-03T03:56:35.033469Z,0,2,2,0.689,0,27402.799753181815
c9ca7d59-f548-4c69-b539-bb7179539031,0x624f40254fb6a1136228fe4a308c844dd2cb63b484b0e98111b98302902b9c96,0x96fd7167f36c6914beb474810cab8bc8c8b5820c,0x1033485174dc50182e85ec2522686e877a16d6ab,170.217417,USDC,137,51535391,2026-07-15T20:45:15.025860Z,0,6,5,0.853,0,35932.57425470729
354e78e1-b2df-406e-8cc3-d379716ecebc,0xb596c5cc8a671576b3b81a60cc2d4e96c87bf9b0369f2b7c1e9967ee34462f1d,0x45e8ee07d31001a53ad601b56d025ad9c203e814,0x26bf9239d2a99cf5c1ec96507ac354645660e58c,782.882478,USDC,137,54979566,2026-07-03T00:41:31.027470Z,0,4,4,0.335,0,12730.720622015704
e839cfc2-ebdd-4624-a7d1-8d18da7056cb,0xc1c861dad5e27c2a6d0847a5bf4ec0ab59636ec6aa8ec8faad733af9e5d2cdd5,0xde833eea4bccb0a6e3ca81b6637aeb9e007082ae,0x0a1f1aeeabd61c4c1ba5f6178a8914b2e87c963d,374.171024,ETH,137,54763136,2026-07-28T09:28:57.028150Z,0,6,1,0.413,0,3862.771150190156
a0570b04-a0e1-41b7-a9a6-eb08b3f9219e,0x2c1284f57d69339dd3b5c1aff03695863f4d5c72351dc31c2e0f6384ce30cec3,0xd2a8e48fd9e156855aaf5dd4bcd392ed4bdb3929,0xe214eceb2f8b5cc561d082d0368ca16343ef180e,389.58008,USDC,137,55762475,2026-07-21T12:48:13.029475Z,0,6,4,0.894,0,84265.5148653551
5d1dea40-ee00-4981-8f4c-8eafa9423088,0x94f4f3403783239a1fc84f6c47d0b6e69083b6a2c6def25c45535c0a4f7dfb08,0xb597d73b7b1be769ab4c9b327f3b8112d3bccbd6,0xb3d8a32938c061272e1f650a8ee351881f3ef139,69.062472,ETH,137,55321340,2026-07-01T14:03:35.024039Z,0,2,1,0.698,1,17390.386049828656
5c120006-0b96-497f-9643-7fbf089d6147,0x7fb1e2d43ed709dc88862c142db8b2cbb47944c71d8f84cbcd13b3a5252dbf85,0x96c28669fc3ece19a9ddb284654dead9c77fe37b,0x31bc2f80b17ab8c5b46e1209943a6f5e3a94cc86,668.129146,WBTC,137,55894609,2026-07-22T12:17:10.027183Z,0,5,3,0.318,1,49668.261901248334
0198cc26-1115-4855-918c-ffeead4f1023,0xbb88983956e56175b01de8890ba9b5e941b3fa0266c1b8fe08f552d751b751a9,0x825539e46cb05a9c60e5f4624a086a964d829e27,0x7012a82a0c1bf2a0ec28eae13894ecad68738582,498.675845,USDC,137,52541589,2026-07-25T20:57:24.029218Z,0,1,4,0.348,0,82475.46255807117
aca9844f-18ec-495c-ad8f-991f89a58f88,0x196ea6f7f8a36aeaddf0673a9a927567a3ced9324f0395e5b9c085956c9a777a,0xeae5847b2b67512be4841042e2849f7ca7234946,0x0810ccbb89d3d2e96b7b6d521c31c45a0e8940bb,4987801.865079,WBTC,137,53854211,2026-07-18T19:08:17.035506Z,1,68,99,0.388,1,18.711663460505772
ec46fd09-c94a-4cf0-8cee-305322982526,0xce08384e32cba8aebd1e51ac6c84eea75570be9493cfa20aae27513966754fdc,0x6ed1284b1ecda8124ca4cbe454fba4dff9b692b1,0x5eaadc3fb09046a2e87c8683c2a3529ffd929ee4,2883353.64378,USDT,137,55638431,2026-07-09T03:32:52.035598Z,1,152,49,0.746,1,27.18168241327522
776914d4-d4c9-4670-9502-cc404a208ad6,0x2110518ce37a4641dae1e5b2ce428a169afba3f5060643fc24dd2a4618033c20,0xa60db5c671d5a05e08b3ed070510496ba6fd5aac,0x66903dfa34c86331b21df39d250ca187365d39ee,780.955561,WBTC,137,51694437,2026-07-15T17:48:52.035248Z,0,4,2,0.941,1,79360.31383649762
d6812b74-699b-4a3e-a816-0750c8bfae18,0x09f4a27cd2523c2679df3389541d308e5bcec9a278c6991df2422c65124b7b9f,0x23030fdd11a45182ec7d9f249a1efe1a3321bf80,0x3cde4e8ec85a25e2c303d27a4a151e7883561fcc,565.498832,USDC,137,57102604,2026-07-21T02:08:34.033286Z,0,3,4,0.633,1,49446.50308685149
26c2a09a-e0d4-440c-99dc-aef9b1d892e1,0x8f1a8f781733ae73b019e6f5afc0fba177546a7be393cb68d1108b26ed243b2e,0xd6c3cfea390621dfa96d9879e238bdad84ee4401,0x8aa3ecd5f58d5d928ce3a21a5bda4325b84f7299,219982.59148,USDT,137,55911268,2026-07-17T02:22:17.035649Z,1,97,23,0.613,1,55.96804722200706
e35c28e9-efea-4c75-a13c-bf8b9937bab0,0xe020d46796401cf29cef7c79d5bae7efc72f93c72119ac4552ba5ad24b8b72fb,0xa67f626506417427b618b95e87e442c77d733359,0x4824fbe1da36f0c761ee85fe582b0e1159bbfe1a,567.879035,ETH,137,55931619,2026-07-04T17:50:39.026088Z,0,6,5,0.973,1,70472.21074334798
bc08e73b-5a67-4bc5-a8ba-d724bf610b00,0x94ab15f3c208aae51f55b2bcd68cbe917d427f76e4733126c5e1631123f400ae,0xfde8118be71bdd072c30088adfe0c69675a1aae6,0xe73f19d773c4d6623da6972758a59b59cf7ee391,689821.345297,USDT,137,59643708,2026-07-12T12:37:10.035517Z,1,98,58,0.72,0,2.382379777652444
94f2bd9a-e6ea-42b8-ba50-48b30f1816e9,0xd88c5af27277d5e12545a302688dfa4ea59ea7bb78c197709dd4a6baab81534e,0x6b3563e0f67e24f624d0601983b01e10c46b5b6f,0xcb69fe31bcba07d144b7cb60bfd1e02458addccc,362072.469688,MATIC,137,58078306,2026-07-24T23:17:21.035639Z,1,69,79,0.902,1,57.486069682099526
34753f05-cd19-4450-b418-4c9b61b9258d,0xbfe8f7b6fd41ae6b77d12725610acd67999387438e7e40e3b629133939db99d8,0xaf2a25935059cd3fe2208e9340ec007e44e97c2b,0x93198dcc68e2cfb561eb99050b9ecc23ca45b13f,341.78008,MATIC,137,53153039,2026-07-28T03:06:36.032935Z,0,8,5,0.5,0,43255.470623536436
0cb27b20-491c-4272-ad65-bacdc33e2551,0xa3c109a8390ed050bfabd89ac00177e7741432aac3fe31f325a7232afd932836,0x284b394012cc9ca4f81b2d62804769bb46e51717,0x4783e864a2578eea081a89a2ed2065196b27c8c8,532.963473,ETH,137,51206844,2026-06-29T17:48:56.032524Z,0,5,1,0.384,0,46508.92749403902
49acb5de-40df-4daa-9ac0-1b5ca502306a,0xaadc4c50b37c2177b15cf43bbe9fb96ea49e8b1739155d166c46b848bd8de696,0x2f849a79064cc9d7510080f38e4bcf71af367ac9,0x0d5f8c0b3c747d03a562656c361f5b55b5912c13,528.566902,USDT,137,50519728,2026-07-16T00:29:17.028808Z,0,8,5,0.591,0,45295.996609449
ed2e23b0-3d2c-4afc-92c5-3aee8d6efd32,0x00f9e3cff57052d35968c2bd9778f308a0a4f5ac4b35e2edcd59e4175716fe0b,0xe5a26acf9c3135c64ebf3a52d4ceae385244ece6,0x6e896f834664abe4050a4077bdc096615700718d,587.164359,MATIC,137,58028593,2026-07-06T05:50:49.026488Z,0,4,1,0.652,0,31805.883974746284
ada2cc8d-9983-4c55-8cfd-2c3fecc6f94d,0x86c22a03d0157d183c161d358a5783b2366e1f0468e161ed68252103446fae7c,0x3daf97c0cdb6cf500426803d2b6c3e9c6db01a8b,0xae00fe9b951f42331a179f856a33588cf2adbe81,638.457511,USDT,137,58335668,2026-06-28T23:45:22.029918Z,0,6,2,0.786,1,6451.275943647166
566999f3-1ec0-4837-a271-72c379e9e465,0x6fb7659f45c49646c7ec50b8c32f07b4fd514041724081b77f600ccb1b7dd2ce,0xf49afdc780929852a5d95cb414f071586b67fbb9,0xed2c179ba90b6f9680c0409ebb2ad8d11f336e32,900.465508,WBTC,137,55994001,2026-07-08T09:20:19.033197Z,0,4,3,0.626,0,80726.83084798022
c4d054b7-bada-481c-9e78-cdc1b21c73f3,0x47c4e4b41c0b8cf0e67562e67ddfa22577e53d84043cd4fb61df6d13d1d893ee,0x581eebcf1ac2a61e45fbb425d0899f5e2f36c85c,0x6a56b72eddb9f067be4650a25b987e7177457414,556.750677,WBTC,137,59385588,2026-06-30T14:10:21.032833Z,0,9,5,0.606,0,35938.15434014044
aadf09d7-42ae-4007-ac82-19046a5ef151,0xb3bafd0aa0fca1dee849c5f457bc78bf4659b10f70d13ad6f9cc52982e20f072,0x27d6085270858de030e66f37decd62ff87f17dc3,0x6c2aedeab9302f6ff4370b231e0f26b5d7f960e6,525.546293,ETH,137,51599859,2026-07-06T06:35:47.031486Z,0,1,2,0.671,1,26540.093657688354
7d61869a-e227-4e25-8eaf-a3b0e31b8e62,0xa66efbdbd2fb1de4f4801bdb7d4ca059431f8ef94a8b098d307c070733fc703d,0x5cb561488aeff88771edad231ca66bb901fb795a,0x788d2b06484d2a48ae99eaa54d06395e5ef74da6,935.505263,USDT,137,54342612,2026-07-12T06:46:07.030461Z,0,1,3,0.512,1,69348.4410278553
46801363-15fa-43c8-91d9-f81c88a00276,0xa1685c7b083168357fabd2f92ac385846178ff76678aafbd3697fe7b6cb2396f,0x77fdeda54d683c43cb361059d0206b80ff983efb,0x2b7ac0a497b70471004a6835678c1473bd285b14,198.689946,USDT,137,53009836,2026-07-03T16:25:26.029781Z,0,6,2,0.537,1,35116.57109351742
1f5ea384-487b-4999-80a0-b4da1f1585bf,0x64d95e77f26985a2275e6172fd94218be3008924041e463dab2778fd7ee3056f,0x772af13898622007e9ef3e72e30ae4ec32ad006e,0x53ffc3ef49a6fc297288a903c4598946f7674b18,454.01868,MATIC,137,53505682,2026-07-13T08:22:19.027945Z,0,9,2,0.447,1,77717.24136646968
6b9e260e-7f7b-4a8d-995d-cee0be9bf538,0x035af2e42c25fee5493a70c098630785958e6812b9bb818bef92369423fb082f,0xeae777526db3b8f29fde83ce9ca2c1305328b714,0xe04b06cf71b8dacbbc9db3b70ea0a29be13cadb5,983.614253,MATIC,137,54314096,2026-07-17T22:56:28.026476Z,0,8,3,0.722,1,61138.84303026878
66a946b4-e5d1-46c9-a1c5-4f784847fb51,0x4dcd48cf5087d648c85a3b5d3e8d2d831b76a8aabe71b6008cd42adf663c073e,0x466c1c76db675e679d12602943188d7c949a0021,0x02797de402ba69b6d8ad779aaa0fd38ee59c2c96,943.28229,USDT,137,56167029,2026-07-28T06:24:35.033974Z,0,10,4,0.901,1,2454.9380153349293
9540e2c5-f851-4bb1-94f1-3c6281818358,0xbaa31c5b95d62eef9e9f6dbe1505faf1ad7f1624d6f3625b7c762162a0a5d75c,0x198fc358754aadda0010bb71557560b143987ec7,0x8418c4994314e34873039979cf5427d7922d7d6f,93.283139,ETH,137,55186355,2026-07-25T13:04:53.033514Z,0,5,4,0.746,1,71134.55298454137
12f30c27-084f-4b96-9cea-41b8020360b8,0x5b913625e1e72c187c165eec1867be5f7133cdb78786c5a4dde03ecd039b96f3,0x84a25b8e6e657cf5eb00dd668f3cba45014fb449,0x32b3732dc08ac54fbf28587b9fff330fe5209380,964.657889,USDC,137,56042099,2026-07-04T21:29:53.030316Z,0,5,2,0.953,0,14448.16844575945
51889696-2957-4b6a-841d-5f99619a438b,0x5e99dcc1b811c94269c52d9b1e7c88b16860105e338ad6643f92526c387de8f0,0x71905c05cae762f9f2595f6ea559b0daf877cfa0,0xa0bd42cf2eab69294572ce7df47565c46e714094,932.396256,USDT,137,52835928,2026-07-10T21:51:00.035144Z,0,3,1,0.32,1,1546.9585305332714
f160c81c-4761-411e-a7e6-a2d172a9d1e8,0xde4cad603e3000df2f213a4a0da4d612d8900eefb80b4980674ba1123e622972,0xe3abf8b12adcded4cd979a48d879752579664ec3,0x56cce87e9e072f8046bee768b46830c030392377,671.426565,WBTC,137,53342735,2026-07-15T14:41:35.030112Z,0,4,1,0.574,0,60162.84003417746
3f4bf3f7-0bd3-4089-b8e5-2c1e34c1640c,0x53780220e19e1ba7ea5ac46bc6b5339be0feea94436f4d6b4244b508e60c7fd9,0x01b16c9802b3e8f9b2a5bdf8cdbe47be6572688c,0xca95e6276aa760204c31c9df613c9274bac95269,160.01232,USDC,137,59327402,2026-07-18T23:58:48.031767Z,0,1,3,0.539,1,50482.47918213609
9a78c4f8-54dc-4f47-9f51-37a183ef9cc1,0x232c35f4187eed446b6c0a9f2c9f9d170fbe86fc70af52be2340307d3f61c8cc,0x98166f66534bfd3f3378d0cc79ea0cec54696e83,0x45a2a2af3243c9eefd5b0a7864ebaf4b9b15b848,724.134883,ETH,137,51693064,2026-07-19T11:30:39.029907Z,0,9,3,0.607,0,56212.04253201654
5f6f2413-275a-45ba-85bd-be2624e0fd52,0x8640ef4e506d8f19e5df6b31ca05da3145963b6d66b36e6988bf0c0ef8d6c12a,0xcadb320ed4f0997f73ff75a41061e283f30d0321,0x8fba82c26d54adaa65880b5b83e5779b6c3e531c,379.136745,USDT,137,56539839,2026-07-04T18:11:46.027354Z,0,2,1,0.531,0,25553.076879109092
5b6997e3-90cb-43f4-969a-a39c4c8c5081,0xe8c347412c57e46837d1505919a0584230337c3aa8c1775f9484b8c9e02a7de1,0x93c407d84d8158c3e40375923fccf8a69ae9bf5c,0x0516ee27022dee998bc1fd5fcc975f781ec7ae49,202.995202,MATIC,137,56752609,2026-07-23T08:46:26.030180Z,0,1,5,0.305,1,39173.16936645739
2b172d3b-e562-4484-94aa-805b6ee059c4,0xf91d93356a381c7f944dde13e0f2a37387fe9cc0ca0d0cc02ae46064e60feaa8,0xf838c7309e1906d1a9d9d2475805a75e6a36dd43,0x406178c68e101ce42d72d83ccb4363a3c10627ab,945.969457,MATIC,137,51047047,2026-07-12T22:46:21.029391Z,0,5,2,0.547,0,8471.009900516785
38a3e52e-830c-4714-a375-f8edc7c774fa,0x9fb625dc339ad8f59c20962b8bf1843c6ce7fa78ef5e83e9bbde89993b131792,0xa41f0fa19284120afdfe1e4cd8be10f03d542b21,0x058d298c0c47dd030b3ba34ad999ca3c8bfa5c4b,184.882641,WBTC,137,59059725,2026-07-10T13:55:38.031273Z,0,5,1,0.752,0,59460.696339999435
5ab3ed5c-7e3f-444f-b9cf-7f98f0baffdf,0xcb550fde2a79af3e9ab6d9e04dbb5b74d14d35261d2ff9676f4594e7692a0575,0xb7205a6e0286ef45479bffbb7b3bf444457e7786,0x400b7ddf50eca98ea7d70cfa831e486e88a680b1,472.493398,MATIC,137,51370406,2026-07-04T17:04:39.028693Z,0,6,3,0.304,0,36286.888607690635
09964f40-073e-469b-8139-689605231b0d,0xf90fb5a0120d08003fbb7838a71ae575c2ecb77f863a5bffdd94b721a57e8bb8,0x83586d57678143a348c2bbdcc9a1cd195c7b5120,0x8e39ec4ed58537716b8e4f2afe39108d857bfbb8,644.360564,WBTC,137,58955451,2026-07-05T10:42:15.025136Z,0,6,2,0.702,0,57626.6005171649
51758cc9-6db7-4420-835c-a4f719212f2e,0x8d4e98a658290d4c55a46073bae766146bd1298838bd8c8540d30cc05c06bbf6,0x72691d3d392db84d2327c7686ae1c69c842be23e,0xdace5bbcce867726d9865bd6f309a1b497513ba9,26.059554,USDT,137,50234611,2026-07-26T05:26:41.033389Z,0,3,2,0.738,1,32290.63186950353
d87921ea-787f-4245-aeb1-ea8e5485888c,0x06064df3bcb3b4bf3404f2aed3e71f0031b55cd305540632adc485f729c0bc2e,0x94e25f81a92c565e62c7a641ffa6caabfa6887c6,0x8ec0829085af0e1b4e66804e4ba73c977c6fcfca,647.071855,WBTC,137,59579371,2026-07-17T08:54:50.033412Z,0,9,5,0.427,0,61240.4714513706
d06458ea-5f64-44e9-9fc6-de3dc1ca8b9d,0xa9e99ada99057eb4c008fb7672e9d51419a021ad187b440f1d73d8d028c7cfd4,0x731d50a6ad658835f760af14562683ae67b71165,0x6858e2735b1fc22e8b52fbb6d651ddfa66c91ab3,462.185536,WBTC,137,53980306,2026-06-30T01:04:31.025617Z,0,9,2,0.848,0,86309.65672069856
224e13b5-e312-4375-beef-4e06e813f8d3,0x1701340e3e78fa8b4f986035b9a7b27362bd65cfee7b71ee70c4c8a83eae36ed,0xf14e1f4422f5229ccb5d3c89bab95a66e94e10a7,0x7afc5bf0455c738cabf1de4905550dee36ee87a3,424.474041,ETH,137,50196081,2026-07-08T20:38:46.034333Z,0,6,2,0.557,1,82380.21672186334
99505be2-33ba-4f83-94f2-a4f1b9c1e812,0x1b75433314778cde097025dbce7e6fe9515a92a410de09bdb3891502ae0814ea,0xef6b30c0ea8d83505c3e1cd6497fcf90647b45f2,0xf35d463c3d713e7502ab3a91bb5b5ad71e57d7d1,559.211687,ETH,137,58715155,2026-07-11T09:12:09.031464Z,0,9,2,0.381,0,58223.787113109145
d731ea5f-2552-40e1-aa58-43302988fcf7,0x98382922603fb8558d189c0b68f84f0f46a4f11a19025b0e07263e6d661200b9,0xcfa319b6bcd1ff55bb1d639d7fd7312074d1990c,0x51f401fb636686dca8363c444fbf7b5435434d04,126.59093,MATIC,137,58839579,2026-07-05T14:38:17.035124Z,0,10,1,0.761,1,44358.85174585458
fda0e106-1e90-4f4a-9d22-bac457082bbf,0x5e10b38204c0a43fffb7856125af5b44187a3282251f7c1c388bcef1d6194539,0xba9bc1914c56593542e9a8d661c57f48b0433b45,0x3183738e453d892256dbe3a2f51488647d352405,563.664307,USDT,137,59594804,2026-07-11T12:36:05.029816Z,0,10,2,0.301,0,86161.24171319738
e7661c3a-2fb7-4bb0-a3c0-cced14b2d95c,0x268c3afb05cbbc0419574a715063331adc0a66a46dddd13a902aa30b3d5fafed,0x725196a1a25f9055ca8dce94d2994756e826ad24,0x7ccd44ad111f2cc0951e7ccd62c3c4a93ce0a45f,296.38581,ETH,137,50435453,2026-07-07T23:07:52.029263Z,0,10,3,0.321,0,29043.18556177616
9bc29469-ccbc-4075-a8f4-307613ef6456,0x9b868a6142776c72d18da31b8d22cc71293ea38db340fe9b01b02a29c2a3c080,0xd222bd751842dacddb0c29e0246ec65d7ff9ba39,0x1ad428c93b9a1c209549d371dc53f5db1244a0e5,808.851292,WBTC,137,53648713,2026-07-10T10:39:36.032193Z,0,5,4,0.803,0,34181.838298142124
baadc60e-0ee0-4ca4-bea8-3f653bd19097,0xf0dba86e969a3a36116c303428fa46b571f202bf5a1129c1567b796851758fc9,0x2941257261953cb5e3dbb2967a1f7a34a5aa0ba5,0xaeca3595f2556718702ef0d0757443c2ca02c9b7,872.566054,ETH,137,50100906,2026-07-08T20:29:35.029725Z,0,6,1,0.431,1,26503.785483142066
6cd74ed1-7d2a-4e79-b0aa-2dd5e5d43051,0x26d19cf63448b2d12b5cd3cd329a0168cba35aa0af1d9502c022d67f4847aecd,0x5e6cba4791db1e9223b9bfaee09deff6c054db9b,0xf78beeabe88febc8a0c0ed35db4a4369d33db0af,4251068.769002,ETH,137,54194394,2026-07-25T02:24:32.035495Z,1,62,19,0.521,1,51.095290319251056
84a4f3cd-ab08-4a7f-a3de-32a719fb69e0,0x56da2a07f876177a95e31f54d51c1715df9a9114ec9356256ea5218b19aec41a,0x12d14ffde5e6b5f3db7fafe32321ce8036e9508b,0x6a5c74d4607812e7d9ffddf2d66d771706936320,449.21264,USDT,137,50429262,2026-07-12T01:09:31.033072Z,0,8,1,0.538,1,4173.295374064259
a3f8dbf0-971e-47ff-aa99-a3a6a0856851,0x663abbb2447aa7da6b16949acba2c8174a7dd932f086f490365a24ba22285a8a,0x2fac49c6192a6ce25a7086432f48b9bdb0175536,0x9b2a6292d28276dcb4e3b76d28d6a75a5fd6f418,891.372046,WBTC,137,58972913,2026-07-22T09:55:05.028637Z,0,6,5,0.566,1,10430.508392297694
9801fc47-4f10-4fa5-9e87-36e6d5163598,0xc2ad6f8155b0dfa9a8b1fbd050e1c9064d8c7b90ea1b75cc7cd7310c2a9a3c5f,0xc1b46727345f1146babafb2c9b6766489b388e60,0x8083890a087f80b93bc36ca938f4904654d14f7c,402.498705,WBTC,137,58267532,2026-07-16T06:20:41.034718Z,0,9,1,0.641,0,36052.27690783904
cc4594bb-cbf7-46ec-b137-2eb3aa5f167f,0x9d1ab7a3f7a187e98ab95fee6c9924ea169a422d0a1a94735545dea6a72ed35d,0xfc9068c41cadca678b19172391242042dc21613f,0xf44443d8a0ba8bc3c28cbd1eb752a6a5be4f9f30,4408200.618427,USDT,137,50226558,2026-07-05T06:22:24.035771Z,1,148,74,0.568,1,13.30675506616667
8b9a2ab3-281d-45b6-af8e-48970b3992d2,0x95cfe929740e9cf25e38585cca4971294e1b5a12f1f3d7b4e340175fef2d2977,0x2bad86916f12a053567c9f04551aeb9b2060c220,0x926fb141159c03bdf5dc203fff59c3675a965d0c,773.53293,USDC,137,55428845,2026-07-25T17:26:16.034252Z,0,4,3,0.685,1,3252.193161753368
8a648efa-d664-4b50-92f9-31de1dc12145,0xd23c8e058ddae13e0621cdd8436e214f5fa1334ceab2c1d28432d40f3df13375,0xd52ac980a22ca2cd50c8282e98967e4864b61d90,0x5baf63842c1e01a3b1799dde7204c87b16a8cee1,334.39913,ETH,137,53291000,2026-07-27T18:55:27.030934Z,0,6,2,0.428,0,80688.1943102347
052d3e43-db91-4065-a171-8195df730819,0x109466c1fecf14bb0d066a75598279fe2e2d623353622b22327e137fd4416db2,0x71c2aa71dcc4a08c97451dc71edd91d0a91082f5,0x2e7db5c20a2262e496fd5d4eb863ffc514af43be,625.172009,USDT,137,54275865,2026-07-21T00:43:01.033039Z,0,8,2,0.794,0,62244.87034509966
17dd0030-9c32-4172-a1db-42ad6bc0af13,0x20cb69366b3007ff047f2684894a5f6514fc18c2f06b027dd8f743a7e69d8343,0x1147c5574506014dce8a31c4dfdf8afe31bd8f88,0x9e9f8aa7a5ee0b9353f965a19614a13ae5f63f54,507.829224,WBTC,137,52450207,2026-07-09T17:33:56.034594Z,0,1,5,0.649,1,46264.14089763986
bf78fc00-2350-4824-8885-d585f328efce,0x5265eff2ac7715798b6166f8cf29c68be568bf152819ff90f711e37f152d407c,0xd8b4ce028245fc2eefc64bf7671bf6b18f301e8d,0x2887686b4875758576e741963d6d54b235b20ac1,210.79623,ETH,137,59004731,2026-07-21T17:01:15.034877Z,0,4,1,0.302,0,69171.45956820472
c8c85d81-b675-4dbd-99f1-8153528f0b82,0xdcb7e542e2a18dbfdbb787233a49248e3ac4d9827759e43f6971ab4e1c393f50,0x6b7cf8c89a8d7122e42928765198ccd712cd71dc,0xcc02a478a9e7f02259783318881f0e0b2ea23f15,3223690.060227,USDC,137,58245141,2026-07-14T06:33:35.035937Z,1,111,54,0.444,1,53.36278033731825
73adbe33-497b-4568-a577-679821df259d,0x940da6334f92c61bfdb63da92f0a2f9cecd262057cdee1874157943f2dd15e6a,0xa1b21274378c9c878844f263e81900c85c76f6c9,0x5b7ff0e3c6b131b9a9493e8bf0aa4a614db3dbb9,541.992736,MATIC,137,53405889,2026-07-25T14:55:48.031645Z,0,4,2,0.467,0,5381.0989461270865
3168fbc5-780f-4a2c-94c2-7db348dd41a8,0xf34891498811ac4772165085883e950e90a9855623fc38b468cb05dd239b6ea1,0x93d5821712065dbf8a0dbfc4b836766ef065b34e,0x1cdf6b7adf6959a5334fc10c2400f8751a5eb925,444.049722,WBTC,137,54447477,2026-07-20T12:15:00.032330Z,0,5,5,0.575,0,85476.5251652017
8a5d29c9-ff10-4a55-9afc-41c6692e6dd2,0x4d0d3da0cd91a62b76b930a983ed962604f89fd098db59e8757251fe1f43d25d,0x402175f6c7ec92d94ce8d25e2d09d2fd4f498f74,0xbc2629d3900ea4d5e562eebfcca8841e4daf0e1c,676.711248,USDC,137,50489926,2026-07-05T22:56:31.025581Z,0,8,5,0.632,0,67694.89792520064
54bcfbc0-e06f-48ad-8cc6-17e3c7b10b8e,0xba53432ccb8d83222cb9d7f36c52151e1de9017fc3cbf38942a80abf34b8eeb8,0x17724ee5580efdce9b528a0e16ac72953210c47f,0x83b1dc9d0e2652d0e305210901a8d6832a901f1f,477.613889,WBTC,137,59701088,2026-07-23T05:15:48.034707Z,0,4,3,0.571,0,61758.45226898818
acd37d1f-a010-4830-8044-da1d5ebb9d9b,0x667a5601187453b7824d178387e341991e707aa39c10cca356207a19c467c3c6,0x59e79a01b78f40fa79136359941e28bf9761177b,0x1e49e5f5fce5299f5f0a925555b3e19be0fcb30c,874.6361,MATIC,137,54306352,2026-07-07T14:33:54.029736Z,0,5,4,0.99,0,46292.286715166585
203a4d91-4702-4487-b902-8e3b606bf121,0xa9b01be5e41a07331eaf1791d92abaa4fb6adc5ad92fa94aa109db00bebce964,0xcffc58cb3c31c110e42a2776c227aecd23b54e04,0x115eac0ee91f80f5f0f5d7b580832ea7b3154b51,202.18244,MATIC,137,55620070,2026-07-09T12:42:56.026928Z,0,1,3,0.508,1,19137.728544464793
d2d77f62-bf7a-48e9-9084-5789d618491a,0x11c35b71467c1bb5bec108513d28ac1cb903e2da15573dedd2f59be9c6958628,0x7eeefff2e6d89af6cc9e707f796cbaf1d0cde35d,0xa2252e4374147d49e85a55236cce15dc3d6ba457,432.887419,WBTC,137,51517523,2026-07-25T15:56:56.035259Z,0,9,3,0.718,0,2450.661302441304
4caa4709-6448-4217-9503-401be16d9cf3,0x6bdf3c2feb6d1e5dafbf7852422223433dc0b797ccd756088679bc2466a02284,0xa204db2daa153eae469a66ce4c3f2f2e139ada52,0x2558b27a178528dca25da042dc01e450110faad2,125.006489,USDC,137,56593887,2026-07-06T11:05:12.029452Z,0,8,4,0.783,1,19045.749466518755
5ea76cb9-bc05-4a48-a9b7-3e9cde8cb689,0xf0dd2c871708ba8311bdad85d8145eb510fbc325dcdd619fdf84445b042ca47b,0x4b5e3a268c9b653f0082dde7f3daf731642dd51a,0xab41615d38f8bc37cdd75456c27da07a8a64d137,916.865657,ETH,137,56368351,2026-07-17T07:42:10.024264Z,0,2,5,0.514,1,47139.89343388932
2c659233-f449-4a2e-8eb9-6fed5d30379a,0x811f0700d5134e0e5378a73e9d976227c41e5572253ac328f442929b7c202051,0xc1110d73ac5c7fc308d5e7ce7f7224a2f2c45d97,0x1ae3364be9d00dd51c37f5236c420c4c6086bd92,1583542.440412,MATIC,137,50904926,2026-07-05T10:44:03.035538Z,1,104,84,0.786,1,5.071921113406176
764fc04b-761e-4dc2-b6ab-0667b451d7c4,0xcfae6a4393adcf7351c599530c3f1168b801fc08e41d037bc5ee1e0b8329eabf,0xc3b17603555eb69ddc2662252726f98917595fd9,0xd335383ce2bc2ffd4d9671bbbed5a5553a8d32e2,743.201114,MATIC,137,50114229,2026-06-29T02:49:12.034355Z,0,4,1,0.596,1,65685.99339932819
97ccf3c3-7d9d-4464-b998-f8ca67a6e4d3,0xa69652ee2480891c106619ab6dbb8b4af0f788c7c2c87474312e077b98bcaa32,0x8097eb652d992f18b55ef7d2eb31483ca235a39d,0xd9f851d67ef70f7f29ad49413359deac7d748cc4,412.663123,MATIC,137,58006681,2026-07-09T15:52:14.025668Z,0,1,2,0.583,0,25116.61417645972
e685d3d3-23b8-4ece-998b-755a7bd14e3c,0xfd4cb97749fd9c56051b5d5fa606218ff6b9b1d282a0965e5ba66942994b1a51,0xe6c4e6d9fb28d5aeee8a10d76d746c1b73696bdb,0x63f51630f13bf52041e67cd9c080fafdfae71e73,635.93672,USDT,137,58942348,2026-07-18T03:44:33.030146Z,0,4,4,0.354,0,23648.748346645734
6af37d9b-369b-4abf-bc05-a9cd608195e5,0xa31b6cb5e220e68f4ba701628fa26abc8d4b4a7ba3bfd514459b2e064f7f1fc8,0xd79d86545b2dce9eb19485173d22688e00c0cf64,0x0f5d599755068c264a0b6ce7b98aa4281c394d6a,237.39845,WBTC,137,55287946,2026-07-16T05:48:54.033084Z,0,5,5,0.833,1,64229.06561687432
10ff0e33-e86c-4b29-b76a-d2657bd5b1b9,0x41eaa4a557547c85b1189c44a9321846bbe6fc2375212108b6d6efb5582465c7,0x782e3bb40c7c44193ec3eb93e429d68542a85a7e,0xce69005e7378eda184412bddaaa89c338a8c0aaa,103.672781,ETH,137,59466756,2026-07-26T06:12:35.034538Z,0,8,1,0.313,0,63121.0396287233
2384314c-7073-4677-8e96-11da36eed7fd,0x4c145b2a69466dcef8876141916ce3cbc20f4ec27d2c4b4c87ba585c7c10fa28,0x1c9caa9b377f2acf406a67f7549bf9859c76a4a9,0xe79a71f340be5f7c202c9ee13e072d6d9a240871,189.041589,MATIC,137,56340624,2026-07-10T13:57:44.027666Z,0,9,3,0.306,1,52110.742093807945
17aa6b8d-8b2f-463a-bc51-15f2a02fc319,0x140df69e6cb1bfbbb96eef1ae654a7f1a0d77b952c7449c61ba9f441f491bbc3,0x9957b83874fa40e6b89532a66a167ba0f5cbabfa,0x7e5265128243039fdf7f1108e309095428fba27f,2734543.308928,USDC,137,52611982,2026-07-25T01:26:33.035483Z,1,115,43,0.719,0,9.837202299344058
c84a4b52-1743-4227-a268-6ea0fe4444f0,0x6770707b8023a34001821512fb35b9bbbf1770b85ef96ea9cdd0e88ddc480203,0xd63ce71e6cdf6b5d7359abedc752c42bf1c29b2b,0x7687d2c313749416f98e3489c8ced2772608e33a,852.681743,WBTC,137,50023767,2026-07-09T01:51:20.025364Z,0,1,5,0.522,0,60812.21104646331
e7cd0237-5107-4aea-acbc-03b722ad37f3,0x35b5846e0ea4b44a50820b685f6dded8bf83896805ec9e869ba6a4115d5ab660,0x1cfb0fcd06989a8bc18ffc65f9cf169c8608b162,0x4607efce5611fffa0b8e32abb29cc7a2ed0960d9,305.358211,USDC,137,59167363,2026-07-24T22:53:12.034445Z,0,1,2,0.94,1,27105.833023875202
06146091-549d-4820-a583-2e00e8f54813,0xb47995425b560e233ca32188f9a84148d721b0d2b1766b0784b322f4c871f538,0xd99317d0d494d30b22b31b01268499fd0c888a51,0x4a59337107401997657b586174f87bb502d8c62f,478.444672,WBTC,137,56033868,2026-07-08T10:48:33.033333Z,0,4,4,0.563,1,53520.79572507753
9f45d601-640e-438d-b1ec-9062c29d6c1f,0x169ef241858f18dd1c9daac0bcdb486206f953c8692b00fdb732ef62d32436fa,0x61a4eeb6369aa7d4a9fba294e24d329a2bdcc361,0xd60fbdc8284c9f814f6166a400309a4a899d8b01,672.627155,USDT,137,54757819,2026-07-27T15:53:57.029229Z,0,10,3,0.657,0,31964.521338417348
b8e423cd-88fc-459e-a461-46fd820f9f10,0xef3799f9c5afb7f1d2aa2219792f4f3a3a14d347be09b528f9003a78f3aa507d,0xb1e1ef05bba9cd770f6e880c31c7127474f86707,0xd27ce20ff67577381e1fff99dec1c72d60634d8e,486.71676,ETH,137,55224990,2026-07-04T22:50:52.029544Z,0,1,1,0.881,1,45244.029272329
7de0457f-1af2-460f-91f1-cfaf8610954a,0x5137929f469ed8a7b5f7228fdac9e2b1555081f7c43ae6468a7487aeb4ac9730,0x208f7713e54d2623a38014047d0f9fa4b3cc1115,0xf80856c424a06bd50600b843276e8dee76debf0c,228.530756,MATIC,137,50076208,2026-07-26T01:55:44.024422Z,0,8,1,0.534,0,4087.396769961222
1c847117-2702-47cb-a6a2-cf4c52675dc0,0x5ecb19c8a0ad4eaf2bec7e084ab590407ba62f9132ced6bd118b298bf138bc69,0xcc2e08223f2008782ddf14f9b190e02df7a32ee1,0x14e4606872125369251acb6f7feba6682a69d716,156.535094,WBTC,137,53307707,2026-07-15T18:30:49.026064Z,0,4,5,0.466,1,22051.516526918505
f8b87170-c7ae-42b7-aa31-71f9ff7f9902,0x711f4be3b02a613a27cfa3a9a34f3bc6ecd451c488737df375cb9994d353c74d,0x4632d665a600beb0505824f4f7c7846d338a74f2,0xc8266f765ec068779ea8efc7706ec863d36f7fff,963.980066,WBTC,137,52179016,2026-07-13T08:59:42.029463Z,0,5,2,0.574,1,67053.47742718554
615a9a43-bc29-4066-b51e-9428b96de089,0x4dc0a33c6a6627fcfb122a93b675c1ba59421db679208953743323aa6a747526,0x411c38a7847b906c04cb8438d7a7ff5ee596cf5a,0x56e0a97111694d079d994a9dba8dccba7319bdea,930.482414,USDT,137,58206107,2026-06-30T13:04:47.031011Z,0,4,3,0.361,0,73672.23683323851
d8a899c0-0e4c-4908-afba-d49e0187f716,0x06514ebaf140aa50ff7d7ed4942c1940f62a2143af8c6ce6cd3e6704b04a3061,0x90910cd090bf610a218d1ef770e99ddebccf4112,0xe801a50ccb5596050ed5be62765e23693b53d0f3,839.949806,WBTC,137,58730162,2026-07-01T20:04:19.028487Z,0,5,2,0.375,0,26349.667429115845
84f27d57-7e56-4f1e-a4ac-c271b463cca5,0x73ea9620480c0d346cdc089aec5d3a87707eb45287bd18f426ec37658a60744a,0xee45ee74bb43600e0724133e5717bc33211c0b59,0xf31b0c3e5b43bb5f5e6a4cce24aa03e58f12d9ea,668.794708,WBTC,137,57536212,2026-07-19T09:33:59.028557Z,0,9,2,0.769,0,6937.540912406022
5b3d7b9a-1b49-4f85-b29d-8900452205d1,0x90089e87e7effbe217d1d505d0b244682f3756f67e7df92f92604cacc18eacac,0xea65497c029e45ea77b7bbbbddf7ce14f2145f0b,0x871e08adde9a68127fe4f89cb71de8bedeeeb894,950.801632,MATIC,137,58695346,2026-07-15T21:21:43.026306Z,0,8,4,0.473,0,52117.21794372292
3e35212c-bfb2-452d-bf14-e55f1e5f2b11,0x83f74852705a69bc91d02912fb3b1000090b476da9be0fdf339dc980ab3b2699,0xd7438cab8e6b39ad2ed062cd9e15847d28ccec35,0xc7e6d6e32c03be29a2061fb177d3c18188a1dc25,700.096548,WBTC,137,53767326,2026-07-25T23:19:44.026342Z,0,9,1,0.865,0,34349.82890528925
2b56c162-06f9-4b23-81e7-54f250136556,0x49eb4cdb57fbf47d4beb9511b0f9d553145d6cf0f39a60e45604b53edb5b7ed0,0xb030042e32183214186d8ebe6461340a1f03b9b7,0xe342e48a19581cd9230db0d87f0d694f9359f1ab,834.953071,WBTC,137,57588874,2026-07-14T01:16:55.029048Z,0,3,5,0.8,0,35648.2039639374
5c475220-eebd-4d5d-a48f-fa4ea4ec1460,0x1b93065df466728a1b7580e4be1c1f80309ead0d1ba2e82c4e664c3220fca803,0x81b365ff2bf74c0c50f5fe8a3d14231e4c861e25,0x6b782828c80581efdf01d50724a97e9d8fea00ba,702.577934,USDT,137,57952969,2026-07-01T21:05:27.024981Z,0,3,5,0.348,1,38343.51857290991
b1210887-02e8-4f73-a6e7-e16912c8c470,0xc7db62c10e4de8d38ff7c4878f2d8dfa7516ebfa2a0e8b4ef2d15dde58a9929e,0xb61cd33afab744482940c7c22ba1e4e6bef1960c,0x396f0b348758f3517c2eff637dbabbfff00321ec,249.67999,WBTC,137,56134588,2026-07-24T10:05:08.029873Z,0,3,4,0.557,0,4202.118704602962
b21a3183-0676-4f46-b17d-d07b270c44e2,0x6bf66555a97e17181c7c559903c7ef376b6c8bdacaeb226881685c3de70ab157,0xc53a9ce5ef289fa14aea51fb689210afb2c781a7,0x0c48e30b94f4f7e429100960e8771abb60628d22,226.092492,USDC,137,54972846,2026-07-22T21:37:11.034344Z,0,7,5,0.912,1,86172.63008536879
ea6fe97f-1370-44f9-8fa7-50f7e915aae2,0x2ad747133ed5db1e1438857182048b21ae78e62249b02860d7956e2a78b361ac,0x324d09402b650fc8a4193e15ca5dfd757b6064e9,0x0b5e306a27654c0ba43982cb7299601a5ced2d9a,972.976249,ETH,137,55487176,2026-06-28T23:50:42.033095Z,0,3,2,0.945,1,31033.84101217625
eb9de4f9-a7ea-4c4c-b841-cc056321f166,0x5fd5dfe83e8323bd1fcf52c696961c87ce2cfb5a26e27f7f2815685aa7699b82,0x9631723830ce05bb394ccbd17ed5725d1cb1bbc5,0xb7665c1ac3bb64456490dd7ed6ecebcac3b6e0d0,419.535716,ETH,137,57728693,2026-07-18T18:30:58.033570Z,0,1,4,0.684,1,3412.0187619733824
c97f7665-79a2-4a2a-86b6-ba550db4a91d,0x9d899ebe5181f364e20c0190c1a3fdb04f0e35988f3eed32bd0849d2ad52dfbe,0x07e574687008ab5335247da4f53f3e724c680863,0x52bcc7c8aebcc62e3dd403de6cc07edbdef47293,13.642023,MATIC,137,51843819,2026-07-04T17:39:17.029792Z,0,10,2,0.975,1,31959.580341345714
6cfa62ce-876e-4779-9ba0-8be9fd02d984,0xb682d3db174714cb9f57f9bf6d400af4c465eec1dc205809a533869e149b6707,0x0c7377c5f5e5b6e0629a966421eea4af2e874406,0x622e97fca3aaa74cc297a4aaba497b51084aafd1,484.23256,ETH,137,58877148,2026-07-15T02:31:41.034412Z,0,8,3,0.709,1,12176.461192001167
c5c0b3e0-4d6e-48d4-9d22-9ee70d3705ab,0x69e1e43c6412b3f31ffca3eb5f4ae42402587acecc17bc2679eb16ec38dc9162,0x080108f0fd2352a1a59ac13caa02f0cc61f35f5a,0xf898c73a89acf693ecfde2afea6a6687ee163b58,120.504068,USDT,137,51409513,2026-06-30T16:33:27.031912Z,0,7,2,0.902,1,60118.300357001426
1cabdcb7-ec38-407f-998e-59ce28546749,0x1f46e84c68865971fc20cab3bbfd1e4d9c6a8c73f1deb7ac2b649ca2b2e652a6,0x35aa722ce7ad132cc65155685562257435ffb6fd,0x7a88f021205da8937698780ebeb1cc3be24a9aa4,414.092758,MATIC,137,51138819,2026-07-26T15:01:46.035433Z,0,1,3,0.862,1,49617.871833467456
cfccc4e8-a866-443d-ac52-f9b699e94941,0x876b7a72812a5a28e94f7bf9adc4f7d0ab7263a4a3cd189ec7cc81bb085b6893,0x8394a71b328c57e1c189212d18bd3031503f8817,0x607803daac1a81d3388f7d43120e6e2d1bdc55f3,34.906747,USDC,137,54309226,2026-07-10T06:51:17.026149Z,0,8,5,0.896,0,36296.050065452626
4f8284be-ef57-4bad-8560-9332084a2c24,0x3c7255a1771973e50d9d1174eca1b7cd72111c614aae6c482156c5df2def19fe,0xd361dc1f6ffb169b435f04dc03db3808c7eef3c6,0x73f210ae89d3ae336e555b76391166e4f25e7b99,591.523502,USDT,137,56332915,2026-07-12T22:14:48.033436Z,0,7,2,0.501,0,2017.4286513515033
9d65f2fd-e4c4-44df-9ba6-630876b1c5c4,0x41444bb210b0a205117c066721fb9fa9c924644f08faf23b398d57512e69cb92,0x96949ba260ffd1a75c1b229f63a84990a02b4049,0x713c859fc2a9ebc70654276e3b6e6acbb4054d9e,420.331262,USDT,137,56959702,2026-07-26T02:19:41.031045Z,0,1,4,0.572,1,45086.73934025037
f76ac6ac-cc5a-4ec1-ac17-0c0e3c1086bf,0x1fbf5c82205128e109ec06c3fe579d7698e53f421130e79e4d557c37bebfc1a1,0x36e6e2a2197e237fa03e6611396e7e7970756d86,0x1910487c459bbbdfee518444f59a002c73a5ea61,535.025205,ETH,137,55341608,2026-07-10T21:04:32.034685Z,0,4,4,0.391,0,77488.2879193088
0c23bc6d-b884-43a5-8e0a-34e96728e142,0xfa30206910838023a158733a5bb2803b6d8db2376dc10616f3414b6392024b6d,0xa56e2949023cd208f0a60afcc357de7eaf770924,0x4d705f2df390396c847418ee158ff0914a0a91f7,188.740268,USDT,137,57323966,2026-07-13T23:13:45.028968Z,0,5,5,0.398,0,40189.325372202504
a0974fab-3e27-4880-89d2-e8a17f41e661,0x8a2b9ec4f028675013a9116f5ee404f98095c45e3646bd8a82141aefa102d258,0xda90abaabae6c0d9e890434117aa5536bcda0f9b,0xb63144120291776645f3d5721b1d6cad1e2e24d7,753.489934,ETH,137,50589596,2026-07-07T12:28:38.029401Z,0,9,1,0.53,1,6513.081980198979
7c65a8ec-c7fb-4199-b117-045baed4f0f6,0xae51b8bc1a7721502147a9eed7b65547327978da3d89881acadef9b68d883321,0xebf29ea9512483edc3bb9b63782a1d08f2b301fc,0x11feff6dfb587754bdd34a7f13cd9cb0a775df9f,956.186822,USDC,137,59318321,2026-07-16T14:11:38.027985Z,0,7,1,0.613,1,30478.27924859806
c22294d5-7b56-4742-9877-4878a692fd89,0xf59d5ab59e787285d1e53ce98ef810958effb8b3c1f6becfdc9c977765377993,0x39ff48724a03794c7c29d1330b940d11d487cb3c,0x463dae834a56e2c4ad7d72701432022f0ead4f08,437.236275,WBTC,137,59441756,2026-06-28T20:33:37.028705Z,0,7,5,0.656,1,80245.73490863162
c52cf912-4b50-426b-b176-bf3dec14766e,0xa9447e5bb77b7103eb15de40d0f506d24bbc9be5058778d2d6685bf4788f304b,0x118ee35526d686d8b3932a9437f955a78056719f,0xf828f9a4474059917bd4a19e1ddf5f0aecea6b2e,703.039088,WBTC,137,59902485,2026-07-02T00:10:52.026403Z,0,6,4,0.922,1,84528.82051786897
e088f9f9-9308-4a7a-bf27-077ac525a268,0x4fb66d796a66f258b84f3240e96ced3a1eb68d5a4e3498185b3ce32af969d0cd,0xfa052ff712a5a6b0473a194d07f1d9b78e060a75,0xaecc56636500abb72f1ce980e46b14875b3d928e,429.213038,USDT,137,57466086,2026-06-30T12:31:24.032624Z,0,4,3,0.654,0,74413.65511705607
d1d760e6-aaaf-4c9c-87d7-aad163cbd23d,0x037607235143c44306e5955f3628fa734576e2da0f379eb42af3af5900acdac0,0x2881165880932bd86db718049c84a36657e89ad9,0x46d8c7222e7c8892cc653858e1196e3afeee6de2,558.898643,WBTC,137,53414281,2026-07-09T21:13:44.032569Z,0,2,2,1.0,0,31515.39305397513
51549850-ff46-478f-925d-901267ff74de,0xb091b556bca058bb04965ffa713ac1b7f82980030d60405f6269bfc0d254452d,0x1bb98ce485195e350fb579d4389909d0e74f6dc7,0x5b83f904ea0107defe6f9a0f7ad779e58c1da3e8,995.504992,USDT,137,52785642,2026-07-05T01:07:32.030134Z,0,8,4,0.99,1,31051.953122275445
c1215f2a-9110-4ec1-9e5c-f3e55b921f9f,0x03aeae32fb280a867483a1864151de94a6dd7b72a34abe94572e54bc3e5fa435,0x8883b26bb2fbcc43cc8157c98cfdd9488a40f927,0xf8c2f082ab06b84540c39b58adc96ec6ef6cc071,85.135485,USDT,137,57604954,2026-07-12T04:27:01.027458Z,0,2,1,0.332,0,17378.642048342062
eb7d6b22-6dac-402b-b6dd-b040064cb8be,0x23875f183d9b2f13e261ed81a7c6161a1566eb2740b29fa95440650640c7c6b6,0x448e7477162973bb1e4b896a6888cd0f1e2b4d07,0x18ec01894bf0d9d4f19cfee32c8d36d27aefb45f,860.664323,ETH,137,55566724,2026-06-30T12:08:26.028752Z,0,7,1,0.517,0,43510.26829247488
2183336e-1142-450f-b219-fdf6cb9fbca1,0x092283c20d924e6cd06a3b35ae3939b2725b161fb70aa5cd4247bf5ceee76ff2,0x101e7c85c8ddebbbd8a5edbde03fb35e7d774293,0x7d2be8d936ba79f92576e5a89a90b194a9ab0875,70.49735,WBTC,137,50106157,2026-07-27T17:40:50.027000Z,0,8,2,0.665,0,1383.570433987472
b79a7a20-65d6-405b-95c9-49c6e9ed26fb,0xbb0cd105a507b9a3a9170b670a8148ece4aec5b20a31219dd955c2a3b84dcb1c,0x3d2877758d61cc903c89e184d6b601c4dc40a6e6,0x344545c9d063f8b150c4cc6550156fef71451b4b,557.827167,WBTC,137,58587812,2026-07-12T10:23:29.029634Z,0,9,4,0.923,1,76996.53336986506
79241f0e-ab26-491c-96e4-bcfd5afc9c68,0x98a1ff021fbbc3cf7cdc84ba55bd7b7d16d905de64d9d5f457ba074cc14c8e94,0x672f9a4cea4f7f8045e19a494bd830420c9ef61a,0x7c72c03b70fb655adf09cb65c8fb9385e33777b4,724.177753,USDC,137,51553493,2026-07-21T00:18:14.024127Z,0,9,1,0.456,0,29222.38602570919
76a96277-dbc1-4eb6-bdd9-9771a3efaa47,0x4fc36e333345109abe4a793c0b50f33aa96bbf7dfca51b93735506a72fe808dc,0xc81d4f1d9b622b6155f0166ca243ba39fd95f775,0x270868d9c7230117807abb72b85bd9d1252823fc,578.303131,MATIC,137,57274929,2026-06-29T08:28:10.032789Z,0,1,5,0.736,0,22133.68866307679
3078af8c-6d2b-4f8b-b175-5e490a3cb824,0x326befa077504e0e05f3cd8144dc001bc4677e33a3d807cecb667b9b3fdb1da5,0x2c1d7857cdfb8c780347b56ef34deed87b6a7ade,0x420309c8ca2fdc5afdf70e760edce56c7eff7244,487.81428,WBTC,137,52660794,2026-06-30T13:47:08.030473Z,0,3,4,0.863,0,63356.49063755622
839f5260-04d2-4e7e-bb70-8dee7cc490cb,0x7daae4048a13318b58c725f885ed1b0b4087be2b99187cb5525c7d702d89b7ab,0xa438d3569540b5baeb5a05d69da572754ea01337,0xb491dab7503e07c084fc2eb629a684273df98028,86.123855,USDC,137,55883238,2026-07-11T08:13:08.028028Z,0,2,5,0.452,1,69027.80247989685
072be398-c08c-4448-9306-4234c2ddf3ba,0x60cdb31914256e89e83abbf6cb45f2f1a91824c2db0cddb9c11f1ed78d97a67c,0x46376528e5a0413af728281fdc8d2af090578ea2,0x95f6e3e779a377513440fb99f1f2aac2ac894cbe,283.219821,WBTC,137,50670772,2026-07-05T13:29:10.035207Z,0,3,3,0.573,0,28469.276348558444
15498231-aa42-4112-85f3-92ba2ade38dc,0xb170b7db4987f76d607d3c4e87bb79806af5d7d40253a9f6abb55eaad50ef249,0xc9b86538bbd445685f9e8b129349bc41f3783746,0xb4266d68b6bf89f10d642b7acca69c185306c036,624.111246,USDT,137,54703131,2026-07-04T09:27:56.032057Z,0,8,5,0.727,1,50554.26973515462
2925c3ca-3496-446a-8441-ab1f3f1697fe,0xa02e26a6cb4a29d3727099015a32766191dfbd624a4e9e2b554e6f5bce27b290,0xe8cbc31f3c1083dbbe818f20cb81552e324fb4b5,0x83a688f3bf68f64eab4a09de431fbb025e1083ea,881.696304,ETH,137,57934295,2026-07-19T18:19:11.027915Z,0,1,1,0.383,0,78936.68125456384
1936dc3c-2f6a-412c-b0f7-b10a562722c1,0x79d364414d09e33c2fdb0cf9b167f0134aa8e0e3a8a25fd7a74ee3bd34ef64b5,0x85f858b8e74c0794448af66de5e464e07ab2d49d,0xb1ff155a35254009f92f91c77b03a9eb4381550d,923.670981,USDT,137,56736920,2026-07-25T23:39:23.034493Z,0,1,1,0.506,0,32519.4394800345
4ee57a3f-53cb-4483-9e81-0b025ad0d9fd,0xa89fa85cb92076ac24dacb9d780327c916e8097f9104db9433e18d2a086cc66a,0x8c6a583e3fa559019eead003596dcb68189d1414,0x196b31be5e7dfa78793c80d9f6d40fb206932459,986.467188,USDT,137,58136841,2026-07-05T11:38:54.030619Z,0,5,4,0.526,0,18574.64979427841
49495981-8a07-420c-9e9c-fafccb1665f6,0xb3bffe208c12d4affdbb6e90488863ef7532fc8ccb27fafd863e3ab7603f1f23,0xc90d0aaee204b6b4a0c17bda9102dc86d9a107e1,0x205469b65ddba4f0865b34a8b7dccc02659bfb60,953.476562,WBTC,137,51217514,2026-07-07T17:35:34.034956Z,0,5,3,0.342,0,19909.831126534158
395b2440-cb35-495b-9663-a1ec7e7494b9,0xdf5cf76b52f9c608749864a52dcd467291e9f1ca35b321497e947f2a36ae6a96,0x711eea7d1c384520ef65fc9d49affc1f8ea59945,0x6d806fa3fecd1cce5748dbe57487704eafdc86d8,594.028921,WBTC,137,55840943,2026-07-27T20:40:20.033681Z,0,6,1,0.576,0,22550.832412142907
9489bb5d-3d76-458c-b2e8-a0fe9d6ba4f9,0x9c9c186243001e9127081f7fd71e412c0f49e807f419015c9bdba7caf52abd98,0x021c51d352c5da29d323e67c772767bc00e89e44,0x14cf51e1b210bb4b2ed8fa2adc2e18f5f97c487c,886.76028,USDC,137,50985597,2026-07-05T17:16:55.026185Z,0,8,4,0.34,1,51900.724737802695
c10dad7c-a372-47f9-a8c3-7c297c12ca5c,0xf432214fc5122d18032b04a474c5ca186cf4fe7023a0809aa1c509d9f4a72c36,0x10fdb1b425eed158dc2999a19ccf6054e06a9770,0xc15868928d51058fbc579d7faa26b7cea2cc8787,126.076106,USDC,137,56546990,2026-07-25T22:02:34.024630Z,0,2,5,0.557,1,51620.51848857778
a5de2051-216b-431e-b08c-91eb8a13eb45,0x32f41c93f76e4c9ad0b86b9974bdedb67510c4e8caf03ff719f6c0e3561873f7,0x8774639ae79fb799344e72cb82f1e56a464f2d62,0x527078be1be7d8aa022c5dcb96ece0e39043adf6,4022389.630649,USDC,137,52379117,2026-07-25T01:26:02.035470Z,1,17,96,0.372,0,37.10971517370261
8ef7cfe4-d5b6-4c87-87e1-1dd017e2d48a,0x5cd7bf015cbfdd415d7aeff09607a138575cf5061695c6f414dacf7f47cf333b,0x52a48396344f132ae1ded9cdf086ebf9b713772e,0xd6ad0ec626a08157c3aa3dc5a38fccd886a20ee4,650.104868,WBTC,137,54755134,2026-07-20T18:17:37.034401Z,0,4,1,0.966,0,66162.33175505002
bc56b3c3-ca7d-432a-8d49-4d785a153485,0x310ca7f2192263f144aaaf526e9c092857f7f5f5231ecc3c9e6fac14579f49d8,0x0515c670e4fc5d5060c874355b26113457d493a2,0xc41c54b15e254119daa6b1c7275cb989428cad18,370.800972,WBTC,137,54566354,2026-07-08T03:26:57.026868Z,0,6,1,0.392,1,30185.347296108255
48c8aed9-47e1-4367-90b7-0a536c539e39,0xe82807f966946cd81e9a23c457f483e39563833a3fabc23f8df3393f53ead4e4,0x18eefbc5b8df672520f786cd7779c8640c316e2e,0xb2ba1a6ab1b07e1a00eb7ce4dd7f20aac6c99c96,988.80592,ETH,137,54320107,2026-07-22T04:08:41.025352Z,0,1,3,0.413,1,73876.72423489713
bbd0db29-c323-4d6e-93b6-90784db62ee7,0x4a4b114514a015a3cdb518de9fc7051151a8d11169412aa5f8ca8301b14cf64a,0x8d0c2a4ed6c85da547874899572dea3d5ee733d6,0x8feb9b6950ba378fb14633c263508937e8944c5d,699.199045,ETH,137,53385922,2026-07-22T00:40:58.025507Z,0,4,1,0.55,0,81698.53605395259
3288359f-b1cd-46e5-ada6-e66232278b2e,0x320c1b041b8f34cd55a93c163a5b5f99a1efb4d072d499c2173dad902b275868,0x83680ad9cc498f72816d60046ca669f9160ad7e9,0xfe395051a6a502921bdbd18ac4d963273f6b70db,6.388026,USDC,137,56994213,2026-07-28T10:23:27.034008Z,0,9,5,0.795,0,69230.59581444848
73b12128-2f16-4830-a46e-b42b2a4566ce,0xef3517f53a4098674141380f86e75123b70bc00afb5c7426b9b2b88658bdab08,0x3c7b9b1e0afece1f7100e24cd61d261c7d83a73a,0xed27b1cebcc0f7782156e1ea435aa07a54b42091,927.817276,USDC,137,50748176,2026-07-18T19:53:08.035238Z,0,8,1,0.36,1,11255.470800816225
fa15e869-d271-4cc4-8b36-5da36587d809,0x14febb8807e410398a429c62d839e8eb6262db3b56de41be0bddc707ac5bcd5a,0xc53e26b5c785c4f1e165626dcb236c378f26ba46,0x0abf5680b57c2debf1c5de31a3c7e29e374f5728,785.596554,USDC,137,53888175,2026-07-12T18:55:16.026819Z,0,3,3,0.941,1,66603.08548408544
45d4e1d3-b0b3-40ae-8781-24f49d745b0b,0x30c48ac71c1e653fb9287a56ee97d17224e71eb436a1b2401e404a57293330cf,0x02e671e7731c256bc412a634e02f686e66826fdd,0xfb0a69384ed644f8494e268c40a9df724c441c67,412.07575,WBTC,137,54689179,2026-07-01T07:51:01.029804Z,0,6,2,0.426,1,32099.85617518945
7688e362-b2d6-41e2-9211-3664243c17e9,0x278888ad7537efc539927f0f607df896b52d8f65f13a7d7c1e6deab88d67aacf,0xa2b51797ef46a6612c54ab54dea8e989c0c5507e,0xad2b331db335975880b5736b3b7405c61c16a610,3244211.633213,USDT,137,59360775,2026-06-29T13:04:24.035781Z,1,146,47,0.634,0,39.40290513930233
e4e973d9-1326-40e7-9065-47965dc23c14,0x17f977eeb654603104fd6718c8fda37f56e8e2fc959fb2a310815bcf6c8d45a6,0xc329d5471f5a0182ff0313244bf242400abbaee9,0xaf4a464474010311956866d66ca063b637d036c1,976.942232,ETH,137,52203885,2026-07-08T06:41:53.034119Z,0,10,1,0.405,1,71939.49598023863
5f4de14b-1341-485b-a543-b3c564ec5c1d,0x0425836a0f37b4470305dfe11893821efb69994a197a114a4695f1706dad6d7c,0x0b385c14b624fa36d8668349775585ea06983843,0x0226e1855ab529fc425ba9de4744f32c9686f4d6,911.13609,WBTC,137,50635905,2026-07-13T11:30:56.029861Z,0,10,2,0.69,1,52748.358805668206
8ff54246-5d2d-40e4-bc83-a1fe3c844e64,0x853aa45d6b67ac94e9e08dcfd3b77bb867402af874eeb2f8279350bd92ef2abc,0x90989bf6d26357a15df47605e6862d901ce34e2a,0xa8a45fdb257e0ba13e239371d47739dc682bfb52,419.216307,ETH,137,54253469,2026-07-21T17:01:07.025593Z,0,1,5,0.776,1,23315.044871704777
3c70e3d7-4564-4e4c-a87d-8c00334802f9,0xbbc2071c66741fc4005fb04fff76b0fb38bae82a8c21f26a697ca79fe3908e43,0x3bd6d2abc2a44728eb7be47647d05148ab769103,0xf99bca728e8c0b6f5f4e51800dfb33168747400b,469.865756,WBTC,137,55405026,2026-07-27T19:18:47.035421Z,0,2,1,0.383,1,59535.91068176382
7967427d-f666-4d35-8494-dda354e0f182,0xe49f70240ffa47cc0e58e5608d18424d8497da475a4024483439b27de79af718,0xb878a5dc4a259591a3bd2a69506d28f1dfb0ce63,0x909286ed47167e3edad8e0ba9e0e295e0cd7c86e,221.202185,USDC,137,53253270,2026-07-15T18:55:57.034740Z,0,1,2,0.902,0,42345.036125887316
0b495827-c409-486a-8b7a-27bfdc69421e,0x4d648f1b98326e1ea9f02242ab7f793309a78c3a0d8caaa8b63d5c824d4ece54,0xadd904040f13870ba316d082765b3d88a3b5de4c,0x5f834834bfb0f7f618f49d601809069f7860724c,283.646472,MATIC,137,52589012,2026-07-27T11:33:37.024931Z,0,2,2,0.663,0,83450.64264939672
a2efd2ee-3322-44c8-a19f-dbfdeeddcda8,0x13a689ff1dfaa20e1bc3d02e6c89b316e4ed72c4d39ce18c8c0eef3394326a41,0xe31c363d6b83c123250daea79c202842ef40f417,0x11ea2707b9bc454843b888d739fd1bd1d9d04641,702.821622,MATIC,137,57848535,2026-06-28T23:36:11.030832Z,0,9,5,0.677,1,52691.524806554444
562cdf77-4164-42bf-9203-564c5938a5b4,0x6cdd5a13059d47b22910c8dce500bcf181c25760973a294bd03d04e427a538c8,0x90868b14a7fc44a63f4d8a733d3cbf868cb41d65,0x46be99840061504ac256d685e43092cd000b7e21,515.159823,WBTC,137,55603701,2026-07-14T05:47:58.027702Z,0,10,2,0.955,1,52307.43551062559
1658bcea-d33f-4c06-b352-9ecfa5686193,0x59fee2bf47575b45954ff75da322e53debbebe13d7389578381616c463d193cb,0xdc3d65a4bc4f1a734c8440869995b03a789b0e21,0x452eede88fdfaeee41a1ae6d74849f72d7213563,524.306264,MATIC,137,53278972,2026-07-23T03:39:49.031170Z,0,4,2,0.956,0,9179.214827365857
508310a6-c80a-4b65-ade4-f823bc6a0a67,0x122c2ecc5d2509915dbf00ac287e8c64c362b7311ac054d70e87efaefc277b5b,0x583b926f64b252a717c3d01439defe368ae512c8,0x78d60f09c5f331d49d3120470f2b0a21d017ea90,561.258374,MATIC,137,56222200,2026-07-11T20:11:03.030305Z,0,9,4,0.973,1,2275.364321010992
8f2553e0-de38-4f81-8863-d407b9bd07b8,0xee1137c64009ecf4c6ce3b4c9205536c59fb509ecc905eb7549c0c09303b5f59,0x2ecfd93f5e71305421c83a52ff7a8d743b43e37b,0x332bf1c45795bfe4f648f9d8fff4d8113cb3032c,66.047832,WBTC,137,54657643,2026-07-09T04:29:35.024604Z,0,6,1,0.914,1,86388.6410282129
6b327ade-31d6-44a6-992f-0f5436413f99,0x72d875a2aa708907ffd633151f57f99c0c1a3f0d31c0e0ab534c3d96b454da74,0x434ac38a068a0d3de559d011494aabdf7e95c8b7,0x37f56446e8dc9f18c6998b5b955644e9980e0283,376.848126,ETH,137,52923487,2026-07-24T17:04:20.032000Z,0,5,3,0.828,0,62057.00591136324
f1a51939-971e-4f85-abe3-5542e7a71f35,0xabfc7a18d8defaae277a793a0afefe696cee1eee6684543a9746865d0b9df88e,0x399b2434d9a4aed6364bdc27e809e86dfcb1dc86,0xb67e6f8cb25806d0fee95d258159e6f5030debc6,746.247025,USDT,137,52155151,2026-07-09T11:12:22.035186Z,0,3,4,0.97,0,3248.4290560747245
dff2f3f7-b5f6-4577-8839-945c68ba0fa6,0x4bb074fc6e98c26af4afa006eaf37316876062ba59a9c027281f543da69aec3c,0x1d7fdf14017af3c5282d8126cc81c85ce000d894,0xbf2b67010a051e3c65ed9d3c4f61c35e12e53ea9,905.191831,ETH,137,52346181,2026-07-21T12:37:30.031306Z,0,10,2,0.749,0,13358.151548436355
91419dac-dc9d-43b9-9404-2dcfef451595,0x17941933da00dbf9b1be71b7c7ca5e160f1410a3c033323944b72ed1b0b181c5,0xc9c43837fd39bcddb4b8816d6315e3d15b83c64c,0x49697795caa8af51e31b4438768825ddcebbbfec,1147879.827255,ETH,137,53121805,2026-07-04T17:26:26.035609Z,1,140,87,0.862,1,17.58482228092726
8618fb5d-b4f3-4106-9bb5-8b65162e9314,0xe5c7c0b25cb20ff0b0f454ca6edc9df0e817fd7eade7f86cca8770e75ff3026e,0xbd2d26860f993414f05cfef67a5cd5e889c3a930,0x198182ea010cb67e52764d9acedf47c9ec03e60e,904.413955,USDC,137,54675270,2026-07-28T04:19:50.030967Z,0,5,5,0.654,0,73462.71904605074
47d8145c-c352-4a00-95f0-00a5e9c61346,0x64363c464c40fcf412092bbe2b01ae0158b3bc1dfdb68540baec3932fe6fd2b6,0x241fd2307aed5f27ff01da79ee9f7868fa599417,0x2c7519fc8844084d8171aa88b39199b03c1bd427,4257500.737121,MATIC,137,56675333,2026-07-27T13:53:17.035701Z,1,134,54,0.339,1,59.73632284262008
20f85949-7d3e-479f-bcd0-9d0d2a19fe32,0x444ae2c2138b6dd43b88e6200039ac4e7278ca38f6d65a8e4eb881167b6eff2f,0x495362a0768383ccd430ec71502e4c34ace2e778,0x624f928f395a77f58499e32328f6590c56de92cb,488.139081,USDT,137,56560630,2026-07-17T05:40:43.035001Z,0,1,1,0.607,0,933.5010318904015
bcf1a96e-ebd3-4f55-81ec-1a230caabfdf,0x776cc7dec90018a5360f14f8ec50729e1e0e828c482b67e63b4e4e5282b1ef16,0x76fa0c93f03664ce8483cd05af9c7679d3b6a177,0x7d716c5c1c11f8140c1d15c8572cccc3f57b9204,205.147827,ETH,137,58292029,2026-07-15T11:37:27.033603Z,0,2,4,0.673,0,80707.79758793954
7cefa369-2905-4d51-a68d-aa5e872c8979,0x22bd868d007f513b1fe5cd00d3bcce56c6c094529a204c0ca4415d88684b7a35,0x8a680fdb486df548617de5b7d13e04dd42924682,0xb68976e345c66302391c79823175ee3cbbaad8be,912.382527,WBTC,137,50556071,2026-07-04T08:17:51.027872Z,0,3,3,0.82,0,84167.72864423032
07a7f87c-5692-4255-a2ed-616b11153c35,0x2b60bf1f68f0c3f97e461e98195362c06d72c10b55aa4d711e6beefed7763802,0xff818f51288d021efe68d202200c26a2f57982f0,0x5a662dddefeeae0870aa0e7a07f92e9780bf26de,291.084485,USDC,137,54227129,2026-07-05T09:23:03.025788Z,0,2,4,0.359,1,6262.143150269981
a77f070c-f0e7-4c12-aad6-f2240a782fb9,0xbac9e9567dbbbeace0f5f97c688281ab787ffc818c5f37c5d42d151cb6c0dde7,0x61985925fa956c04ca6c01ca8d935bd471d2929d,0x63718179779603b6280d72b0e3f205b5fb5b42a7,65.16935,MATIC,137,58852640,2026-07-15T11:17:43.031068Z,0,3,2,0.319,1,81658.77126154376
24b5c86b-9fb6-4fc9-a83f-4dbbcc36646d,0x7b4c9bdca23cb5eca45782c850fbc9c093a8868698ce426992300467d269a269,0x3038c6311c37fb0b5c664d04aef6044b5053332d,0x7ac475ede1b8e8586592fd609d1bfb4dc518b51d,361.110356,ETH,137,54536607,2026-07-01T23:22:57.029997Z,0,1,2,0.501,0,34821.082084176356
009767e0-dea0-4942-9804-ee800abc6370,0xca7db25ad6aabf3c330e1e6092afdf3c5bca970071483449900cf46d44f3af62,0xb4b3408a450d44950c978f52710478f370660587,0x0fdc4d5440eefb3be9269336a7ff5debc7ac019d,233.084934,ETH,137,53439247,2026-06-30T10:13:58.034130Z,0,1,3,0.81,1,79803.30769261823
ea672255-6eaa-4783-8943-c94d8c657c9f,0x477b53113136df24913a3434f10e3af4cb602eed38c0d70947ebac69ee29d934,0xa998e88c8b66f2c96e2b4868ebc18027b15aa2fd,0x4263a1c15170b18be8aff5ebccf4dc8b0f494a41,611.821047,USDT,137,57900131,2026-07-11T04:28:08.031363Z,0,4,1,0.926,0,46780.069435897814
37232370-6d42-461c-a87e-2156f6a5abe7,0x2b6316b1aa62c2286449681d1ed9de4108c1100f7808e4800d042a56702f61d2,0xd28788ba7fe16ae45473b11462ba8ed995ff4ffe,0x5bf69f16189694dc7c3c05864fb9153503ea25a8,704.457528,USDT,137,55204478,2026-07-01T02:21:12.029577Z,0,2,5,0.923,1,78712.49804014155
56752b0c-36c9-4a56-9fda-6ecdd90554fe,0xbca6c2e50e7728db280ffd847b17b40398d0d6bc8dea5b324197212acae301e1,0xe6689a5f4ec3434e6c885e00b9eddbafa0fdf23a,0xa8581204e10c1b9c17672cbb68baeb336ca098c5,789.850183,MATIC,137,51592958,2026-06-30T02:39:39.031228Z,0,4,5,0.83,1,25221.035958363653
20ac42b4-e889-499f-bb36-dc383324ea73,0xd0b114eae6b9ad21d155e5abbc29a4ce75e4fe987b1d3800b792117382725589,0xc7d059d6ae4f1d76126de432c6457ba2e2060895,0xf1086cd4f755b44694371558875a0bc363139c5a,744.723939,USDC,137,56537326,2026-07-06T14:27:59.031778Z,0,9,3,0.876,0,50967.07522695015
cf8f96c5-afe8-4e77-ade7-1a978020dff8,0x5a0a548086d801c287befe7c70830ebe8e6000ece0db1c909ca9905b8cbe2016,0xf5b1f23e358eb27301dac9682631eeba60172b1a,0x9d0092533bf080a916a0698704a1c5490c9eb594,842.896694,ETH,137,54528990,2026-07-21T18:04:40.031251Z,0,2,1,0.362,0,25117.180616901638
f54df931-23f0-4e37-b11b-b66b764a314b,0xcc55d41a7612c50e16e9201caeba85cb5c0b5103da31d34b208f1146c937563b,0x42d15a501b16ad87202d132907a8288b3f3fe799,0x2fcaec1fa577630d33c8b09c7c63c9e9be1d4ad4,895.238115,USDT,137,50614337,2026-07-23T06:43:35.024240Z,0,5,1,0.764,1,79528.82536730442
78861b87-7368-4efe-a75b-8181928a021b,0xe64d92a103e66842c857e3c76f59b5fb9544439b385006b8ee0ef1e249cbabeb,0x4d7cc14e4df512f828337fc54061d242e582b4da,0xcd7068dec0d147f9a7920a5210436fb9487c7415,788.871615,WBTC,137,52230368,2026-07-04T04:03:09.034285Z,0,10,4,0.458,0,57695.14178301642
8e4f59b0-e8fd-4c87-8703-de505c6abfef,0x6b3a799536bd84f81a840e9228bd09dac42fef440d4b7f5f71652ea96b72e180,0xe6579b4f9a98650de8c6f3520aa07ac550ecd621,0x4205e34afd8d1423b043c37de342b9069f3ace00,113.166398,USDC,137,52413291,2026-07-05T18:12:16.034751Z,0,6,2,0.541,0,11404.936123407719
7ec876b1-2340-492e-8089-dbf2d8ed0412,0x4eaba20bc92dae05368adc37dbf9987a96e7895dcb96b88b98981febb2af159e,0xbf8e86e2618c1e9e5fa93a404fee8e460cfab294,0x943ba1d106f28a5ab4ba80e7fcff31ee1b5dbd20,791.944098,ETH,137,59706738,2026-07-20T07:57:09.029316Z,0,9,2,0.613,0,75875.15452450639
a93e1b3e-7431-4de9-97f3-83fb164e2b92,0x72f1493cf8b63f41174dacfc7d2bdb624f91b9b09abfb240ba94a315b34d863d,0x9345f7634d8e4d7a451ccddeb852d39ee2fff999,0xbaf6d8b2a6a0fcd7351efddc77e0bb3f648decdd,223.108194,ETH,137,56046505,2026-07-27T22:32:16.026513Z,0,5,2,0.493,1,50403.91331447721
1e136985-9412-4e73-ad82-9a48ff35db6e,0x5612e4032a83cf2f5fc11d627986679b2cd4dff1e87289ac863c1b3aca3723cb,0x9e75614d766752bcc83584b872834b678d5b217c,0xdc660a0555532a7d6380cc9e67b90b6299070779,572.413548,USDC,137,57324887,2026-07-03T23:37:34.029656Z,0,4,1,0.404,0,25776.421016258184
2c9f7c95-c539-4101-9d96-3a6128ebf734,0xa3ac714f6639b755f75ad9d6f9d9ee923534c20431ade6f901a1403061e5fc6b,0x28014382a9108c56e66ee8ce2d786b083f077a3b,0x5e7d60fd1e7eeb52c25719bdb8621ce19ab236c1,976.714456,USDC,137,59335718,2026-07-11T09:23:07.026016Z,0,10,4,0.371,1,2854.2199730853413
bba13745-8408-49b5-9425-a2efa8dcde38,0x5de81af6041cc28919ea1bc16a93a70a70a43f1ba7069bdc7b8b8160038aa728,0xf99e846228b1229d0e541553abb67a6b0d5b0813,0xdf87f541e0a1e1d847e23737ef2f954a659d9ec4,977.351375,ETH,137,53563465,2026-07-17T02:27:03.031453Z,0,2,4,0.797,0,73493.20686274151
30320d6c-7ff7-4793-b395-91ed129f2257,0x76232ee2c4c52b8f1063ba8a45503b53bd14df86ae5b07f96e52caf686e3012f,0x5c459a684b75e6a10c1d7d1834f0eaac757a4cde,0x56082c3cb6ef34860fa419dcf37715290b1cf973,15.813845,USDC,137,51237332,2026-07-16T15:36:55.026903Z,0,9,3,0.863,0,8000.925649311851
dffcb5af-c0d9-4740-9bac-67e97f953988,0x46e2196d12ed749a6e0ba4a261686a0fc63259072347c132dabfe2140141f7ab,0xc1db8ef754c5f89d8e7d633c5bebc6d629d348fb,0x05810cd045e0e84897c36b60ce6c244806a505ca,932.244969,WBTC,137,59201074,2026-07-22T19:41:13.030641Z,0,7,2,0.982,0,73903.53693216227
819f330d-4b25-4845-a0b0-5b46547bd7e7,0xe48306ef5c6ce92f9ac42e9c19791d712c26936a26b4e562a49cdeb955f67e7f,0x11b0cf527e523fe31811f5ad21207ad02676f502,0x0f4692d5c9f5fac2169a705e70eaf20bf05f665a,129.122395,WBTC,137,55713371,2026-07-13T04:06:19.026627Z,0,8,3,0.703,1,7460.561444884663
a9d4b287-f25d-40f8-86df-f5917b626950,0x1f8e83b9bec4f9881be16f3c6fe4ee4f6f8a60da22311e1bdd0d036dc0bb5c02,0x3c35fb5ddb0a48d032a60e40489afcb3f3980908,0x8c4eec26b0363125d12fe2e6c6b2f8672cd63105,642.979161,USDC,137,56609001,2026-07-02T17:33:53.025836Z,0,3,5,0.441,0,33913.44986250591
fb6f8369-edf6-4bfa-9ae9-c11e1748a47f,0x199ab619394608544bf7771887346cabe13c2ac6eb81de5e160581e0e37426b8,0x3367e790a2a9abe6bb0cbf65848fbd6400b987c0,0xe2d7161426f85cebaf87101e490e7455c1ac3700,100.251967,MATIC,137,51174985,2026-07-16T07:37:01.027759Z,0,10,1,0.39,1,80596.71046624072
c2e7bb71-b6d4-48b1-9a2c-9a2fe29dd718,0x889ef8c16840d53f92ff35d6b51fedb8a1b95ca8267d6cea0ccb30cc9cb94239,0x23880bfdcb8abd563072af6b3d41de262d04d980,0xc0232a91306297061bb547b48596710b33fca87b,313.427082,USDT,137,52502082,2026-06-29T23:52:09.033163Z,0,1,1,0.39,0,11941.278725268565
2b309e23-a6be-4b42-8585-bb626dd85564,0xaba0e4c6166fa57cafa930d728cbba460a6a1b3e6f4cfa8f539efe7a641fd3b2,0xaedf92777d71325bcf4b9ee166a616ed0b8c4997,0x725732dedafd7aa71a5cafac8af8e8f1dc2dd119,126.946992,USDT,137,54590488,2026-06-29T00:01:33.024064Z,0,8,3,0.494,1,80246.83946016572
c1ddc956-7d28-40ee-8d45-080a07b9f8c6,0xf2e58cab3a5bec8ad7a62b3251cede076a9b04077f68a1e6ac8aee0b4f6f5dba,0xa6bc988f08149a590f1cb9fd0108546720167d48,0x9287bdad51e64d0be5e58b330eca3b469cc5ab3c,273144.102684,ETH,137,56570123,2026-06-28T23:32:27.035751Z,1,80,70,0.974,1,26.19585234788793
3bb2433f-d319-4363-b282-0de8a60bde1d,0xd8a2c95cda7ec5ccdfd2d42308f341fc77520dd764ea381105c5e079dc8e0438,0x941350b124ceb0921a27b1eb875805aef81ddd0b,0x993c8a64970ef8310ec9ce758021ba8e71a79ca0,820.814793,USDT,137,55298570,2026-06-30T19:42:17.025484Z,0,10,3,0.344,1,2097.465306058589
d4ac3690-c2d9-4676-a3d2-073ec7a905ee,0xf40bcb1ac4f256c885ebd3730cdc868872f2203dac46d5073312914ae7aa9d0a,0xb5c6497ddc54e6cc14bd4708e32c872e52cbc40a,0x0e214f7518486a5e0960790c71ce40d99daed4ad,572.88351,ETH,137,54385247,2026-07-09T16:21:10.029555Z,0,8,4,0.398,1,66417.11966708048
f6b7cab6-3e58-46b6-a05e-aad4e81ec362,0x6617350b555b42c1eed2ccbbb442da193d7c872fea26baa909204c6a9aa5269a,0xf031dc472fbd54ac67abe56271222701316f3a4b,0xc13cb500328c1140cc0e6b6fee0e55f32e296491,165.390466,USDT,137,55360324,2026-07-27T07:32:34.031239Z,0,8,2,0.466,1,83104.93448316297
6a4a51c0-65e2-4b35-a6f6-df562de9e407,0xc8dc78810b956b1b33af96d7347ee58fb3ae6cbcde58dbf922fc75f8cd08f2fa,0x75092783238abf1ed905c610b27738884e15aadc,0x137b0f7e93e4ac9db8d9cb4c48dbd31cd623536b,236.490747,ETH,137,53869832,2026-07-15T15:09:45.028237Z,0,6,5,0.779,0,58647.4934417867
96f34ce6-8d79-45d4-9962-03ec2e5bce10,0x64fefdbfb58b5bd303c7d83e7f10b2d41068d02842158db75a045ff0ffc02210,0x01365153438d19eb560f4dd57340f387a388acf9,0x2c51007e549499da093da27ebd98856db5da1cce,427.338464,USDT,137,50765946,2026-07-09T03:43:16.024518Z,0,9,2,0.425,1,54771.22036489009
24fb5035-475a-455c-bc07-1a8eb6c8bdfe,0x85929257454fdb525b06c6ba051cba5fa5eea27392b73624637d79a10bcc0be3,0x0ccfbb42921c9e28bcbca6f507b6c394b6d5c2f0,0xd11a8f36c09c167d97b9137de278dfa06b38930e,238.800401,MATIC,137,55144981,2026-07-21T23:09:37.032613Z,0,10,1,0.748,1,56409.43546852418
0b11bce8-8ff1-4ac9-a519-5decedb0cf9e,0xb38d71ba8c8bead833b6c0fd980a996da18dab6703090a6cc3f11fd32537ea3e,0x0bddcebf61c4435bc0c3536aadc39db329e1bc31,0xc37529c0ccb49d4dae40945b6918140752aae517,368.108204,USDT,137,54353551,2026-07-02T15:20:16.025567Z,0,7,3,0.817,0,12951.524774966148
2aba7426-4792-4f32-9f07-edfef11e0bac,0x5517c9fd744e49dc66caf353cac94f73f3387c10ec20dab1645d6455834efe6d,0xef9dacc63d0c46865d821f563640d1fddee36e0f,0xdf7f16a3d95702473653a18f094cd6a1f6b857b0,32.991979,USDT,137,51362063,2026-07-23T00:23:50.027586Z,0,3,5,0.456,1,70806.09580005254
9256965b-29d2-43d0-8ca9-c6ce78850e4e,0x5eb42463e2bc4cd35df4cb145136b546923826847c86505655b9aec7c7bf7bda,0xcd4681f85b033b7e41326aa35fe5bf26155e8c0e,0x4527102ab560e627dbe6ee6e721fd156b154c960,18.568621,WBTC,137,57430364,2026-07-17T18:00:43.027633Z,0,5,3,0.341,0,48346.30634866239
1433fc10-e803-4a58-8b59-fc5ac87ed91b,0x9a25e8c27703e418fdc2fe3fa3b74e8b519f5aa5fa150bd7569fec6d4292fb7d,0x7e38b58697e0b7345925927ff07eff9201fb2bc4,0x6e874630cf3ed924dbe02384b8766a16352a8983,890.344745,USDC,137,53359853,2026-07-14T18:02:28.030417Z,0,1,4,0.693,1,64031.655332845774
a369f31b-2121-4154-a14b-1ad6662490d7,0xbfa7c252742b40ba39a921df48a046149aad96fcadb07bebc8ba88ce4d6c894a,0x528a13ba84b0e9af7a21325a4a3135415c365c4b,0xe7caa0c68ee095d817007ce37a6afc2d270e3693,268.728377,ETH,137,51310241,2026-07-06T09:11:12.027838Z,0,10,3,0.497,0,81238.64073356705
86353aa1-da3b-4a12-97c1-85ff197560ad,0xd44f9d1a2212ce51f4e644ee5f38de5fe121ade5a5ab5bd8f5c7e280cb2ed25c,0xad489881c062872295f11a298f4636b3bf537558,0x15602465aa0ce9c6264c9bee2996dfb2c264a2c0,846.130011,USDC,137,51311100,2026-07-23T17:44:33.028786Z,0,5,2,0.409,0,2433.669148136372
29a4a684-5198-4a5d-8199-e8601df2e1f1,0x21d94ed3a34176d39910b17849ff32c2522800b3f1ad59b09c956644721a1939,0x3dce5e559002266a75a626ffef23e33168840645,0x9bc3070308b91461f1fecb6281978ab7314d5333,525.40161,ETH,137,57931782,2026-07-14T00:52:20.033581Z,0,7,2,0.581,1,79698.28182353073
aceb279d-b109-41f8-b416-3aa23d7e594b,0x98ea56ac4ad51b72ac834dc5602bb424af6ade36abc32016f93645f87e4754dc,0x665c23b05e9f0d6cac6c1020f494733462029825,0x70192030469ae73e3643dd2819b6b101833fcc9a,686.947299,USDT,137,58113331,2026-07-11T18:48:24.031385Z,0,7,5,0.413,0,1812.474094171527
486e7c9b-637b-4998-a9b8-d08478a7a3fa,0xbc702b9555062764f0271c90bea9c05eaf14ff15b8234c205db75fca49f3f6f0,0x25af11c4e54f16dedd9a3cad7543aac020eeae3d,0x686b02cb532a70cccc60a453d75f4ccb484d3065,372.966092,USDC,137,52315795,2026-07-23T09:44:14.035444Z,0,5,1,0.863,0,52150.46203761092
0b54ace9-4c08-462c-8f6a-6c1a20ece78a,0xe6f940b8a6d222a844806ff5ecc9962fbacea250539d6434557bceba037eb8cd,0x0a105c72033f036ce2245d5607b597fd862317bd,0x338dbfd6d62909ce84504e32c47535515374604a,619.072275,MATIC,137,53400062,2026-07-05T06:06:44.030732Z,0,4,2,0.95,1,29760.459185424967
2cfaa5bf-5d98-4c8b-a4cf-28891f919974,0x788b2b061207ec9969b0a1df83de1f66713424e88d670ed3fc1848fb8553b74b,0xabaf8b1accbbfc03098cd3f9e5457fe7b27c8ac9,0xe39212f5a52bbc3287731926080b0cf21cf01c50,4370767.408469,ETH,137,59812653,2026-07-09T22:58:42.035681Z,1,173,42,0.944,1,42.01052644177081
090f24f0-d6eb-461c-bd04-5c63e769abe5,0x54c6a9e591513fee4cf05a9208b5de45492a151e980a5f68414265b88b65a482,0xbb01939381510d7f3b7c5585a3ea6a6541e254b5,0xce20313f876195898f95ca8a427286f8297b3351,365.067389,ETH,137,53227945,2026-06-29T16:34:42.027377Z,0,7,5,0.335,0,22491.95961725691
249f8996-3b4e-4e7a-8806-5edfb33705a8,0x5ff6453c8d2fadac4bc5f628fb6fdf01aab4289e17a8c92f211a59bf9343d618,0x9c961ae9559a9e3d8e1028135fe8091ff4595c1f,0x5ab953ec6946ffe14741f52deb5ab0fe75bd244e,620.875677,USDC,137,57376362,2026-07-25T03:05:44.029059Z,0,10,5,0.947,0,62033.196773773685
ba8fceba-6b1c-479e-ad9f-932344c6df47,0x956ec3c8cbdbed89a58a77a40787fd91830416ed8e33b250574d4cb3169df8ee,0x20f3b22f5c132e03fc1dcc81f5d77af827b3a3bd,0xfcd13ee4999ccb3561cb49644caff9f3808351b9,586.632262,USDT,137,56321373,2026-07-14T01:38:47.028440Z,0,4,3,0.861,0,32001.579627101266
64b174a4-d949-40a0-a48c-3efa7fce0adb,0xc320b6fccc838d2dd4e3f8ca1c8720b82d72bfc6f1049fd60acd6de8ba32ea1b,0xad159e2b904edeb70afba226349a11db025b3818,0xc0c46a881db847315a1749bf129e87659ed83953,646.118975,WBTC,137,58364616,2026-07-26T06:29:36.029336Z,0,1,5,0.74,1,11528.656203922652
4aed5429-0d9d-4508-b29e-6e8a8f9a4464,0x71771bb14fac30d92d2e12e07ddae1892d5c9a02d713c3951f949fb2ee4ea02d,0x04b3ced96c0f953d9ef32960300a49ea9d22e8df,0x74f7fa177ef4ffdd7891778367f11e1ed657bc44,734.396609,USDT,137,54292397,2026-07-19T13:49:26.027827Z,0,4,1,0.779,1,79395.322821444
80aeafdf-0c9a-4586-97ef-65f7df245d4d,0x56f4008cebda372b471dcbe3a1884f03cf7ae8bc7fb3b684dab53cab9897689a,0x2515596e45f6e80826bde3db3a574533b815c5bb,0x0eed111a145237cf0639f528e553d048762bd438,987.196625,USDC,137,59072168,2026-07-10T11:46:25.030586Z,0,1,1,0.418,0,8764.763493517892
bc56d738-ad37-425f-8ba1-8a2a60fef6d7,0x3a2152c53e6317bd6870b26ae234324694536b5e092ea9d6caa258e212e7d0b5,0x9785d8fe798f5169a5a43a7aa09d4348b70a2a9f,0x625f8cea675545339c5656c122d949ed6dfd6c5f,653.941769,USDC,137,59186482,2026-06-30T02:23:30.028160Z,0,10,5,0.33,0,51029.9928083237
2550a29d-acb8-462b-9a87-bdf82a76b8c3,0x0876d71fbe5248aa7a5b3b62364665d9d3801ca966cc58a206a0f43d838bed52,0xe14e425cd824d06d46b3c2a2ff70c18672308014,0xc2bdd0a7bf2259690ca5686192246372a9bd0232,549.554298,USDC,137,53111399,2026-07-02T21:26:00.029036Z,0,5,4,0.975,1,42474.524547375906
7682d784-972b-426b-b89d-a6d01eb5012b,0xd89597ffa904ba86aba8608d71c7c6e1fa4f42f65a92aca4ef379ad3b45ce633,0x27f02f742e39dcc93869521c4e9a56e9c1d84136,0xea963cfe6945b64b987d868e1a270c852ca4f465,217.955035,USDC,137,55713385,2026-07-22T13:55:03.027609Z,0,1,5,0.482,0,60846.94331690668
83106531-033e-49c8-9cea-7c499b0a4ecd,0x2c7976ecf359077c78e70227bee8d45342432a1d880baa83b3287e84b88ebe85,0xdf52428635d36995959a91ba947744e1638980e4,0x242acf4316fc80646d131f159983fff026f53165,321.665668,MATIC,137,55180492,2026-07-14T00:20:57.027621Z,0,3,1,0.459,1,69971.35206687293
2d54bbf3-d6e0-4cda-87c8-d7dbb5ca89d6,0xb20e9f7f38e82332a7a24ce4093018847af9f4504791c0c808ca7a7ab0d50fb4,0xf881e372f6583e407589b7c0b0a8a726bf9b8ddb,0x975f12731dc873af3ae1828a93248a4e90b81829,673.906073,USDT,137,58679577,2026-07-13T22:10:32.025375Z,0,3,2,0.649,1,85613.25431019186
7e736dfb-4ee6-4ce3-9fd4-25765fd418d1,0xa59f530f31fc8f73c2d2c4f62388c28ff14cad04ba398f659a931cc3967aa03d,0xee4dd9bf42aac05f144950a5722fe9d810f72180,0x41540171fc8ddcace292d1afb60451b272f4f0ec,591.781659,MATIC,137,57045438,2026-07-06T04:53:01.031801Z,0,7,1,0.935,1,32630.53801580446
91d1feda-ecca-47c7-9170-af0db76224b3,0xb41348049596e3cd0b47ee15784d0a358700744d93a0c65b76e553f0e61d65a8,0xd63e84fe7298a62af995a05d632fe6bf2f86ad78,0x2fe1aac9719d6c505f456a8795e70f02edb45b2d,851.571306,ETH,137,57264377,2026-07-16T16:32:09.026124Z,0,10,3,0.727,1,21954.419677002377
637b34ec-8b0e-4adb-9d83-be245b2d7131,0x4ce182cd2b36d499cab34686498386617cde1970f02a29fa6f35088e9bf71966,0x78ac40e1cfccd9f9e32f852f943906b8c1bd52d5,0x5f369e71e61211580647f9d6e2f6ddb59688f95a,729.186462,USDT,137,52920905,2026-07-23T11:55:17.033491Z,0,1,4,0.905,0,36766.99381280147
a668b64a-08f8-4a21-817b-24aa6f6150f4,0xcad46fd6793d771b959f294fe1c7033c7ad89e110fbb075235be483e0fd31c33,0xe928f4bef71fbcca19e7e41f09105136c53158e7,0x885c9866c7bae1f70ccd9fbfc566ec2f3508d318,3424340.463197,MATIC,137,51330392,2026-07-01T11:59:19.035832Z,1,190,47,0.354,1,9.815639819242303
b3af236a-5c0d-4bf7-8834-d1ed80a0626a,0x3fc9f516e33366194a9e48cb21f44e9a917d11933bb3bc88853d634c1de9c903,0xc9a99d18d0a68b3e08da531140f87415cc37edc1,0xf5f7d8da63fb5edeaddf205c7d9c30f48337c722,569.44703,USDT,137,55348923,2026-07-12T07:44:41.027538Z,0,4,4,0.974,1,21851.93670548195
9a1fb112-e3c2-4134-92f5-e8a922dc6b54,0xd1c9f9b3751aee3b6532b8e527c1a193c261b0b75735e7186b168dcb2e843063,0xfbe47485bd71e0bd38df3e6f43e39f00e005d16a,0xb8a87ee79054ec232e843ec40513be038d945ec2,260.252398,USDC,137,58572493,2026-07-26T04:31:16.024276Z,0,5,5,0.732,1,59742.25996066936
91f6f561-1022-46b5-87fe-ae698359a761,0x9e8b531e53a03af02649d974d13dc2ef9617fd6f70b7db7ff79ad30ea065cc61,0xc6be6e4e64ed08290f54da60e5282333ae62d0cc,0x9f02d08ca4fd965d3c30e848f1ae6ef91daa7f61,395.225142,USDC,137,51289973,2026-07-24T04:57:44.029839Z,0,1,3,0.518,0,79139.43824902411
05884b9a-81d3-498d-bda2-939bf0e47362,0x51fde3410d4e2287456e6ec2989ce923962c31bdd41828530a3c59d260a71a79,0x1fe6aa296ef4feee4f738776ab072db90924b15d,0x3a54eb00af91a4bfcc0a16d34d2073d2173bd5d3,497.41149,WBTC,137,50748792,2026-07-12T15:33:48.033941Z,0,6,3,0.608,0,30461.92489881036
7d228c17-375c-4c6b-8652-5c9360ddd15b,0xea7a421ac651851b53a06c2726544d83b35d233622b811a78284f0431d3baa16,0x7fb69b9ea8142fbd9c89c031e8359542caf820ab,0xc27d019d0bbc30fcc19b123aeda1518121c3d5e8,746.775594,USDC,137,54612216,2026-06-30T17:28:58.025065Z,0,1,2,0.82,1,44828.13558948854
84987c70-409d-4edb-bfeb-b2e8270b1707,0x05443b57af6e823931f32c31ed3edb0eb0d476927dc161b7080096f647f2c710,0xddbb3eba8456b09f292a621a065565b6a17095c5,0x953d511cb594459cbb4f65ca3ebead2daea5e0f4,89.30857,USDC,137,51624539,2026-07-11T14:37:25.026137Z,0,8,5,0.715,1,64095.856811376216
bcad8df8-e694-4bfd-99dd-1352e6bab10b,0xdd5e7ebaf913f544fa959f5330ac581ff64f2fd34fd2f98e802df1f5f3e7c7b8,0x1477d8ba818b93ae0fc188667c0cbb54ca0f033c,0x44118cd1ac527ef8a3b0947e5d24ddcee57286a0,890.368616,ETH,137,56504086,2026-07-14T06:52:27.025017Z,0,6,2,0.525,1,75417.60483273941
7763c49e-32d1-4ca0-a924-62f153793985,0xa896d5b23ea2c38e5bdb070363c485bda31da6545ba9a2c3b2404ca567c4fae4,0xa32be77a167133b83089795db77ee785a92edc20,0x36b5279e626b08d9af107509c2fd0226a26edb4e,670.153888,MATIC,137,56124980,2026-07-06T18:04:42.033174Z,0,3,4,0.742,1,41239.142846284085
24ac64c0-f4da-492b-93fe-f01145b3fd1e,0x61496f7b98f10c6533fdcaeaf897fa53bd98c5217ed3cd36b5f4a38dbb98917e,0xffa347e0ae9b4c3d1ba412416afdc4f84d68933f,0x77d712adc5dfa3a7ce663dbae145a2f130bb6e48,513.589216,USDT,137,53609976,2026-07-16T05:22:04.034423Z,0,3,4,0.45,1,33343.658451198244
85c48e06-ae9f-4d85-ae49-c082beb0ec47,0x74987f8a8b6499c697d79e11dbb2776802be68cf27a7f92c8a45ee991ef73fd8,0xaaca77e0616ccf18dcea793d74b63d48271afb17,0x53b14f5ed8301d395b6d9406291b648b8a7847e4,411.600893,WBTC,137,56360479,2026-07-12T23:12:36.027861Z,0,8,2,0.632,1,53083.51641274882
f2add937-de06-46d1-8497-b0d810d46c93,0x133d20c9c1ea3a87f83c7f454bb95ed76e3e03e4298dbbb41cacf69986a344f4,0x7ea41bd447b35730a66cc40b940fa0dffd08981e,0x49f757e36e06cfd89daa53d64e594a397e422edf,506.412275,USDC,137,50022480,2026-07-21T12:20:55.031374Z,0,8,1,0.359,1,9213.125031053874
ebfa5a7c-ea12-4e0f-84ad-6b172747c6e5,0xcfffcd042eb31c3dabbb5d09d59afd4db94d1a208be1ff6600dfc3d624ddf145,0x44c51592fb5398831b46bed86541b50a36f6a627,0x81c1cbddaf4e65b0bc312de474a756e1b0dcc3fc,679.640482,MATIC,137,54092781,2026-07-26T16:38:48.032262Z,0,6,4,0.724,1,9368.335633043793
1798cd20-7da5-4ef9-b24a-5380741ba31e,0xd6f81f0866ecb5f7f9382714f2251825124c6919dedfab17160b2464135923e0,0x453a60eed892ddba5c34562e9c6a8a09c39b31e2,0x0b5c494fd214a3b5206a455d1497b09bdfa73738,420.969273,MATIC,137,50410357,2026-07-06T07:07:47.031867Z,0,1,3,0.749,0,49136.59194839021
aa1bf434-0eac-4be0-a329-d05cf4050f51,0x77b419858f69226309f736be26639203d599c43d454291ca2290e98e4598a739,0xb6f8a964fadf00cd976a771eea25b1ef19dcf3f3,0x0144f0fb1fe37cd31c5ff7958189dcfaff399c1e,717.757941,ETH,137,54591169,2026-07-25T10:33:21.027046Z,0,5,3,0.46,0,27999.284768908212
d0b49455-4148-40ca-9ae7-060b04d11e03,0xf9209ca38e27c214a2a0498f0723aba4b36ba15ee05bc07259a25ce98cac101b,0x1fdc4a00bcbb23fe1396e33275058b7158ee595f,0xfc0aa23572dd57a8111ee1966fb150aff0c59bad,371.670138,MATIC,137,55160249,2026-07-08T02:30:44.033344Z,0,1,4,0.997,0,67756.17398030982
6d029138-a26a-4c3d-a24e-f67ccf8ae515,0x5ef027e05f818a1628282cb43ba6ad6ed6aaaa729cc273cd3243e03da9f4e447,0xd8dfb9e2bb851031828e256d4eb21cc8a670ef98,0x69b10002cea2f5daada57269733917a57e76d4d8,920.258166,USDT,137,56023434,2026-07-02T19:50:19.032866Z,0,5,2,0.674,0,66326.24911431925
b3c71ed1-7f1a-46bb-b8d0-fab06743942c,0x44b446c8b4b14fcdda726986a618fde48c5b9072976aac6ca77396c987e0ee38,0xcae40070d7d43d0d8b70344342cdf9853fb0eb4a,0x221b4da02190af9e6c1dcb1d778311aaa612dff4,928.209543,WBTC,137,55300622,2026-07-11T05:34:31.028602Z,0,10,2,0.826,1,73568.34767905617
0c0ff7de-e9d4-4f80-8b13-9bb3a60ca516,0x1b263497f94762340e98d1227e9c551884a6a1a02ec64eded7bbe8bef1f11cdd,0x14f0d754d46a7501a3cac6fdc0e04666292172d3,0x3af3aa1a496fc2b759b3b38b734e6e26507c878d,524.232251,ETH,137,56860054,2026-07-02T15:02:08.031023Z,0,3,5,0.615,0,65266.208574818746
4662de85-fc42-451f-a2ab-7859146501f5,0x16954b89ffe19fa457d1d245efa2f30093498ef23173a45e047cda2aceeb8ed1,0x6916897d478e6bdb09f7e16941192ad515020ba5,0xebba147fd894a0bc909586b6a8787566221aae94,261.322251,WBTC,137,59019259,2026-07-15T03:43:13.030720Z,0,1,4,0.487,0,17115.821503525407
cd26b7d1-7ebe-4670-8931-1712bec4f026,0xe50f84c36358cb5c6d1a2701e35079197b23435342fbb108bc48be8f0a9e6899,0xcc53579a95cf2ad3c7ce61d1ee50c2d1a7835a5a,0x0dc798c5d3bddade885263c413b07b2a3a096e5b,360.287153,ETH,137,56098801,2026-07-11T09:55:58.025400Z,0,3,5,0.998,1,21479.660101930553
7dc00a9f-04f7-4784-a046-a017f283ad68,0x875ce2c9be4ba5878d180b0da1f02e94794ecd588f702d632db4cf97a108cc92,0x31b4f8d87c0f9c28711968fd661fa410a6adf409,0xa99c11091f77f1ad63a83bac79a2b44880d1ee8d,365.863476,USDT,137,59393271,2026-07-26T01:25:46.034911Z,0,7,3,0.564,1,76915.36620328228
acd81c0b-217c-4792-81ba-d40bc08780fe,0x82d6e74fc125f9192e75acd0b23e8ba1f05f5804895abc488bd5dfb6a2b59364,0x8969263940001523501a01a4d84df5ab72984b20,0x40599b9596bbba2b8b6ded92d24a160c333bb71b,395.1553,WBTC,137,59733544,2026-07-01T02:31:44.033625Z,0,10,5,0.566,0,26350.906631586127
290727a8-0e3d-40b0-899c-b0a7980416af,0x6fb394283b2daf66d94594bf6245e34649fb83c29c4a7c08dbfd6841f9789b25,0x6ac9caa2c70ccb0e7cc2ce69bf0fe1fcef448d99,0xae539122a79d9c2e239f70ac6c4708499447aa8d,681.773223,USDC,137,58522852,2026-07-07T21:12:22.033006Z,0,8,2,0.527,1,82809.29310580283
6d3cb81e-0bbf-447b-b468-1dca6bd518d7,0x2ad74944cd2ca1f7477e1a9ce3291d28d8b84fb7893bab6470fa1b791436bc3a,0x49dba392e567d50deeead2b184dfc5e0728c039b,0x6b8def653abd3c5d6ead586a2bc1ab4fbeaa0404,59.02729,WBTC,137,54045506,2026-07-19T12:25:48.024458Z,0,10,5,0.804,1,4501.750558311461
9163a488-43d0-4b19-9e94-dbf8554f8c85,0xe77ecfdfe6e9276270d8a736152f91720a84305e2d928d197abe161ff89b8e38,0x82a99c7eafc6adada330ef0dd6f1bca78ea3171a,0x33f13aa61e2e85e47be5e9c285a851adf6921ddb,28.695954,ETH,137,53132872,2026-07-24T23:53:58.032080Z,0,4,3,0.435,0,10817.411892820637
7e376eb8-06c0-4152-ba57-e805508a326b,0x0d13528c8b41746832478cc768faac21f3c53a3fab77afd1f050e5abccdfebb5,0xddaa05e9f9099608e3987eb3758366d79e4262fd,0x77150fa1aa5687b66efbd23f1d13cb6a61a2b955,521.499597,WBTC,137,52126542,2026-06-29T06:52:23.033872Z,0,4,5,0.839,1,7908.966830849162
b30dfd79-7746-45b7-96fb-6b7c339b2395,0x6d3bcde48fc0e4392970b7b0f00a124c9dc7d6a703fe1ee63ca8414e41a1a2b7,0x1ec8f26f756404bf53835e415ce80b1cdbc6a876,0x57e42050159c6b5c2548e5a476e1faeace506f31,826.320719,USDC,137,59059768,2026-07-12T02:14:02.027904Z,0,9,5,0.912,1,36746.96004281376
fc023183-29da-4c7e-b97e-c223885733c1,0xbe37e6e8a722cef009147793f6356e8249287e048b7da9f00bc625839a646b04,0xe45cede66cba58125329ffc187b296f0d9b2973b,0x0f8e8e5add6ac2bbae8dc5d88f72ef01d1711326,36.303971,USDC,137,53836202,2026-07-27T06:54:37.032745Z,0,8,2,0.432,1,55425.98480545632
4262b483-6621-419c-8bf8-a6867cd715cf,0x5c6ea38f1df576dbd21be5f609c95f238095ff534392c8b3935ddbc84bfff1d9,0xd2ee6534bdb831a458002bfe5473a3ea6a2a6f40,0x6dd45d83f790decd747cceade550db60860f455f,117.958567,ETH,137,57625569,2026-07-24T05:50:47.030395Z,0,1,1,0.543,1,41305.88773864967
537bbe34-8a93-4354-be05-4ee9b9906cb4,0xfed8756b6d61b5b48e82d77aaaef98945164f410cd175cc2ae22311dea674275,0xebf39235196ed97391009ef48e99854ee77a975f,0xfe769a25f871f63e27a670a487d3afd331a7f85d,709.013624,USDT,137,52395453,2026-07-27T18:13:31.032844Z,0,7,3,0.848,1,55265.24824994238
e9ab375a-fc77-41dc-8eda-2b7a62e32dfd,0xdf0f8dec4fc59e5046b97d296bb13e549518b310eb040faa687daf597a322225,0xfeedc2fd1d28ac1863301c3f25b57b67bcc528ec,0xe5ae9c6e0f4378d23b796db87eefd0bbdea13c3b,495.354556,USDC,137,50786990,2026-07-20T00:37:59.034274Z,0,2,5,0.421,1,67454.49388882147
2305af10-c3a7-416e-af2c-a3a87caed3c0,0xe57f19b60206ce513a5e3fb5ac0e8084e54cdbadf158026887ee69450b72c987,0x6ffda70b740d6bda42ec73ccd8f343fc3c7e4dc8,0x1f3b32485d60b761f76ff7f4e5d4df6b086a9387,251.461435,USDT,137,52954464,2026-07-20T03:44:38.030708Z,0,4,5,0.869,1,52269.969746905925
05a6a7ac-39c5-482e-b7e1-1a2a3f04d603,0xdd9ff872fa239f36c354a9ca2acee2b3ad8d53274e5e24006faed02669d938cc,0x7eefb179e71e231787b04cc7da79fdd960512e98,0xbac8ae2b620198af71af659e9004944ae79401ac,864.9641,USDC,137,59994283,2026-07-05T14:08:14.026366Z,0,5,5,0.546,1,1699.0022966314025
7288165e-42e8-4090-abfc-493000928af6,0x54c3bd4f7d9937766b07fb2da9033a3d6f066421f545f92a2a2f3541768bfa29,0xe0a8004ed33518198fc54417e15f344fbedba513,0x7c8d1e1f0398683df546765d5632f5de2081e6e2,475.440225,MATIC,137,50585799,2026-07-28T03:12:03.035410Z,0,7,5,0.616,1,65061.55588598004
d6703044-20f0-4c53-ae7b-ba0732a5be45,0x470a6250500ccf7990b9a394c3886c5a0a72cebf1872f7b0aea5a34a855121ca,0xeb5021b77cdda9f2708cabca42e233d56d36d49a,0x798c0e060aab4f7b92cc6621fcbdb756b2ff45dd,316.240176,MATIC,137,51962263,2026-07-10T04:28:42.030697Z,0,5,2,0.318,1,3695.30599677573
19ee1d45-03cf-4d9e-b221-9308174301e5,0xcacb1deb45920fd5f775671b0cbcab07ab26396ef6e284573069e9799b833435,0x64a782ee266ccce0efeca4c605c851bf04563461,0x603c58f7ac7025387386cd9c094e275fef8dc107,400.107949,ETH,137,52198720,2026-07-15T04:20:50.028226Z,0,1,1,0.592,1,47263.540303125585
a37a8ff5-89bd-493c-8ada-bf552c1ef22d,0x4d20830d44145ed65829741c18f881cf8c93ea455e60760980a084cbe090b630,0x7722285ef062d6c237dcb818109219a631064b43,0x04e575c24b0e9eb6aefb3ea2219a24ba97ae7b10,846.98958,USDT,137,50862509,2026-07-26T20:57:41.025872Z,0,2,3,0.646,0,72247.28434259142
ca7d106f-0806-4313-9d58-75ab4ad0a23e,0x9e0c044e702cfbfc5d7963be7e01dfac0112348f305bdc48b3a7e12ecdf77c5d,0xd0e3cbe7f1d9064fd868679d0a48ee267477babb,0xff0e0e46cb78700c88058254285c1cb7bdfeacf2,694.894933,USDC,137,56613604,2026-07-14T10:19:10.029645Z,0,6,1,0.906,0,18991.684821732724
bf5585b8-d337-4af7-a0ac-a9e4fea621ae,0x9ba947499113fbd08feac98e2ba70a53a5ea53b28d400bd86f6b0b1b07311704,0x3c53b5fbacbe33310ce3ba2354ef26796c1ad7fc,0xf3a592f1d3e034fd9c0ff580337eb1a8f61da239,239.348411,MATIC,137,51337078,2026-07-25T19:49:03.033928Z,0,4,5,0.354,0,72422.73100454357
36d9f353-b7d7-4c6a-9590-4684d55274ee,0x4e89e1986613777ee6fe27c278eaec45a58f6d08f02c06c19bbbc5ac5cb78641,0x0fe9e9a9ee0447bd52c8536fbeded00c6aff8989,0xdf555245b5a20489bd19388a6965b8de1f6f3955,914.383098,WBTC,137,51544923,2026-06-29T06:44:22.027365Z,0,7,2,0.9,0,36869.21283435568
8c2b96ed-f74e-43b3-a8d1-05b2b575b2ed,0x94ef627164414ff04c9b2bdde25d9543e571d9e9088ac8e4c3fcd6263160a4ad,0x2dc6bf7a150ecb2f4c0fe349087f1034f2dd0aa0,0x3d722a515dc2edbbcd82bb342c4c67f9ef939f5a,354.243676,WBTC,137,55474090,2026-07-05T10:52:06.024993Z,0,6,1,0.627,1,48123.4460022325
528ab1b6-7028-4a9a-9c32-68898b395a37,0x24eef182b8ade147b03d31f4b5acbc3359e1a3835b8120f584bab4059859d76e,0xad220fd2b9b331b05ef686d3d8103bdfd63ce07a,0x7e8aeb10b8add54b5dabb9ba80cf77dc8df9c0af,802.056438,MATIC,137,51333861,2026-07-12T09:54:17.033781Z,0,9,4,0.382,1,17640.892885566973
4a03b7bb-5728-4fd4-977e-1e4d2faa22a4,0xfb58fe78d23a669bbb9d53fd0ca1a5601949497a5ef98f105ba906c26c4de873,0x165b41f9e749b63891840d23c4b01fcb5c85af73,0x6113c94f7a5d126cf4c76b1d6f4bf6c064628aa9,71.926783,MATIC,137,56883343,2026-07-28T00:02:51.033815Z,0,3,3,0.787,0,39216.932008318276
4dad7616-b271-4826-b8e2-e34aabfe97f3,0x3afd0dd29c1e9af8f1514f8e6d6cf5424e0de17ec1b78374eb15921ff1d1a1ae,0x65ab6c15d9e45a17831d5b01e1829fd3e3d0eaa3,0xc5a12cda8fc5019caebe320108342128fac6017b,645.636378,ETH,137,57645663,2026-07-04T06:32:44.029206Z,0,1,5,0.783,0,52771.64400908968
fb00009b-1746-46ae-aa6c-f9b7dd2ed442,0xcc7d7c3d807f007e1483aa11124345c94f919c9441167d5f63c48da21ff99d09,0xdda1df7a7ab25484de87019a4a384e9e41ad50a7,0xc347f726393468358c1aa2603fd631e98ac47d3c,517.850403,MATIC,137,52731837,2026-07-22T20:16:47.028509Z,0,9,2,0.353,0,8200.334794412649
ca26e844-b86e-457a-a3fe-057e529e31a2,0xc6f69f713d78b708ebf3038848e940a685e3d90061a12889c601a94c47f5e2f5,0xd7e864adde8b4f480e5d6d1bf05ad56521738706,0x8ab72d9cc4f485562e64138dcc07f1f1998b11c3,5.872358,MATIC,137,55784094,2026-07-02T10:14:39.027149Z,0,7,3,0.585,0,13672.385076691451
6dcb8cd6-3108-4889-b670-f0727e37bd71,0x0010083936734bd460f8161387c4f291c0db5f7ca8454efeae5f9adcc21d393f,0x72ff475df624c7b78f70bb86d6dca4e5798d1896,0xd1436860d1ff7c19541f5a83a446d9dda6dd0ac9,152.074986,MATIC,137,52932990,2026-07-19T22:21:09.028293Z,0,4,5,0.828,1,29712.61861306007
95f216f8-e51b-4483-86a2-cb97c862f208,0x13ee1bf44e035d6ec2f234da8ea3476ec090aa5d88b0f93bc3b856d143d206ad,0x8aa305bd41078abc1b73ff9bac75784975a8f2fc,0x5fca4b27cd7df60c8a94690e873c4367b78df1ab,881.292957,WBTC,137,59396153,2026-07-28T06:33:56.028373Z,0,2,4,0.795,0,65025.342685329924
96c89225-778c-44d7-9c18-93d108ebf42b,0x79c34ce6f3ab69dc3fa8fe3860b50e1e85c477f31cc43a9f0697ea03e1a138dd,0x7c6c1b2a53fa1ad64dd419c30148484d3910b1ec,0x7745554eb96fc9b34279522e49815a7ab3cd3479,546.640507,MATIC,137,58371793,2026-07-25T02:18:49.024666Z,0,4,3,0.53,0,81798.92660821858
c6aa96bb-3961-431e-b3eb-9ade8a1dfe58,0xdb2ed9a1b5444e7149a3bb65fa048f514b2230d33d1d1943ed3b9c572cf57b48,0x45c6629d35b0ff40a2d2918438ec64e1b906fa53,0xec5b14d190c538bc380bd7b2f9c81cfba35ae322,707.103803,WBTC,137,58846091,2026-07-17T04:15:22.034019Z,0,9,3,0.9,1,86129.35659600623
6d4a9c65-245d-4d0d-9217-1f6c6b775558,0x955980ee65a61171189dfa45a23a9b28ce162f2f779586738be85449bfa83138,0x51efff9971669e4476e1aa039efb1fdf39ec2916,0x40c04a70d1290f2fe45a5ef7d964896237ff3fad,501.002295,USDC,137,50991818,2026-07-13T17:22:20.034934Z,0,4,5,0.313,0,14803.17131325762
a7d8eeb8-d724-42cc-ad13-9e4d170e82aa,0x3972acec5605115b63d84b23011c7d3ac1b8957ee98163ebb5c790c41653ff97,0x11931b7e5e83c7f4d368a4067db2e5d1453121bf,0x5ce49968488fcaca58a5a4ec764ebd5a21e3d3d3,905.65604,WBTC,137,57879089,2026-07-04T20:19:59.025005Z,0,1,5,0.932,0,78190.6020689023
3d518729-7805-4eb2-af62-eb91ee8e0136,0xf98343add3eb830146c79cc1bd7d35021b8d13904fa03c2a641178c0efabbce9,0x6a8cced6bff77c150d4323f6372c56b5215e17fc,0x476019ba6bb56bcbeb735bea1280bc42e887b551,954.309088,USDC,137,56090457,2026-07-20T09:46:21.027102Z,0,6,1,0.788,0,3946.505414175412
c5f16bea-734f-472c-8bb0-3672a32ae2f8,0x5c2e8cd3b17abe19ec46534917e552e0943bb7890b1aef039d8da556add5108c,0xcb0ca3d0556a5528e5ef2b74c5ef2634e2874b98,0x435c257204187f4e1589df801d13e948b52c90f6,339.639206,ETH,137,59496553,2026-07-11T01:26:51.026161Z,0,5,5,0.996,1,86248.60799940914
671cd602-b217-442e-8a27-f42634a24f60,0xfb1d08104c0daa77eab9ab934291bb15ead348ff66aa56e7306a27e3bc4a6734,0x0e017556a0f44a1591141deda0023d3911e49acf,0x758dafffe600cd1735507d5529572ab1a304d19b,181.268895,MATIC,137,57248993,2026-07-25T17:16:19.025716Z,0,4,1,0.56,0,36626.81963416235
37e144af-54e2-4c7b-82a2-5156416355aa,0x257dc34c1a5eb038c811887189eec55ab55c643710703249020d1db3ae5fdc1c,0x02af364a039c4bbe94200692bcaabfeb944b8a3e,0x453d3a27a61bb346131a4b39d3a884e68deeca4c,496.904875,USDC,137,59496715,2026-07-03T00:19:54.028304Z,0,1,2,0.688,1,62095.68346374205
638d0454-9c68-482d-b60e-5369d102f612,0xbf5b75a5e9b83ed0d054da79eeb53f301c898c6a8e64c47d697906309ae8b279,0xe7a0275ea54485b4601cb99cc223586d590cde5a,0xb330ff32f514a3918ac9fbabdd4477e39f395765,457.064225,USDT,137,57481836,2026-07-11T21:48:23.030743Z,0,8,1,0.452,0,57289.44359102373
b360be34-972b-4736-9610-2c72ab29f8e0,0x4d642d48e025cf49ae1ce8a0639b907be4e49c97fa7e9a6c4d54511e070db5e7,0x0c474e326b535baffd075e352ff189185fe87fed,0xb04676c48a9058f72b0cd7caf1213bb6dd85fb39,439.546536,WBTC,137,53031927,2026-07-11T20:34:57.028090Z,0,4,1,0.975,0,86028.78504153922
2f679d3d-39a3-40b7-b7ef-ef4e3dfd7bdd,0x6344a756d1b74d0eb38391820c1e42c728bc36efb6dc27748c1a9b84fb37f359,0xfeffca165c29cd9622db156f9447c604a1cd4ae5,0x67fe1a924563697b9764bfff534091065cf829d0,547.668833,WBTC,137,55962352,2026-07-09T23:12:01.030542Z,0,2,5,0.532,0,39468.913932727206
bc5f2fd2-7013-4d7a-be8b-c43c38be9ce6,0x601823c78beae86a0bec414c034d72503ccaa4f2e0a19a1b5ade5f4b2aaf3841,0xf3229a26ce8f4a884d932c06573577a535f86ade,0x66e01cc539d18451eb930939e7778833439f4dc8,171.126341,MATIC,137,50351556,2026-07-19T22:56:01.024860Z,0,7,4,0.487,1,2196.840323264686
020aba40-48df-4c6a-9e31-82afd92de30d,0x27f4820e04f503d7ccf19536028156eb16c298016a670701a62781ace7ce5030,0x34a0134241d9eeb1a26f43b53062c44160a00c16,0xfe53c3f0c4371a4b0d5b4cc3cb00106ec6ff7f29,945.322895,MATIC,137,50175525,2026-07-17T00:20:24.029702Z,0,6,1,0.406,0,26215.873995030357
164d360d-e9e2-4455-90ef-aedd0807de63,0x594b1aea1a4a7d9abf710842e8379ccc107ef117490de63b3849092a6f5381e5,0x33b9390a658e537125e669e8d741d2d1ecc1768c,0x0e627e3df2dcb187675824f23605478f70c34818,74.841035,MATIC,137,55455845,2026-07-06T23:51:25.032399Z,0,5,4,0.691,0,70672.63958383662
895c8397-0f97-4b26-9bfc-f8254d275691,0x8307199fc3f194fa2cd81ca071f8850389b75a539f428ed389b782a1d2cb81b9,0x57c87900449d7dad9dfa38de3965e08e4ff7b8b9,0x3bc9fabb3dd2acd3e3f839ac16f60d249a869a6d,515.129658,MATIC,137,58678398,2026-07-14T06:08:50.024385Z,0,4,3,0.796,1,8572.810386159239
a2ece45c-39df-4215-a77e-4097bb2ff519,0xb993881aa5539fb5baf49a8eba4affc7dabdc1d61de19ee8a819d5f15f516933,0xa6cf5b720e688f82b2859e8338541f4c0bd5993f,0x73e6064c53588c472f10f6e0e54f4f2386be7113,779.072935,WBTC,137,57555201,2026-07-10T12:56:37.027481Z,0,8,1,0.847,1,79044.55784279999
9341dbf3-c692-4801-a6cf-1d1ea32ef998,0x3d0e2ed8df91e6987b902360bc8a77fe57f60549079c79407b617c97c196a118,0x93e1a6775927348e39f20e1e4c9f34f2496f988c,0x79e4ebad035e135557cf557866bb349c9fb838d4,261.933367,USDT,137,54560210,2026-07-27T05:13:01.024907Z,0,2,2,0.977,1,66842.62806445168
765ddaec-70a8-4b16-b4d6-07a45f39e79c,0xf150862816b569ac4127c716a5d738d00cbe8a2403d6a725c0d1cc4322091d21,0x08b45f7d788935818d99247f9bb124f9714a6e09,0xf339206ed6a2e6916f5ce1bd271beab7ebd998f9,254.814115,USDT,137,59881558,2026-07-09T17:46:42.024051Z,0,9,4,0.783,0,61701.99543834168
f078f8fb-ea8f-4f68-9cb2-3181d19c280f,0x46fe1faf51be2a57b98b41490ab12e432c8e3a5cf940c26ef34e85752887c4ab,0x2e48ecfa763f357378af457bb053cccb9997453c,0x0b086eba9542df224905815c21bad4e7608ae550,506.395599,USDT,137,59660760,2026-07-23T04:37:53.031034Z,0,6,5,0.85,1,24279.14287733551
4720436f-22d5-4491-9a69-86ab56a3a399,0x937ba6dcbf3c7b10f21e034b7ad54b162bf6304af9f56808937aceab544553ed,0xea3b6a4c5668d1204fa5d5c78012fde8b417ad70,0x9ab080c0c50156750bfd5c67d59aa12b2d0b2bcb,421.599411,USDC,137,53461289,2026-07-28T11:36:02.033592Z,0,7,5,0.373,1,20724.826141095167
173219c4-1464-47c8-82c4-84bb06639e3e,0x78c7d90c1cedd1ea0aaa6320dc5c92a406fe70c5d5606b2a266ccbe5a4450d5b,0xa5be486dd4eba511e855a2d36f0adcc59b05c9b5,0xb9ed390204dc675224e3cd5d0d66e4165790f636,910.086506,USDC,137,56188583,2026-07-19T07:04:50.032035Z,0,8,5,0.539,1,2260.862873709337
9f4279ed-1a06-4aee-924c-8de519be697f,0x82d12884d3b90fcdcb2eae1d2f9432b7ee712d42cd5a29b63e1a8964e45018aa,0xcd9a3fc621f617a07b96249a387cda4a6d261f0d,0x7da5f153d9347feab745de157f27b7af7c757757,677.767946,USDT,137,56447258,2026-07-28T01:34:24.026415Z,0,3,3,0.841,0,25492.37813403127
f309a9a3-d5e9-4d44-9dab-eb70ce172cdc,0x721677811150761bb64c78101bb662316468b8e0c476ab73646279059cadc977,0x084ef28a0e1e0190f0435d7efe359e40a7ab081f,0xa4c34bffacd1453762104c1ca1e47f86f049b4ae,211.517471,ETH,137,55690327,2026-06-30T03:27:17.031195Z,0,8,1,0.539,1,21574.38957044063
ea0c1e01-b64b-473e-86e2-c95aea4c37f1,0xe1a458d2814966bbb39752957650d8ba586d27c323b8d3c98c024ea5e860d28c,0x62f9c65d942355de0e284299e7ea55621b579ad7,0x95f64592984397df687e3074794b94e18293ceab,992.709506,WBTC,137,53438279,2026-07-17T07:05:48.035218Z,0,10,5,0.347,1,40930.0231414043
28242b18-cac1-453e-a598-1033ff1c043c,0xdb78501076b8b851747e7f27ee00eb06129aeea7433fc525b9e65fa3a7be8f12,0x8bc18956cb84d4abbde560d190f03d4d70bb6243,0xda7003b0ffa6dd59155f8ae94cd02ebc353daa61,294.794087,MATIC,137,51374691,2026-07-19T00:39:16.030866Z,0,6,1,0.699,0,14393.253728551976
78f49036-ca9a-4a30-ab05-e4d5fea702dd,0xebf7ad394bee929446f629cc1633759d1646cd058a0a55e13336bf5bc1a78cdd,0x85960fca030d764272eaea5f010457bf970876e1,0xa77f4de339b1fdda8aaa9de286c4b0403b9f64bd,451.588344,USDC,137,51774411,2026-07-16T05:58:13.029827Z,0,3,5,0.316,1,20028.70047193792
401966da-ec7f-40f6-ac4d-50ebc77eedb9,0x0ce395f1b58f148d301cb6d8d94ee74106c187606b1a63c620469af42b0553e4,0x699f080428b90685373d9346b465ec230d5188a1,0x8b96e12b88346cbc5828c184b6e1fc3ed7fd9847,682.215315,USDT,137,53614173,2026-07-10T21:57:13.035113Z,0,6,5,0.649,0,40771.85348676793
0d28830c-3923-416d-ba25-a05cbb064759,0x5e3c6168f6bc8976684398d5a15a962d988d554ee0c14d81a708b29989b9d2e3,0x3b5c4645f381b76d59135dc4aa682d596c65b8d7,0xc7423d8b87fb07ff25869adc97148c6c96bf9d97,907.309537,USDC,137,58446830,2026-07-08T01:00:24.034456Z,0,3,2,0.383,1,57810.04114124534
21623922-4992-4394-982c-f19d7f08ea0d,0xdaf413f756a3cfee1a4d5251f05d43caef7ce6b6cb378123afbc27bd7b0591a2,0xc936dfb28e304be408d3bb95ecfef047f007e627,0x5bbb710fecc0aa860caa5e3926af1ca5a01664a1,72.829602,MATIC,137,58414035,2026-07-11T00:03:20.034640Z,0,9,4,0.606,1,4169.23731228667
e0a83171-bfde-42b8-96bc-207d9de7634e,0x4fe6e86b35e59a25f33c37a3d2f45bbbff4e22bcb3aae6f42b99a12226e1d9e5,0xf1136ad9b74201acbddf3125d8caa613d74642ee,0x2bf56d5795c0d233fb626e93e54e287420be2d56,600.495447,ETH,137,54246276,2026-07-16T03:39:13.031284Z,0,5,5,0.768,0,83408.69049735025
93df2eb5-d1c1-4d95-8266-7dd0de9e1eac,0xbb5395fd0f15cee02923902996d0b58530bf248fcb028e624dc4ce6ddb2bbcd6,0x89664740db3eff5ebdfe6dcdde3f71bb0f8bfca3,0xbf349a5de5274a201732b99be3ac036a142a98f9,213.378104,ETH,137,57483378,2026-07-11T11:16:08.033737Z,0,2,4,0.343,1,19125.04527628642
0d885d5d-a45f-4fc0-9585-e9ea6432cef8,0x86ee812da8d08d3750815853a0e118f26ad91710c30ca3fef43eff2219ec459b,0xbe3f5f81b9dfdeba84ff56e323a049ec65c5c63c,0xabeeb4bfd19948f44fc987e59f42c26b980f49cb,915.85797,MATIC,137,57917199,2026-07-07T18:11:34.033525Z,0,1,3,0.842,1,47720.51174808088
d1dae5ab-f411-44d4-aaf3-5515c652946c,0x5774756a7546f3fd21071745172bceb3d081cbcf2b46a4095b3d85ace5943b5a,0xa1d993623a0ea1e9827553c8e17f8809127fbd91,0x2c872665838289e04f89191ebc1e2b9f10f96f90,269.805801,WBTC,137,59367636,2026-07-23T15:03:56.027320Z,0,4,2,0.839,0,535.9516045553837
c04520d3-8c73-4a54-96f1-a111ba379a93,0x60c2fcb91dc999195ea9add74969be4eb29c619888447e0b711b717ad5098a74,0x3336150bdc52a46533dcde38354abd0bbfc10b47,0xaa4ae281c615ddca4f3dea268c25f166139cc307,761.807421,WBTC,137,50775396,2026-07-03T17:33:25.034107Z,0,1,2,0.347,1,40100.98038961625
5886346e-ee89-4523-a142-2e5e0054d633,0xd6fb564e542b7ee903955f831857aecd317335a3cfa49569e1a8e26753d504e8,0xb8d62e25b0f1828219601d647f73f36448d26247,0x91dad52619f05069a671bf5cfcb116a73bbcf406,721.22888,USDT,137,52148612,2026-07-16T05:17:10.027435Z,0,5,1,0.547,0,18606.367594511994
41a35b59-26f3-4556-8d54-09266091d17a,0x136f2bf05182ded26c2b00a01f508fb8dee2bdf602bcc964d933b7fa05ff6145,0x113ccd000bc01ccc401b0a2d4643898ad9ccebd9,0xc0f92f03cdd4d47d82ccff3fd21715edb66b3c98,914.020547,ETH,137,55750771,2026-07-24T23:16:55.025268Z,0,9,2,0.586,1,25938.38382891141
6117678f-84ad-476c-93e8-f064bf18792a,0x242a8f10457167758b3d7cc2d21b57307c8bce20469b1e81c248cdaa0f136caf,0x3797dfdf5b90e4d33dbbcb2cd71c9d0196cc369e,0x85e1fc180a1369c307327084e1a0ad9e6085cfbf,926.565769,ETH,137,58904993,2026-07-05T19:37:33.034775Z,0,3,5,0.591,0,53160.329793892975
d131072a-ace0-4313-bf8f-a4ada95cc527,0xb24fb8ce16649deba79039bbf60329b2702bd4796c78668d1744e84a7ad869e4,0x50be288eca1b1c1153afe897b2dfc9e8543ac179,0xbb5a4a95f1b7c56f52391c4dde85dc6d2103b2c7,827.436487,USDT,137,50339709,2026-07-16T03:05:54.034866Z,0,5,3,0.369,1,25962.375522037066
7e9947a8-27ac-41dd-9d40-30e774db79a0,0xe34a4be2b527dae55cfb06810f39eb3ac9846215b200509ac7b27cc21e6d3db1,0x97c66efa5a66fd6465f41982820fdc4e1a899075,0x3a17a1ea0c672767492396777deb0bd74082ad92,830.83417,USDT,137,54404630,2026-07-26T02:36:04.030077Z,0,7,5,0.828,1,9664.247237479829
6850f2f0-12f1-4ab9-875b-9c43a685ca5c,0x003e40232748a8de02b53f4124fe345f8c732898ebf6dd5b31779036b5ee47d7,0xb598287d217b4ac6d0d57f2967f16599fae26f18,0xc6ceeb97494b4501bc4db1ca1de0697bfa2ca12d,196.777256,WBTC,137,59613354,2026-07-25T06:08:43.032994Z,0,8,3,0.707,1,9475.270089127805
220752e8-e82a-4a01-867c-f8d6a3865d42,0xc8a5912872daedfef40382a33ae8c0ee33cf9cc6abaa52c404d57f112dbc693f,0x4c535c85d9d206e946dbbcb8fe40129ca18e9b31,0x606197a2d7702cffca2083087925a45728fddc53,797.935433,ETH,137,55447208,2026-07-02T20:51:57.032947Z,0,6,1,0.658,0,14259.832584264077
5e8f4905-4be1-4b20-a843-9480c0a3bd27,0x1ba0a73aa09c7e8a6e8f0b03dac86a5ede10e3d760c69f7ab7bcefab1c75ed14,0x0299cbdb85a8c901bb5fba612f615edd5a17f54e,0x339709708591518c02ba05d772aa9ddbe30adf54,246.258385,WBTC,137,58675196,2026-07-05T07:28:33.032171Z,0,7,5,0.916,0,55004.48217896169
c4064ced-8af9-4e50-9289-fe3760a46f87,0xa27c837adb57ee4f850007e44ad43427760c8c088dd87a5537371742018d125d,0x3f26b35092b3532dbcf822d0462113f63796ef65,0xe712f8a1d4306d69f870bc3b816c3da1ea4b111e,845.200206,ETH,137,50985594,2026-07-24T21:48:05.030406Z,0,4,5,0.803,1,25979.575070232488
5d3cd26d-0501-4cfa-a59c-2ba673485263,0x86c83da653e81f2fb00d7a4218c69e46f4d43c5dbafd4ceb42b916382679d7ce,0xab4382960fb8a27c8af733958485e2997525f9c3,0x273941480da937bf8f15b1cfcb7006ae847035ca,188.550625,WBTC,137,58997913,2026-07-22T19:33:25.031207Z,0,1,5,0.481,0,56411.097692439085
414e1cb6-cf62-41eb-8689-94dcd9021e5f,0x82b1038f58913368a6fd8424553ebc1ee0f1d828331a9312f4dd68248b6fe1a1,0x90a103ecda7d9df5c9ab90ceb1764120bdf33ea7,0x1a0f45de8b04a67149a6b4927c9a90c26e8deaf3,6.640352,MATIC,137,50035260,2026-07-04T14:14:38.027229Z,0,1,4,0.942,0,5034.261156426188
a554b067-7200-48f2-a43f-a7e983a698bb,0x406c5da140adfb00a6553727aef0e3bc2cc855085558662e9492a3e5bb51d95d,0x4991a0661f89262be47cf41cba67f09d8b30428a,0x75b638934924bc5fa981ef529b60e8f08da3e2bd,4.578828,ETH,137,51487650,2026-07-01T10:56:14.026004Z,0,7,3,0.703,1,54308.20726986105
8d0dc78d-60df-4856-8525-420d5238c153,0x8e77d744d94c2d8549e48686e552f77482b4c7277767d1ea94f8a8b3639c5fe8,0x6b413ff796d13a9a4de18f154596d2491c2511f7,0x0bd738ae946d43c4e63e0a1b60a2a1cd772541d0,320.802653,WBTC,137,59033843,2026-07-05T08:47:31.027091Z,0,9,2,0.56,1,58842.88835336366
58491011-7a6e-4ad8-a2a7-e2bcf580b438,0x7db9f8431ced3b36be8f2b6ad06439bd6ed62638cf8db046850902b66d16058f,0x05c317deec7537f3afa9262ca37a568455be03da,0xb271c87d24288c4ff25b269b32fb5642be5a63c1,509.672401,ETH,137,55563189,2026-07-21T10:14:17.026988Z,0,1,2,0.67,1,35225.62751944962
a89d52ba-2516-4c73-8736-ca4cc47649c0,0x2508804ee21dc9f6f2ce77885f20811278800505ab2b508d621d89a6f21c93b2,0x68d1591b7a708c1a9884d1a480692d0670ae4f78,0x8865b3336aae88c84d6fb7056366249c94a7101d,469.843075,USDC,137,54925590,2026-07-10T23:39:22.028648Z,0,9,5,0.761,0,68379.38189269033
792391bc-f282-4ff8-be71-5af10404bd0c,0xf2aba530bb889cfdaa8e07fbe9dbc9ccaebf5c3506ff7b5f88ede1b60a8e2a9a,0x22c6bffaa5bfb9d1727db1b3b61a7beadc572b40,0xe257b7995e35bbc204557f5c1d7a6c51c6b14439,124.713649,USDC,137,52222484,2026-07-09T05:42:56.026076Z,0,5,2,0.503,1,50100.00992566408
583431d2-5bf1-4a78-9a27-b7aa4f733b96,0x29805734835b926cbe117bffdba8c5db5ea0084d4f7d8bb1e4feacffc9be9db9,0x3a151fd350105bf0d4752b7b352f5cac98ac2db6,0x01fb2f590ca5f35f9b84ef00b0a0631e86ca316d,459.782043,USDT,137,57614821,2026-07-18T12:29:16.026537Z,0,3,3,0.373,0,85114.4535027325
b06cec2d-196b-41d9-8e3b-ce5875717608,0x38c37d0b1c6713eaf74ae1e6461ecb3ee9c25e62336d0824a221e65ce1851b0a,0x1878509c6fa1db886c7c74da0f4439ac6109fd36,0x9a7b7ac9a7c86f0c1ccea3fe7ed81c3d9bf9f67b,863.126368,WBTC,137,56557367,2026-07-18T19:48:29.034379Z,0,8,1,0.352,0,50785.6069961122
7a39a94b-c741-48bc-b66f-0b3cee6f09d0,0x8148e4a1a688d6c387317c76299e9a010398001345f098d8de669c0ff77a0114,0xd8379c8c437e1f3112d95bcdc5ee0ea8bf878ba6,0x31228ddb671d18d5fc55f8b946b77f9dca90f099,186.972003,USDT,137,51405404,2026-07-10T21:52:36.025101Z,0,6,4,0.542,1,81950.58687184958
decd4267-58fc-4f75-89de-996d8c5c72d9,0xfabefb6f26f5f1809a4cb046bec1bea367cfbbf01e05afcb539f6aee4b8cbdf6,0x14298bc197bbd71ff24fff61a2a11c0746ba7d72,0x4756b5e6873a5b611b4be9514c210792083f366a,690.299541,MATIC,137,58797301,2026-07-22T17:01:30.025752Z,0,9,4,0.752,1,17830.48545542686
f563d304-e186-4dd4-b59a-22e1c9f10290,0x060e96f5a05f69338c3897014c5fd42456801e6d320887391928a01123c7648d,0xf9e29c3a085c23039bdba2cc5aeb38b0c291dee1,0x3ba98ebb563f1427e091855a1b77e1adf98f229e,942.176003,ETH,137,51019348,2026-07-19T12:55:27.025824Z,0,7,4,0.943,1,84427.6505329044
59a5de64-67e8-454f-a451-c5bc5596148d,0xe5772992fd4e8af1a7d2ad6e8f90dd7c0628ae7dccf03f63a143af4e8aa8bf24,0x2028ad515ab9d18fe103fbce0f91cc43b4bde265,0x2c6e4620683c16bafe6d89680844638df8d9d2f7,216.731518,WBTC,137,58668615,2026-07-02T03:27:19.027411Z,0,6,2,0.88,1,84294.6416391637
31d912d0-9781-45f7-bf3a-e1663a226b5b,0x601388d1af37079d3eedf28a3b01faae6d153ae581d3a484b38645bd5827c471,0x858028d73ce0955ee4dcd699d2a09a817f0f8db0,0xb6e7fa7aaab173e5c7ac2f021ff05828d0f4708e,426.236003,ETH,137,53954092,2026-07-16T14:41:35.032766Z,0,4,5,0.402,1,44665.01588552338
9bfa54db-b421-4b09-b549-9dab07eacba4,0xed0ecb3dbbd7dd21623409a8d5ed4999cac3cd7e7c04228ea5e30adc765c93ba,0x318a4b65cd7892bb907d2b8bc66e89686ce881ca,0xa9ab84c8a08b9c91c4623d8d67970723a6d236a1,76.405601,USDC,137,59262864,2026-07-17T02:39:42.024288Z,0,5,4,0.338,0,55805.3481002159
a9da90d1-4932-4571-b99d-7fd077c2455b,0x466b2e717bc085972aadc0edc7dad4d532b23c53f5dfa2604ef1219b817510d8,0xa83828bd5f15cd3efd2c85d7ac5a05a9423d85bf,0x81f6d3505347b3f0dd48483304ab2135fdea98c7,936.067479,MATIC,137,55293618,2026-07-07T19:35:06.028854Z,0,2,4,0.809,1,62760.92133468445
13187b2c-6b06-435b-a1c0-d8f99ec2fe38,0xe3303d096da2269295f3534487303703fc2128281af39e9111c883c7dc97ecba,0x9b512086a702a656afba753a97338dcfa8f210d5,0xe4d0da86b10f7f20d5058a2d2530ee400af6e844,4721801.870344,MATIC,137,53556811,2026-07-11T16:17:40.035971Z,1,27,70,0.323,1,37.631648133503965
d772623c-2a18-4a11-a9eb-a60e497a66dd,0x38e424f17152feb36b6d54a7822615bd943dd7922e0820b63eab69df519c8d8a,0xed75256d595069160580c8ce77405bc286e494f1,0xba77a578b2a3976a80b4b9e076e69b236627600b,952.962422,USDT,137,55766198,2026-07-13T13:47:43.028888Z,0,7,4,0.605,1,8365.532410293556
43b15e3a-f656-4ffc-bfbf-cde2f7254891,0xc0746a1be81944642fd541641c5814259766776b8120940ad120ff80558022f7,0x8263652ac165ec1705df6c3becca666a9c8d305f,0xc4b61380318bae6341ba4571bc6ab954d2bf3276,57.245923,ETH,137,58508278,2026-07-10T11:56:30.026112Z,0,3,2,0.63,1,73799.28542117566
b154d5b9-33c2-49e4-9b5e-cd17d0bd0179,0xad699659cb6137965fae6970bbb7f3762b2c9b3a208171588f7e6c7018cd5241,0xd0df6afa7cbf31af362a05849742bc8ed7e5cf11,0x720807f94693194b94f9b021499f78eb44f7c712,564.103741,MATIC,137,50585571,2026-07-25T20:45:37.032983Z,0,7,5,0.36,1,7301.937640279247
0a0f964e-3576-46f0-b6a1-cf9bc55b6eee,0x7519bb3e538399b84f202392adce16296d00d46846c1dc9c2c29e528d61e4e5b,0xd60bfc84a18a42252788b594e11cd15f1319810d,0x27d085d8c7b5cb6a3b891b9c3e099018497b729a,385.175927,ETH,137,52942622,2026-07-17T05:51:05.032091Z,0,5,3,0.433,1,31646.17410529428
d8d776c2-1435-4e01-8e4d-1a24bd10f508,0xfca7486ab65b57792a916cbd8f8b5326194f7a7351fd8018967e6559fa9eef0a,0x9d32a2a622da9c80c85f193f25880beddf959f9c,0x8edcfa2789f7ec33004553a07fb8aaf6f9e96884,200.022716,USDT,137,51111403,2026-07-11T19:51:40.034854Z,0,9,2,0.902,1,22133.454633067544
57302cb5-6fae-439d-b822-5beebf5e4c03,0x877828cbd1d7ecac215763c2380ec212bdb54305171fdff5e6a69bdbdaa84b2d,0x15529cb5c318e19a031ec00d327719f48508a8ec,0xf26df55f4ef9db5909c30feea5c1456643a6ff39,265.990628,ETH,137,50539083,2026-07-03T20:22:40.024848Z,0,1,2,0.943,1,69595.9925258166
27a42b08-1c27-4107-bb36-2b6fd0c22ce6,0xf020cc1cf570933a83779e20c60eae3b4a7c4e55c4b89420e59ff0fb15d4ca10,0x52745f5c28c29ea60bff3e92ef4a25f82032eab3,0xf92af2be07c2372b0b2432498a943b49fba6588d,775.973009,MATIC,137,59728853,2026-07-23T11:35:02.034945Z,0,2,5,0.789,1,50940.52300803723
f7965fba-140f-4a93-b58f-a60f657dc4b4,0x2560fd637ccbcb056d0a1ac384888ee9cd203908fb70e77dadb77b0afd9e3e83,0xb28283c661d4fa0912d042191eac747711781aa1,0x6ef7f86ed883287a9143050ad3ce5fbebc2cb885,372.864752,WBTC,137,52158386,2026-07-16T09:26:47.025740Z,0,5,3,0.791,0,83118.7536162206
d4af7a89-89fd-4c35-a35f-6f3f9128a25c,0x8a0487de1cf28fd6a56f89af7e03e9c5ac4c5579b8b5cccb6964195214c9862d,0x58b6f5a48dc9046f84f9c449ff1994b0a0a51d6f,0xcb82a9d540701170aef4c427c9c620b3994528de,455.236307,USDT,137,58033366,2026-07-15T18:59:40.029358Z,0,3,3,0.613,1,83821.61363596356
5efef18d-657c-478e-a682-68a356293a0e,0x74ad83aa56080d569e0074c62d745a4121d37537cf858b9d2b5cd90a6db54e85,0x23e39a32a45ca793192e4b5c358aea74f98da93f,0x74ce85d4941b488a6bfd8be90c03a473d417d626,823.973198,MATIC,137,52879455,2026-06-30T08:13:30.024228Z,0,4,1,0.451,0,46945.850223308305
b20a37f1-9af5-4e9f-ab64-6c97be3a4812,0x2228463c86645e98ad610a0b34b8d48548b57574da8200a4943391772a1584d7,0xf7120d8ce798ab8298b90a25d27f4bddff36c85e,0x534bed858e5f3e5fbc8270e8d5d6d16616d6e271,8.272165,WBTC,137,53572986,2026-07-17T14:16:07.025173Z,0,4,2,0.805,0,69099.83082824101
e44dc33a-46dc-4f53-ba27-ae8dc411939f,0xa1fb17bd32daf8c974b92a50c05268f4f844196efdd7785d586c87d2920fcab6,0xd306de26bac478d7cfde8c43b9e60b512f67159c,0x889a9dda3eb651cd42cbb87bb01bb3ad7ca85a64,558.093163,ETH,137,56210061,2026-06-30T20:00:30.025077Z,0,3,3,0.479,1,78247.27271462696
1744149d-25fc-4531-8a7e-e2dad187347a,0x3a71ddbecac93c05853c07095fc738425b401919cf7b557dbb6150249b558c99,0xe6e6507a27e72f001d3826bd816b0472d4d842e8,0x258b51d3aa8abe8d7c4258eeeb6fe763ca1ecff7,344.460903,MATIC,137,53871104,2026-07-24T07:08:55.024361Z,0,5,4,0.399,1,9123.952649297482
0eed1b34-6b3e-4cd9-ba75-c9d010c57a55,0x493077d9e377a4403a893b33bfe6313c36ef40259ccedec0c16dc6261310a0e3,0x208ef221ad5bb9f767048c9d158b2e2d5748c859,0xf6a80288250f3b64382c7890832e11ef356b95f9,513.751678,USDC,137,59039469,2026-07-03T09:40:46.026843Z,0,1,5,0.887,1,76919.65884002032
5769a0c2-b303-45ef-938c-966ef708bd83,0xedab4a00872a18abf41ddee47353b25cdc405eb9ca63eed5186c7cde2e853be0,0x1f3e6d9a7f4fdca34f38626a7bc0713bb740e740,0x7eac7e37d8aaf928301e40a034374dfbf8905fe2,186.869041,WBTC,137,50092081,2026-07-17T19:07:45.029622Z,0,8,5,0.432,0,27688.763868490933
bb2c3d48-a833-47a6-bf8e-d5a9d412dd83,0x5f87ef44485bf01b4e65385004167e16ba5ca233eeb1ff3ed93ea13fb5fab7b4,0xad5b97fd0a6743e86f6dba3c74121390555adc63,0xb9390616f17bf99ca2a2e1963ef13ce33f131e23,964.12031,ETH,137,55491253,2026-07-27T13:04:47.026639Z,0,8,3,0.723,1,4413.335875043784
02afe012-5b79-412f-9001-f3ff43f245eb,0xcd3e1b5fe9541fa3944e2f7cb14aded49d3366f2399711fd010e5383dbaf9ad5,0x48ee2f705dac26c637885afbaee04e52057c9ad5,0x15d4311955491dd976865b089f56572f1b0d487e,568.418662,ETH,137,58889771,2026-07-15T10:00:03.025197Z,0,4,2,0.702,0,22299.85324108353
cd88fd56-ea50-4ca4-91ee-046237f92ab7,0x03ba27aaa9f5c2b34a58f920eceadcc748a45a4779ba3e426cf70223ee1d0d3c,0xa292ed6b4cca53398fa605084cf451e2e0d3646a,0x92ae7b3743fceed0b9cb87560567a89f1e344d23,794.39578,USDT,137,59470916,2026-07-19T06:18:58.024338Z,0,7,3,0.915,0,45638.972074956015
874920d8-cca5-46ff-8a04-2e428f079bdd,0xf17c3ebf8c544b3ba4ee934b1f3327f418e830384a247f483eb9ff780a09c1d9,0x52b193e749e2aba0192247a58062c6790fe547bf,0x9d1682d0a3ac27168821e7dc811674ae6c35b13d,833.078169,ETH,137,58956369,2026-07-12T02:20:42.029850Z,0,5,4,0.981,1,55095.00664649313
0a68e954-ec63-436e-8729-e27d94eb14e2,0x4f04b4183cccb5b09d23a61eb5f7ca1d1e33ad11c5c0fb7b5ddead4afb802638,0xcc3a591efd98a477bd36723a60a72ed2c6d3bc46,0x599300bd914efeb637ea813f0f6f7e4d75717b09,507.473841,USDT,137,51962034,2026-07-04T18:17:53.033770Z,0,7,1,0.908,0,63674.65191178726
37c86722-c8c5-4206-a736-d398b670bb45,0x23b8cfac0b321f059a12ad780fcf1d1d34b715413182ce91b5775035306d5227,0xf0fab03e5e6bd9b4391153fea9165ce47048ac87,0x31313e5dbbb1bd54fdce00825da21d6e8ead04bd,342.531392,WBTC,137,53926987,2026-07-16T02:54:42.029429Z,0,6,1,0.838,0,16785.477871320687
603300d8-0416-4281-8ee9-3664b4f42e1c,0x67a1705df73f0ffaa1b7f95b9028bb34321a25331869f1407828430869755bc1,0xe6b2fa09d9e2a0068815707796c17ff17467732f,0xce03a6bbc8259a95cc1f9bcda32f3fba834a773e,793.741443,WBTC,137,54615043,2026-07-01T14:55:00.024643Z,0,9,3,0.887,1,19629.971995635908
541b12ee-96e0-440f-bb12-b278d0edb6e7,0x6531e3be8e75fd7286765fffd3435910fd32f9f6975c8079c1a6c1fe8af5e69a,0x0ec8400ff6510eee5633799cdac70ac2126db699,0xc57b4294729a38465807623e7da2044a4438ecef,223.235687,USDC,137,59941716,2026-07-05T06:12:45.032679Z,0,9,3,0.54,1,39304.963941552305
6674a05e-04f4-4deb-a878-d52ec4c90a73,0x1749778c88b124e4f6c69a6e050a55af8943fc37ec788b08fc1221f4217883fd,0x8b0b805d15acc41c87bb1fbb586757f7b84a97cf,0x9e0167815092c38c6b8b5bf66cda4116cd8f13be,134.148087,USDT,137,53910077,2026-07-05T01:46:58.032308Z,0,2,4,0.457,0,72580.24601864975
5c00d8ae-88e5-4508-9760-94ed17c0e224,0x7b88ce3b32bdd9aad9f9302a9fd3f031a638a263b91568857d2b6e295c235996,0x3f1f1c64eece8049a99d2b8dd3946acf4d3de8d4,0x033c946280870d6986f99fb3acc5f1d5a34c87ca,179.784212,USDT,137,59663156,2026-07-03T21:33:55.030631Z,0,3,5,0.407,1,57067.8199068872
a9b99472-8a08-4568-a925-53d50d60ef0f,0x5955d8d40f2e2f979c106f279b95a178dc5913cf97842b52ba4dd96251dc2fe3,0x302810fbd6f6936a90d69757ac9cc70c36ccdf0b,0xafe3f4806f3fd5374cd41a4e7cbb6512c7e15828,657.467168,USDC,137,59605313,2026-07-01T20:02:09.026052Z,0,6,3,0.389,1,2515.227077050247
070b2958-8d5f-4218-abb5-872d346c43bb,0x7066a3f8e308b00a63d811a550083cef06c63ebe267341a7fd25f55b99fb5abc,0x64592ed865fe58b4c57cd2a2c445bd738aa87ada,0xab099ba0962ebba3bca27d9e58614693f1e813f7,882.5973,MATIC,137,55216551,2026-07-24T16:16:06.035035Z,0,1,3,0.74,1,3705.5973473362346
08ba8169-16b0-4e9e-ac13-5f60ffe3719a,0x5c5b81e8b929ff9db7fd909cf95151aa78d8f09044062f1abbc88d3ac40393f2,0x4b64980e84c1d64b80587b9966c4c5fd351c5011,0x2d92b19ec1101be90d154c1bef3f1ab56fe9876c,258.451167,ETH,137,51454417,2026-07-04T18:05:55.028395Z,0,3,5,0.58,0,80335.88491532017
6d49e31f-7c9a-4d22-b440-a90736097e77,0x8b034c9751a42c207eeff87d54e8b3eaffdb3ed9c206c73d4ceeb9b3502903f0,0x560216579371d7ee9b3522e535347adb4e588be5,0xdcb414a49a878fcb473fa4965126d9aa0390c876,99.032741,ETH,137,50022209,2026-07-24T06:49:47.032456Z,0,10,2,0.984,1,20084.004673642165
cb166150-d868-47c4-a811-3b1c1a8b015f,0x2bc5458dc70a81b9b56fce9e0750f8840ee03fff50eeeec743d6db9cb118b203,0xcc36ad5c89fcabce5e01a78b5a1e7cc3b76c6704,0x7441bfafce1207c186ffc0c295ac554e75a5a27c,88.599614,USDC,137,56025591,2026-07-23T00:38:57.030608Z,0,1,3,0.543,0,43234.80366049258
08eb05f7-89f2-437e-8d94-7a24cc8ef5a9,0xb68680eba4f596e85aecedeb5eafe46ab9ab17d2ffdf187dc945a9b4d32d6e48,0x06d4705006bae279318a865f821dcd4cbf36e859,0x5a7d8829e9b2815eaa1d63de0512bbbec14942d8,491.550047,WBTC,137,57542008,2026-06-30T15:47:07.033458Z,0,2,1,0.843,1,14008.060117445224
7ac8990e-441a-4f1e-a844-e515c6191a65,0x6905e58355c612e99f22314dade28220fc893c9fe28883194aada30459469041,0xe3985ff0c30d45f26021c346160864d990eaf0ea,0x514ffe7b0f7fb7f0132bb242e30ffb4a80423d97,648.146554,USDT,137,54140382,2026-07-19T14:26:50.027770Z,0,5,1,0.357,1,38043.09072397125
942db3f0-8306-4026-bf36-895788257577,0x7bd8c0fa39107d76a0afa5d22eb15b6b7dcd5c9a453fc78436e84d0b55510580,0x9943749360abc8efdfd51db8fad71dbdafd6a840,0x662b3519b4eb3e404a2f31f56ceede5e6951a68f,597.239745,ETH,137,59969246,2026-07-11T12:57:48.026573Z,0,10,5,0.395,1,79170.05640295777
c7d27788-e66c-4f57-9a3b-49f0dc977b96,0xc81f6f4d74a073543de4ac415c6822fe40226ea0805bb1a32870888ae5749553,0x7ddb199ab02d96f45bde707b65782fce6570541d,0x149c1ed2cc669185c6ba667f261610d1d6fcc6ff,19.254228,USDT,137,59678154,2026-07-03T21:12:02.024215Z,0,6,4,0.704,0,64860.8943625172
25bf2489-b37a-4beb-902d-52e96463bd79,0x871932d7e6228156d42c71df9fc00bc6a230b6e28e81ad927e75c9d7fd2dbe3d,0x1c98390b3847bb35a62bb69b379650e94b3f865f,0x12917ad322c4f06b6f922e9c2ded51db91e8c89d,329.095933,WBTC,137,51614224,2026-07-13T20:53:41.028130Z,0,6,4,0.485,1,83336.13111320527
5f779a04-5b06-41fd-b38c-b2c233036d87,0x0bc85470d1fef2474186e39599a7de4844ba9e42b210fbd9925e47407d5aee9e,0xf8aae2ed4285bee1572091f9860f7956e8027bd4,0x95ad7a7da4dad2f3b38ff2d4957f388a23c56597,593.242667,ETH,137,56313097,2026-07-01T08:00:34.031690Z,0,2,2,0.998,1,71092.69892671611
5c8ac833-9849-4e11-b285-413f25044f0e,0x253c2b62493f4d7120ac3dd644df89afb2a2c30542ae4f0fab4b14c8fbfab1c0,0xad0e699651cbda895797b7522238f53628fe4aa9,0x959602d6416174f03e464285ab903fbf2a162377,948.499032,USDC,137,59530060,2026-07-17T01:02:58.032877Z,0,4,2,0.843,0,60523.28777104007
d43f9685-72b4-4c3d-aafd-020ee61ac2a3,0xc7575315a90f2e4c6fd7fcf7b350eb21196fd7d77573da8070e645ae9639a27d,0xc5961666cc7bac90de7cbe211ee05b9c8520b20c,0x882655bd8d5971184497a2cb5b8453562c00fb1c,722.531151,MATIC,137,58027990,2026-07-03T15:54:50.032800Z,0,9,4,0.742,1,84869.26500985103
40705a5b-dd1a-45be-9b75-20d53a050206,0xb71bd5c269dc361fc6e6a4dbece7ff480410d5c7d09f8b4fb34f9c9e7fc6e84b,0x7758503c83ef835cf14b7ee0fb1e7a963711a18c,0x593d77abfd71b9f561c19b0e6c4301e68682086f,668.40765,MATIC,137,58190921,2026-07-03T10:08:33.028991Z,0,6,4,0.846,0,36018.973442414666
9478b1d2-4b66-44c1-b901-114b87c487dd,0xb0f98fb2cd5da7fe8bdbd1568a19f4d6c3f6cab883531ae6d32facac7ec833d3,0x11f1ca3118be0c55057734e0168965ac58eedde9,0x5d110733f2189e16f7e856628821272de3687142,381.009197,USDT,137,50560142,2026-07-15T12:35:25.026391Z,0,6,3,0.416,0,63876.070648170076
6ee44dac-b359-4793-b685-bd71ab0e5130,0x112e28c2fdf901a33f0e3ec90213228df0d192a97f6407917fb8b075f0b5f442,0xac2f4491db2d1cf4b6e591bb507e24d2391a3375,0xec30d91dab07be6dc9fc1dd878ae3a03a4f1d3bf,43.539661,MATIC,137,50802775,2026-07-02T18:58:55.026210Z,0,10,5,0.3,0,23076.430609702238
bfeef74e-9d98-4d41-8ea9-37e03bdc93e3,0x7d0e13e63fef3578747c3610e1f5638947d86c3a8194a5d7190e8df124a635e1,0x8c6f185ddf8bced2325bd1dda4a26793416e51ba,0xdce693cb71e544517ffc3bf566250102e6185c28,427.149799,WBTC,137,55167528,2026-06-29T04:38:54.030497Z,0,7,2,0.631,1,4988.148909390945
d5bc9ec3-36cc-49d7-b92d-ca875d4ad244,0xa33174f4f5479aac3333be42d4787b40a6096339518f1107201d201147861a43,0xfdf74ebb451a68e4f547fca9f3316b45579b507b,0x5f2f15aa4deebd88ba557f3830f196223857e7a9,799.382816,MATIC,137,57396914,2026-07-21T03:42:52.026711Z,0,8,3,0.632,1,68181.41782238039
ab8f0fea-4f3c-4fdb-bf5a-a0b9caff9aa9,0xeacead2ca6807e9743428685f6a1e0d3bae3be59c15a0c6202e6625f4c30d7a8,0x76e37373f1400fed492d6d0ab16724e814e51446,0xa7cb27674520ae1d82587ca8b2ea363dd3001555,371.809495,WBTC,137,58755595,2026-07-02T15:30:24.024716Z,0,2,1,0.564,1,706.6063988237976
b0969c98-b7f8-484b-ba8c-8fc6471de4d8,0x125887093ce8f7728a6ce2b04fb32fd3f5800f03c544fde046ad0cec4f342fe2,0x27d8727289887dbaaab1974e537aa21fccead1a7,0x57a0f710208252022cc5adf59360be84fce107bf,947.41828,USDT,137,56531590,2026-07-09T06:21:17.033759Z,0,9,5,0.48,0,27172.514468667596
ea8cec39-5f4e-4f0a-bfe5-7ea9a122fbb5,0xceedee4fecbe60c65d9871c072c115e83917e6bab1a96908fe6397916a91b455,0xb5f649752be43e62a57caf6b255700b903acc7d9,0xd5fc3135c8c0ed6b9dccee73a07850db18de1e42,981.219111,USDT,137,57785377,2026-07-18T08:43:14.026613Z,0,2,5,0.626,0,54132.71986824745
07c98abf-eb34-4b58-b92a-ea52a5f6fa98,0x6a60b0eef7d4347d54f0c1c20cd072e779912a43fb93346d1405a453e7dc2f30,0xc47b82a6c6940dc2a75c823655d2de94fc508ec8,0x6507f473f43ff6240dc5610aae9ed1129373fce6,903.202335,USDC,137,59311355,2026-07-07T04:58:17.029714Z,0,1,5,0.833,1,69603.88188161327
5db1370f-4587-4248-a4bb-75bef7575c90,0x9a861c05a69d16eec72ef334ec9266e3024c9452ff8d7c26b3192bd890f62afe,0x743ca5655fb713d925fa9b44f1b81822e2211a3f,0x29084456d6d6e03fbe7555df6ffa0bb8ca4dc823,444.227397,USDC,137,58113643,2026-07-04T13:39:41.034030Z,0,10,4,0.473,0,52981.12470220605
272fd3d3-2a43-4c8a-9e5f-42c023def17b,0x095bbe786a533cc6815e8c1906f50c3c58e6f8ec498f4b538492ab61cccc1b1e,0xe77232cc15ea97bed087ca9bd76bb123da455a0e,0xdf228bb9986b887d69534b2f5d06fe7007f6cdd3,656.656368,MATIC,137,50834624,2026-07-05T02:33:38.032592Z,0,5,5,0.92,1,43937.6326798349
8120987f-cd9e-4d8c-a5ef-abed9477655d,0x05b3c6f9123e15472167f95147e5eb79b9a03ff3126e79d1461277ac111bcaa7,0x3a8548b7183c6b14a954068dec603be43d1fcebb,0xa63ac98b978f23eaa9ec90a945decf2484efa8dd,901.624889,MATIC,137,55841416,2026-07-16T16:35:24.035197Z,0,5,4,0.616,1,1020.825432374185
064fac25-825a-4e0d-8ab9-edc5f0ee6dcd,0xca28e7bdead5c329c83672bc3a59de47a048b003bcca702043712a67c4ea233f,0xc36c235b329aaed8f2c9b751c5529bdda7b54f19,0x7ad81ed691bd9197e4b6f597af4a44bfb4045476,279.557193,USDT,137,51556891,2026-07-05T03:22:49.031262Z,0,1,2,0.791,1,80185.33831854029
83990911-31dd-4add-b0fe-309daa6f573a,0x9471c913ed3985ef97da95a35f345bf01f48562c5960af020916e747abfa8877,0xc9bdfc53602bbbfa981c6a68a2803ab89b07301e,0xcc001fe5c28d3f7fdcad00b2d0a867a48e6d7a3d,2009420.764136,MATIC,137,52947454,2026-07-20T11:50:48.035960Z,1,20,35,0.662,0,30.097155427552618
c3b630c2-23c6-420d-a0f6-3817e31ee4b4,0xe36a0bc01730f184d509b411cf30408da3c63cae8d79beec59bbd245ea00e746,0x7f8fbab1606b2ca8fa417c122811fbc827553e52,0x75fd0f1635f345a580be39f3a777cf02c7123590,789.399862,MATIC,137,52564750,2026-07-10T07:43:39.024884Z,0,5,2,0.741,1,11421.616944700467
0ef7d9fc-80d8-4097-a6fb-c060f73f72bc,0xb4856b2ca54449d29f2ba435d4b9231a3899ca2447d9ff6bd0e613e8e3fc5766,0x779b6d8a78bd2ba665843e8adad66eaeb7bc1963,0xd09f5dd27374409d8c1956986696a5fe6d82aa60,503.948016,WBTC,137,53052834,2026-07-28T01:53:33.029963Z,0,8,1,0.674,0,77994.92527055179
c0a4b4f7-b3aa-43c5-8ca2-2a93cc1e2ec6,0x51d55edf63885bd6c70338b340d3ff88870743f0d7c7466cacf4396cde163609,0x44d89770771a2343864d18c7bb83ac486b283ba4,0x9fb40dfacb5d01fc864a1c4b5605b6eeea5ea850,708.93298,MATIC,137,57372918,2026-07-25T00:26:05.026525Z,0,1,2,0.938,0,24269.666544262676
a8cb8bb0-693c-41ec-89c2-e92f388154b7,0x58df078e2675ab12a64991f59d0ca6d71cadb4beb49d9840903172c492e176f1,0x44ff7145a053143dcebd57a5cd9c163c2f866f53,0x3fb92d77566b62fbe5a63e0d605a850d493506c8,528.570014,USDT,137,54048684,2026-07-26T13:51:08.027331Z,0,2,1,0.379,1,23250.364878618588
7ec31418-6b65-43fb-aa13-b0fa4b770a07,0xf63299aeb64ef26dace225cb4a8593742df93b5454e8f411f117e33dcfec4ff2,0x641f722bce1f7294d5a3dc0f36720db3aa0576d1,0xf4326a34fd9ab51803f09b29b8489ba20a37edda,848.398538,USDT,137,56102324,2026-07-18T04:00:03.029093Z,0,1,2,0.829,1,84685.59856551747
4401d4e4-609f-4016-a446-d6c379bbb662,0x16f629a5cb08f00a4920f3334fa00ad25463a4279bf9bd61f3ee34a1cbe473c5,0xcfb6da3291092ab8e7d4895f774d5131fa82f02b,0x6ed66c417b42528cb6a4fa6e87b52ffe1feda637,280.341925,USDT,137,50283081,2026-07-02T07:33:42.029115Z,0,2,2,0.308,0,81871.28491176455
d339535f-57ea-424f-988c-69c09efb6104,0x5bad26db47371353e44836315000eab0a1210ef93616fb14348dcccc664b8152,0x543be5efb41838c351db511a1faf73d86b9d8387,0xcd830606620803dd82c58f26b84e17e422634363,51.910221,ETH,137,51056954,2026-07-22T08:51:39.034662Z,0,4,4,0.942,1,32813.38673162152
fa1f4235-c079-4044-8485-a614a980ffa7,0x9c62e6c62a46774d1849afaf531a17ae259fabfadfbb78e5805099f53954d4f7,0x4d1f71631722bb830c0537cdbf7f5465866ec5fb,0xb50f5d82e7cb89647772472a6f4853b19d1092b5,1.708265,ETH,137,56063057,2026-07-19T11:31:18.033848Z,0,1,4,0.757,1,28483.626052649706
37661c84-e8ce-424e-88ff-f069261e1d39,0x7817d59acebb0a8321da8359be49fba1ef5fc2926b0fa0b91c88b2bb43258981,0x64afb6e19f9c15b05ce013db28a768fd54f712e6,0xf411b6ec12ed36c58bf16e61454cd7fd009bf823,121.480746,MATIC,137,51852485,2026-07-08T00:15:05.025968Z,0,5,3,0.607,1,50792.628181908745
2de7bee0-96a1-4a96-aed8-def67e28a67f,0x3ba2de1c77168d7daa8be2aa16d9a11ae6db178cfc2dc7306b69714ddae1a172,0xd4d792332e0accbf4d435301835e7bc59ef63923,0xc11ad036e63ba5942afa4d2dbf2361f5e5787916,807.256991,USDC,137,53389363,2026-07-02T19:19:25.032352Z,0,6,3,0.816,1,3659.8170141502924
b288e845-3bb1-448b-8f31-5538c150fcb2,0x8fcb36374b73138d4cdf87461eb9867e2102206e2d92027b9badd5b96ac945a6,0xb0d140c4ebaab148161f2590e5a040bb284a4f15,0x48e4f49377db0b9952e00095641bf93cb44cb779,248.441763,ETH,137,53090581,2026-07-07T16:35:28.031156Z,0,5,1,0.463,0,51267.596064812205
a755edb2-5038-4584-9707-6c7848983d50,0xcf4379a5aa59735197b656b5410051ae5f10195b235d3dfd44191beb2a32881e,0x97bf4c8cd617c9c468109a08f24eb38cf965eaf2,0xa4a753c273de442e644959f2a42fe230b840c7ac,648.813629,WBTC,137,55197449,2026-07-02T05:32:50.033792Z,0,1,2,0.639,1,34071.906878809845
c4826cea-2976-4fc2-80e2-56e108ca4e46,0x7f2a338318d19e0d4ff418772ab6f3b107d6d64fe11e20851927dc4c6ebc33c9,0x17af9c2ed418087a7a159d38d227810b248b9ce0,0xef9696dbbe7dd511860f0469c406a629387f80e2,879.083352,WBTC,137,59163841,2026-07-02T21:31:42.025053Z,0,3,2,0.73,1,25639.124543919337
6c5ebee6-09ae-4925-86c7-7f59982b0332,0x083246672a47b01eb5f14c9f9df193a447794bcb2a2d22a7b20796d907cbe4d2,0x60983efd8e9ff33b349fcc9c47cc883059c2ee1f,0x8bf6e4dd8790adce70aab36253cc49d90d9bbd24,810.70326,WBTC,137,59258682,2026-07-02T01:14:22.031978Z,0,7,5,0.807,0,86107.6206980245
d84e7779-1c73-4bdf-9eba-c641fbe97766,0xfcde2075262b768ea794a02ff60f690c7da88d01cfcacb15d023de79c7338b3d,0xdc7628bb14524ef081474d1fbef1c32d73bb612f,0x5c1b1a45a75553d1762ff5c04433f9803126e493,224.433445,USDT,137,53682291,2026-07-01T15:33:20.031497Z,0,5,3,0.553,0,76437.21359744798
8da16d1f-3a32-4ab4-a3ee-b97733a905ad,0x0d6048fbe589b9ed0a7b1847e1ddb31058fe3fb0f38c4a69727cc9e545772cd6,0x448567d418e68d68719e48a7d8b36ccd41ec8e27,0x2e36b1b7c0824db71ff0e8a220a7a8f6a1f482e1,828.899902,ETH,137,54879618,2026-07-21T10:29:41.028763Z,0,4,3,0.873,1,83452.65898738042
f9c459ff-c1d6-489f-8cfe-bc79500f1fe2,0x790b12a98bdd01417f23fa99edef4d0c40edd66ab37b9a9970a03ed76e1c02e8,0xe42f16aa8814f3d262ca4deb15573d5f6e89bd04,0x393c471e335179399101bbd540541d63d40b1e0b,142.299552,USDC,137,54723246,2026-06-30T07:05:48.033647Z,0,2,1,0.696,0,83143.96973250702
57a096e5-dd52-4f33-9d64-650775a5719e,0xc12f91c180e9c2f2da85b70c77678472f9550634ba20a21bd176c42493fdf170,0xbe06c5010fba097b55854e08609dd5ee3b255e0b,0xb4d9f9b5c709a7ff97e33f8937a9d3b57afb49fc,591.173438,USDT,137,51366773,2026-07-25T11:45:00.032723Z,0,9,1,0.84,0,65712.35870736152
ad6f2dde-6ef2-4145-a8ba-3507bea99811,0x47dcf09dfbc1ba6a55f21670f62ef7bf45a65139c52b66a41f279aa02f4c4c7a,0x5d17e4d609d415b3c5aeb15e32bce38ee3ae5f09,0xdd7c3004102395b533d76984a632b9f9b8c75f26,824.786286,MATIC,137,54806689,2026-07-22T16:29:41.034263Z,0,4,4,0.548,1,61752.88636683212
85d40e86-6cbf-4d2c-8dec-954bfdd48ae4,0xe82d84385029b5f538848daefebd11ff3ce107d82c2593f798dd7de012878a80,0xb5a5401b401fc4f08c73afc78bac438abb94162a,0x39f7ad95ec00edb7b8755fd9d6fe1eac76622523,710.508834,USDC,137,58451968,2026-07-21T07:52:55.034041Z,0,10,3,0.653,0,17800.26383724352
f5ec589e-9995-48f6-8d8c-9efcdebdc254,0x797d69e37293f4453d80c6c7dc51a2c771982ad7afe0426bd9aaf4f5ba84b1bc,0x74f45746d46b90cd9d61e2f841eb927c02d11c7b,0x9f36671e11754b318cb1e44d71122a248dfc6603,589.020522,ETH,137,58581653,2026-07-03T21:35:26.024740Z,0,10,3,0.984,1,85712.01404426273
9977dd33-bdae-4ecc-a68f-f21f6a4b4081,0x1d7433aff5522f31f1daea005c916503a0e4dcc3b8d96953f3e29dd1e9e48b7c,0xf8dd4f7b109c10a0d90d00815a3cf642464add0b,0x841ae83c8515a2ecc323b784eeb31398d8be5e54,821.875829,USDT,137,56654859,2026-07-17T03:44:48.033726Z,0,4,3,0.538,1,4599.502539824199
875c90e5-8fd5-4e15-8f1e-0cbe5bdff33e,0xe4ff99d8732808c1b2ed59222d894b28b8b3a7659d17d482ed1fa7353ff59ab9,0xc5b54d5002911c5adda5d19677507f499de3ad2b,0x5bebafd29e803a432866361c78d6cce07f2f1c5b,817.399135,USDC,137,55122691,2026-07-22T11:47:56.027849Z,0,1,5,0.985,0,52700.86372473166
d0f67e28-e15a-4422-8069-16394aa25b80,0x737474c6311366c3250ce70e8f5e474d1a1bfcb50edc82ef3ea929d8515b9ec3,0x46e0d5e7e534724af0d7e6e08546e96d1b50e007,0xbfb5eec06c8c2842201b6f32381c235c51896b29,680.212581,ETH,137,54106759,2026-07-02T15:53:37.024139Z,0,4,4,0.717,0,81278.59166284495
5f076f28-9dd5-47a3-9dba-dc34a1940f81,0x84364d759901df740d9359e6bab4fe3a3b8ecdd7369d39d9df707a1099a2162e,0x19d9754b167bdec662ce844d56bae34c23300175,0x886d9a5a90079106c29bb68b2d4ba12e538ce836,236.564179,USDC,137,57786089,2026-07-08T20:09:27.024102Z,0,7,3,0.675,1,19690.20785646822
e0972ca2-bcea-4c6b-bad2-c6fb94c0a23e,0x27ad307f45c09804078b7cef98965288c996ccf4125f52c96824d80686441526,0x1a2cd395c87f04a5f1a87656c44f89f0733fbdc6,0x8540f4977ab779520c03b3673a4469507164cd88,933.387975,WBTC,137,55649076,2026-07-23T18:21:56.027550Z,0,8,3,0.756,1,16073.250499835664
a7befa12-8219-490c-a52c-16f124b4e230,0x1537c6d12c9e7886dd145c3bf66f9e17ae074dc3556129b0840c4068081e5604,0xa24a292deb19700f592d4a774bf944c91c84395c,0xa8e96e55f0775eeba33c615fee7417f30384fddf,717.372968,USDT,137,51927430,2026-06-29T17:23:19.031520Z,0,8,2,0.541,1,65696.00113012789
178d7e19-5a39-4fb3-be51-9a1b3b8ce758,0x9fe3fcc3ec0345d5d1c9b8c363e06d94b7b81fc2a2144d0edfff34a28efe7f9d,0xfad9e8172d1d62315295dbb3320a37a821e42370,0xe19cb0773fa009e783316af6a5d2d9c2570bfddc,182.599102,WBTC,137,54956970,2026-07-25T12:17:01.027012Z,0,1,2,0.366,1,50288.28100563373
b0746768-e37e-4a40-a7e5-73278f108bcc,0xf62111d6502dec01876bb43664d81235ac9226b5e40369d219675421dc924888,0xe00bf8e05e54e7ff3a886b74d1c3e63cef76a28a,0x99007f5efd516dca3e8efc5c097e5a68540e1d4b,107.788623,WBTC,137,56249525,2026-07-04T12:41:26.030799Z,0,6,4,0.899,1,45878.058008166394
b8ea4c89-c086-453a-8c03-bf3a6ddb95a7,0x046cb9b3b7f42ee5a37d5efaf670d71dfe83e3f0bf7d4577b471b7458bf8cc9b,0x93e13592016f7582b53b6a4187b5cd7b282826df,0x2f5ff31ba77d5ca2bab65dad903743cb1f5c6b32,1055415.037206,ETH,137,51379914,2026-07-20T22:34:15.035812Z,1,133,46,0.558,0,55.005705676558016
82afa493-ba9f-49b0-aa3c-7d3b9e63382e,0x3fa2f774fe1b42447500a775450e81b9c295335378285c0e3af8cfbb4428877b,0xefb605abb250e73d7fa0a76bbf13445b9877e0ff,0x28099d9b238f18820c058df7e58145459c425428,491.771375,WBTC,137,51255540,2026-06-30T03:24:31.026464Z,0,4,2,0.979,1,6150.488086086843
844522d4-61fa-4e58-baf0-f7329d1e74cc,0xf831df7c61dd3fd5975cdcee795db8ac32166242e1fa25815b1edbda5369ccea,0x325c702c3455452793ad2333e3853fb4ca3bc20d,0xe00a3d8aa8983f69bd070ecef74f338c3e4f3e52,593.717352,ETH,137,58681875,2026-07-23T21:58:46.024728Z,0,10,1,0.781,1,38100.27125163684
aaa57d0f-775c-4a4c-adba-f9f5770ad593,0x1835e3dd4cf2a1ae235f4ec9e59a949fe5ee9227bdfa333c6d999f14344c415e,0x4d92371a8a1ec3f45d4d0dc43a8ebd88b12ded44,0x47eb4929c73b4b420db1274b9e12cfa0f989b840,124.191238,MATIC,137,59930595,2026-07-01T05:52:03.034923Z,0,9,5,0.456,0,72967.85929404307
6df86658-3606-44d3-9f9c-d8cb5d86e8c6,0x224376b30fa6af3bdc88bd29cde0f62efd6236fa5d62c29540f51f8cf443bb31,0xbbc90c74205b49081e29028c9e74dd8028591c09,0x86e6b1cb0a6ba04a7025e94b9ad2ff821182d390,207.834227,ETH,137,50284623,2026-06-29T10:50:21.031123Z,0,4,4,0.362,1,33223.38553272328
06637830-9138-4e88-ad55-010472aa6d3c,0xeace1c1c720ad8f5c31a93b57d8413dbc9735c6ff29ecb8ccf6448adfd134937,0x4bd2a5463bec158eca4c2b547d45efd0783a1a6d,0xd652d6c7d272caa0c91a50bf5706f7e8fc08f669,855.561075,USDT,137,59047299,2026-07-01T06:50:08.028361Z,0,9,2,0.428,1,14197.753013348121
7779b126-f1fb-43d9-b8e9-bf0f9935c499,0x465e091bf36d7fd87224b0576c90734b1f238ee28599d536dceabbd0a277e18a,0x2d6ff24c2879c49e01711bc1259c42257b093062,0xa07f5448ce3d97cbf11f0da587932dfd9b34dfb5,926.934297,ETH,137,58135902,2026-07-13T01:15:16.032341Z,0,1,4,0.911,0,51269.51265140807
2da43ea5-e26f-44b7-aedb-8c137646866f,0x1ae00cad235adea36a9b19cb60acdd83e0e83501548cb3102204caa7850142b5,0xf0f72aacea691850f1c5064a788dbce19f07b3ea,0x41cf3d2779828a4a138fa39b746ddb520f3d0fdb,859.085914,ETH,137,51459103,2026-07-26T15:16:20.024301Z,0,5,3,0.573,0,5280.93495649351
ca0b78e2-035f-4a6c-b10e-3f6572f4b5a7,0xa68516cb7587fe421da8b029124adad41c93abce390bb5780db9f4ff9cb99b0b,0x828c870f31e593a341854dadd0c4fc0411d9fdf8,0x931e8e7a09f0e1e21acaa5c5167f944be5b63f46,333.16213,WBTC,137,57969522,2026-07-23T09:35:24.034968Z,0,9,3,0.364,1,16141.306250376372
0be27cfd-c69e-46c0-b93a-67d54f077fdb,0x2d8d184a197d796fdf84d99a36b3fbe25fc9269d5c8ee9110a1c9875f7d397ee,0xd80a716792c5ed63a86b83b9c33addb918dd76e3,0xbbffb0443b9b6c96d3fad07884a17de8105c6cbc,684.220488,MATIC,137,54925511,2026-06-29T12:42:26.032712Z,0,3,4,0.736,1,72983.98431933085
e19eed1b-0a5d-49c1-906d-391c62e78a21,0x0a0bf80df83acf49b29147547788f377878edbd6d6979f7e28d0f23d56327bbe,0x699f9728239a216a7a0cc4d804fa5c021f6f8e2b,0xadc91389ae360a3156e5c4d412d56bb20d4b4758,4320746.935528,USDC,137,56624510,2026-07-09T07:57:47.035853Z,1,42,80,0.366,1,53.314943788870885
b226be90-2ede-4414-9100-e59da32f2d7f,0x1b68f46b82796ef7a0bfed7b51d17af81019cb9e03409538e6a96c89e305ea69,0xe5a414c56c15a1da2cc1aadcec47f33c8a6d3b32,0xbe90aa62fff144eeb947bdd82b34842e1e17b389,918.156681,USDC,137,50150949,2026-06-29T18:37:38.027127Z,0,6,4,0.714,1,8035.193467333129
bb2a4d2e-b277-47dd-b803-a3f0113c8342,0x5202d413a50825e9388a53a3317549eacaa9e6d78d949052502bee5d3e12bdc7,0xa5d1b32bd7a4b891abd3c26fd849b9ca6a5dcc44,0xa8d0cb8aa0903b3fd6a8e85976bdbda223335eb4,935.269948,ETH,137,56514248,2026-07-23T15:48:29.033825Z,0,6,4,0.41,0,66453.00739351442
e852d164-a1ad-4232-a7fe-f21447a972e3,0x895189841746c6375637c9b6f0d2b261d25533a65f8a4fdec738af1806373843,0x7cf13f30a52e13f6570319625c2a605b4fad4f54,0x2524562a738eb34f08505cfe1e3deffe5306bbfc,190.339729,ETH,137,51353981,2026-07-08T16:20:43.027424Z,0,4,5,0.316,1,20342.447365122243
e450ff97-85c0-47a8-be3c-a56b3bc79e67,0x45eb53fe85389aa291f1ca27656242d93bf9b133c73ce6e649a6ebe40134f4b2,0x9191cbc85f4dcfcd50c3acf1b3b277b08e4a0316,0xe88094fc00d76af6a8bd3958b42e9fef53760be5,546.498811,WBTC,137,52521884,2026-07-18T00:18:33.027275Z,0,2,2,0.997,1,83895.76485001366
192437ff-df8d-41ec-a741-dcb49da86f9d,0x540214d49846d7f92bb97fbe9326197d711f9f2bae7ba117dced4a4233b0c402,0x9443f116a6fdace86bc4592c73bd0a6dce4e7d20,0xec23ee9fe8d0f0fa7610440e05768f05ca265f66,2425978.995873,USDT,137,52447035,2026-07-04T07:21:00.035843Z,1,105,34,0.561,0,48.6090882541853
6f4231a0-1401-44eb-a7aa-fec5b36ea81a,0xf52f03ce6e1e5e7a9ab9b1793426ea493fd823c58a57775facc383ebee19bd3f,0x4615220bfd4dee8b309633accc38c07b3a11cf8a,0x21415980a508ee90a68bc8f375979fb9e95c8e27,204.399734,MATIC,137,51175389,2026-07-27T14:22:41.035286Z,0,1,3,0.391,0,65938.16733927891
942fe19b-1f57-4d6c-8d23-9ea1e4ba8270,0x148f4808d07221b89b3e90633cadfce24401362082a36c857c12a233774add68,0xb045f1fbb5326182de94f85b0049840200e562c8,0xe653edf12c112c3ea0498968a18ddbdca0ea5a21,220.760209,USDT,137,54995640,2026-07-25T20:51:40.024151Z,0,10,5,0.583,0,28173.561025768093
55d6e5ec-1ced-4e7e-9000-987aecacb949,0x0c9dce8b0ea2dd2bebcaf15bff302dc35624c3aade750c56942dd80a172e280e,0x83a90d27756e470ea1449afc1d54076845e8df28,0x492c4bed979c178dbcf24de409f36c835e62ae8f,652.339732,MATIC,137,57442163,2026-07-18T03:12:47.024969Z,0,10,3,0.432,1,46151.61864806953
c3218dac-71c8-45b1-840b-2e9bb0f8843a,0xbca9df4b69afb92c2fcb004fb3aac312107b9035df0564dc8c7176ea41fe99b5,0xc0a11ca236454e41ef15d95d6a1a95988b02d5af,0x9f4a156ec2d8fbdac4615c2fbecebcec93f8b5ae,598.826564,USDT,137,56778430,2026-07-07T02:11:59.026782Z,0,9,3,0.336,0,40996.10963273064
4e1af82b-102f-4980-a793-0e88d012597f,0x1f27fd0c734ccaba9eecc7729c7a7846225b857e0361a3ed59aed66ed36d35f0,0x2b6a51d25cbd4cd08a9ac5ad643e4bd81e9ecc09,0xc291c51e06f9bb0d800a9f4f959adf7f6312fcbd,255.699318,MATIC,137,54253556,2026-07-02T21:46:24.035298Z,0,8,2,0.53,0,19391.957090469383
949fa506-2d09-4a34-a49f-c4d8b29759fb,0x15c28356a1c204ddb1cb3f636ba91544e29a6dcc164c6cd7d43fe8b62d07c54a,0xd51daffc7b484405a27c7b9e9fe0263d4e2c7a3f,0x09d53360d8e3f044d8707eeb50ee24989226b1ff,544.367039,USDT,137,55814433,2026-07-19T06:10:30.030053Z,0,5,5,0.849,1,35269.605482096646
db071fba-ad67-4d1e-acc1-a50c1a0d8ab0,0x635da2131c76adb0f1ef1f144a2d6de8b97351329b890a8f4fd224bd2756f3b5,0xd57086a9e4189c343074d64652b1bf3db864b05a,0x458e9ffe066ee021dd0bc6c30fda7146eb14e3cd,2158557.606278,USDC,137,51320744,2026-07-20T12:50:14.035731Z,1,110,19,0.891,0,54.17890633149123
bee4d010-20fd-4a41-8121-25a591fcc6f7,0xf613f5afd504e50d2416cf1458d0268a595c76ae7eddd9a3070ae93eda75c960,0xa74859bacc513f53c45a037d9811894b0e90c902,0xbcdc4266b76de9f2ef0328b50dbe5628d66c4a9d,998.987171,WBTC,137,53678253,2026-07-06T21:47:25.032899Z,0,2,1,0.394,1,64760.99351175098
e6d0f176-036d-4291-9b27-57a8cdd54a71,0xad8b04376012cce28c9a82cfa239a2d380e5a91082ab72cf7ac814cb513a59d6,0x06bec29ce7c2697e956cf03febcb8372e754c480,0xab5637c45ff9ad88fb997842ec2149f4f36e3a7b,525.225275,USDT,137,58241393,2026-07-07T07:19:59.034230Z,0,4,3,0.539,1,78876.41111931387
3c7ffdaa-b45f-4f08-98ed-7ef5eb86b50e,0xcaed5b353744974da8c2ff6adaaf90e89aaa6712c63250487c10610a3332ae4f,0x95924972348c2da5ff3fbff084ace54f94a58b51,0x4f4274080def35919faf1f119f1cd92b92298479,539.455432,WBTC,137,54189138,2026-07-04T10:06:45.031967Z,0,8,4,0.795,1,12835.814891341208
e7cba399-9e19-4b9f-b24d-c5309f8ba3ef,0xc684a5e4476d23695ffc549c2d925ae58436cad74f4ca8c254baef383dd9b5ec,0xd23ea0e2ed20c29d072c98c1521c8aaed2e1cb86,0xb341c75fa1243185b7f2f4ac4bbb247c8dcdeb21,320.553426,USDT,137,57047667,2026-07-27T13:00:54.032580Z,0,4,4,0.744,0,42902.33324986747
95cd10f2-3704-44a8-919e-ae5068d43797,0xf3fa6b66deccea2a1db7b100457900487857c19354486818fc7502f30f5f09fd,0xba2bc99df476529adc1f8930f9f6ca4244e329b8,0xa52282cae9868602d112190757f118fc8c01ee42,942.790446,WBTC,137,51709155,2026-07-22T06:20:01.033963Z,0,4,2,0.652,1,18179.211275697922
1b43fe26-c4f7-4547-83d0-69472f484296,0x00488568ca1e7005ff42f2d54e4e7c4695d6a4f3d57230d517cc4a634441ffd5,0x5af6b5f7759c1f5b9e25e65df6c5e46d7209c0b3,0x779286ea24c5bfb0a157bb07166de7cc911026d5,22.405697,USDC,137,55250882,2026-07-01T20:12:33.025944Z,0,10,5,0.99,0,48212.00876454617
512f723d-299f-4461-8c1f-64fb4b27d41a,0xf2b048b15834d4c68c31cfe076afe550d0fb195bb14ec8eff902e078d4f85da1,0x0f51d0e4768de798532621f3fc466bbac191c3b7,0x951d2946c8776abf006cf58f784fd2631b0a515a,954.242084,USDT,137,50503395,2026-07-18T10:03:14.031101Z,0,8,4,0.785,0,64643.852055769144
ac371513-969e-4c4a-9aa3-579c92caabd7,0x3b07f17baf35005f19d08ac2af2f94f1b921b3632f3c3e9bfdaeb09c164bfb0a,0x0275bd2ce044fad3cd922b15d5432e21db8cb0c8,0x0ff6bf85a916e1767326fd422e7df332425c7604,325.176353,ETH,137,57919330,2026-07-19T19:54:46.035355Z,0,2,1,0.43,0,27718.874135107624
1ab0a8b7-f80b-4ad3-aeea-4b8df16fa4e7,0x2abc54a35124f4614367611c3f457467d164a4482f2a8cdd2b1942ed99fabd13,0x1ac7cd0b4347e1cafb78779d501098ddea194c09,0xe8c32b79b8524de5002f5912caf04185ffc63ad9,700.648337,USDT,137,52507054,2026-07-19T06:04:51.027034Z,0,5,5,0.373,0,18359.67924814566
7cd9593f-8c3c-438b-8aed-a27762bd1ea6,0x27c45f91767db39d0d3de1d9995db657de9b8da13e07e4e8367c7dbf7aec0933,0x707348b1450cd2f828048293ee0dba76188ba1ec,0xea0066ad80f07da9784dea36dc29a91631e3d082,369.63645,ETH,137,51168330,2026-07-26T07:19:00.025209Z,0,4,1,0.746,1,63589.240820944
820711dc-6006-4385-bdee-e74311949292,0xc90b9eeea02275aae6e2918c1edd9370c859ce44e3f99aedc2f2bf572c46521e,0x7199a783a2968a36e0cdb7b66153262e4870cbc8,0x57287205f49d6afb09510fb6a5156eda97da6a2d,260.163099,USDT,137,54713448,2026-07-07T17:42:10.028453Z,0,3,1,0.494,1,82554.1211244306
b9abb67d-4336-463f-992f-5717a4c7c089,0x64d3641e2b270325b553cde7a90aebf2356cb25763eff5c3a71156aa530e62b8,0xf4ef299c4f9fccf217876b35c8c185edaac740c0,0xb7023f1e727de5771a83959cbcc795c5d216bd5b,750.612007,USDC,137,56938336,2026-07-04T14:08:21.030877Z,0,5,3,0.985,0,78552.67362060101
c6b28262-d2dc-4291-b073-e1e90b791eab,0x55c4f1c96565a4d577e9339a243144bf678c9f568974f229c951cb1c1da8cef8,0x05a66870a2f6c2dec5a9e91df4993b0120a52bc1,0xcc4eb6cee4db783857678d5a83e0cfc9a1dfde9d,518.430183,USDT,137,58508301,2026-07-10T09:33:28.026427Z,0,9,2,0.78,0,49896.76295912604
ea130321-6f45-483d-b4b7-f758dfe7a81d,0xe908f46c87a43a39f1c05051e106ca6cfc3d88e5609291e50ad76c6b9be1471f,0x08a9cfe31e3301aa3088d55620d81c4a6a244748,0xb4d1ea7d5287b5fcd828a5426e40a514c001cbcd,924.353649,USDT,137,55286020,2026-07-05T20:27:45.028110Z,0,5,4,0.817,0,22551.12573129127
c3999fd0-bd49-4f4e-98e8-70c9dd847206,0x91adad76e1f52ef1d0347420f51f97e3d7f0b210eb051bb54d2816d42f8ac3d7,0x5e2a0628840feb201728432b2ca4cdffcb4e625a,0x4399923c32364915d74fc1a832cad8802cb6f391,2876676.871406,WBTC,137,56578778,2026-07-27T15:05:03.035892Z,1,188,27,0.801,0,48.559999274104634
ce16f120-78e0-49a8-aeac-03c06014943c,0xef876ebb61cf987b0b5707fa0c2be35d598d8b555c89842c6fd7a463aa7e1890,0x98cacccfcdc53b29c04546972bc224edb9a6ba29,0xe628ce5dac5b45ade7b45868444fb2667a0a6d23,620.238948,USDC,137,56449137,2026-07-07T11:34:42.025125Z,0,5,2,0.851,0,53214.719161171706
6141de41-de9b-42be-b21f-2c3a3d0c7500,0xcb0ea56b62956ac46beb7e80ba3e8aa110e889b778512915690c975b8974be20,0xa6982826fafaa9637f06318312847ef0a03c8b64,0x9a0f8e0b5ec11be937058d2355cfd1c7b5996392,927.935152,WBTC,137,57302075,2026-07-27T20:31:46.025148Z,0,10,5,0.505,0,39155.396889226104
7eb13172-c3d4-4386-a8d8-456ff9d46971,0x2e891b1f3a6ce2ef8b103972b5271e20b0973f6a9e55d128136cf83b71edc731,0x9cd97bdb2d03b9f586d4330f63805ebe303b10ce,0x4b7ad95c4747596b2dfa27bc9dd38f7e226909c5,362.626035,ETH,137,58295774,2026-07-02T05:28:49.030157Z,0,10,4,0.873,1,687.9649039380208
0c285677-e8ae-4731-ac00-4c0db2580843,0x3775af6be3c9784b6505521efa6ac5c7669db9e62ef97eee104b67e9f0249ba8,0x560a850dd3804195741811d023071cb15d0a29cd,0x00e48be3912ef4e2c826419f1261af7d64e824fa,79.252937,USDC,137,58907881,2026-07-27T17:42:15.031564Z,0,3,1,0.591,0,86159.23565107206
58c1dead-9d55-4fbb-bcd9-880e730e50cb,0x868eb11d8c4b17e8fdc2a1c9aa530df6cbc2f894ab3cb210587159c5a24b870a,0xce5f72dfcaa8328f9894973d14273d67f95cb0cb,0xa7a10dc395a7d084e9644ccefb6cd3bb934e1cd7,805.767547,USDT,137,51605147,2026-07-23T03:56:31.027883Z,0,3,3,0.994,1,39634.28641050691
9ab7759f-af50-427d-ad70-fc9ff8f7c2c5,0x4afdb6d15c19c561768fa171bc524d7337f2f58895a3e06ffa15da9545a7d06b,0xcb68dea3f4021343b476db392b08049d284b8d1c,0xb380177c0fec331a7405a9c89855bf7ea9966b75,483.533697,ETH,137,54797390,2026-07-21T02:16:57.034469Z,0,7,1,0.53,1,15013.396437092753
6b4cae8a-a27e-4db6-a7e4-73ed79d00510,0xb06d80f58c6d8d73f1f74208ced7215991196f7f1afafa0b489a9f04990097c9,0x6514a58d2cafcc0d54e66fac3b606caeebabc7b6,0x7aa00eccd651636a238591ce1dca08a831e63db7,503.580703,USDT,137,58895687,2026-07-02T03:01:43.034651Z,0,2,4,0.846,1,22166.373439417912
a1682071-bceb-489a-b425-0d30b8dbaa87,0xc0bc98fc452cdf9da4978b61ec59fe63a3eecf6681974dc447fae666d489d69d,0xcb4fb5aae757bda9188e85d6bc4988acaf2a86af,0x007347d27bdd0d0dbe2e3c406fdb1fd8eb0aaa4b,365.20536,ETH,137,55507327,2026-07-25T15:29:12.029014Z,0,7,2,0.921,0,9798.586347530578
c92ce321-21f4-4fc3-a6ec-51be7114ea9b,0xa6f7e59fc2f95ea4feed7b5f8ce2b59ab8bc4914e057126eb9e5a56cc30db5fe,0xb8f2ba7a971c6739eb95d036a1347d4802811115,0x2979fb11c018b72c809988b581ef01a36f7f8685,926.094035,USDT,137,50390984,2026-07-17T03:19:19.029509Z,0,1,2,0.511,0,29464.283784129326
6dc1a3a5-7700-48a8-9c76-1ea5dbce2ce6,0x03ea673e133839b5bc5a5281470fc7a70dd466407758812cb8b5840bb06f1634,0x6ad63dfe89bd384e25253b5ed22975d5634006a5,0xfe7f0d4e171d6b1384a48277d5242c630bc67c4d,404.030756,ETH,137,52788551,2026-06-29T19:23:46.034174Z,0,6,4,0.432,1,81746.63512664028
940e7b1c-24a9-4348-a05d-8c5f842a42dc,0x7e3305b9592c6f88e631c8abdf762a824c9e39debb98e6cb4ae7128e76612397,0xa6f7301302253925345cee4bb6eb2bb37fc340ca,0xab2a94a7b367dbbecbc17a7b0bba60b743e76964,752.914547,MATIC,137,54606256,2026-07-23T20:52:49.024800Z,0,8,1,0.683,0,8118.685286911308
21654490-afa2-46a3-86b3-3e1759e8e0f8,0xa76ab258f30bd4574292992e14bdb9b972a1af823a6a19ca09c7ef29f35c7ce8,0xc7bdafeea1ef2dcf92c263ff2d9e4a1b2e9de0a6,0x23e9da062333a20dc0308fef6235b16c47e7b843,122.52387,MATIC,137,53773177,2026-07-05T07:18:13.035377Z,0,4,2,0.482,1,49691.65293351494
6cfb71d1-6c4d-4c95-ba8a-567cbc941d77,0x62a29a6ec1565dbbfbc3a245367644733dcbdfd394c8b1f3053b4b636f249ada,0xddd637a3da3398da635f6fe3abd084fa7610fb10,0xbd1d9580203fb953717062699df7a67d2431340b,330.004667,WBTC,137,57539187,2026-07-04T07:08:50.035228Z,0,10,4,0.899,1,26533.323201336145
2d7a8cee-67be-4ad1-b527-661a309cd090,0xc7e705c228ae0cd29672131e0b76c5b254d5629afdcdda1d6f60cd0d924693ad,0x3aea0036442d0fd9a5636e7ab5961afa7108fcc3,0x34078d2998b981935cd31be3eadb217b6e2f8e04,180.483326,USDT,137,54202321,2026-07-24T11:07:51.026916Z,0,8,5,0.465,0,17196.14115222378
6fc9b619-126b-499f-979a-9ed74292e924,0x83e71eb8618434ce143e212684ee630cf04cf50e38460f8d569afc9aeed1e582,0xd99843ab8ca0ec688a9813f24a7c6ac253b16acd,0x8aed14844fb6a0f42acf25a65072a3e66045803d,96.822368,USDC,137,57197871,2026-07-23T08:57:41.030519Z,0,10,1,0.842,0,30391.50290331549
216892ff-efeb-4bff-858c-8816cb1622b8,0x85e6a91d4b7dabba13462e21c6127ed247addd78638b89d170e302cdf244a19c,0x67e8692253ec0a3182bede0982366ebfe073a8cf,0xeb8e303433d72cd03af41474c4a503d21e974328,789.820482,WBTC,137,58455660,2026-07-28T00:15:37.033906Z,0,9,1,0.395,0,56498.82579523616
90f94aa8-2d4a-4389-ac90-6df29a6eb6ea,0x4fbc87ca1166d22543eae84c4b96623000b0a15a0e5bee5b4ee00cec97b459ce,0xd7a1fe759fc9ceb7ec3dc7d9a418374b155e3308,0x27ef4b183691cf5c705e96d04b42e435d886543d,87.395165,MATIC,137,56502686,2026-07-15T07:32:46.027894Z,0,9,4,0.486,0,47976.31078350999
901147ce-f807-4616-a765-9c997858c98d,0x8bcc13f506c8d66c9a7e7b6150e9de0a6b39141fda14da9219cefc8c63e621e5,0xde573ea59e0332b6e1bf49ea79a705d8441da492,0xe1d4afe2ea5f975777e4910b83470cb97f4e729f,257.321431,WBTC,137,51450722,2026-07-08T12:09:08.026282Z,0,4,3,0.859,0,33202.93995335967
7d2e806b-2157-40d6-8731-0c917c5b4631,0xf0c772a5cbc0f4ff8b17255e08ee8f7426d5d74e308548629eb8c63015ed847a,0xe5624a09107de8964d1262c76fc8f66e02eae1f5,0xa3903b1cc823a9a2b4c2f21f70ca5dbfe97c209a,296.265581,WBTC,137,54803650,2026-07-18T04:51:01.031442Z,0,8,4,0.892,1,23655.93976494125
29cefe76-dee8-4166-a654-049ca264e4fd,0xbfadf4e398a7e3db7a33bfbbb4eca62996bfe22261e87ef90928d03515d5a5a5,0x972b2213414a9cf6e53470145c1532f2b71332c5,0x20b6f31b1c9c348e8e922e7ba4ab7aaf5a38741d,990.954556,MATIC,137,59120243,2026-07-23T15:27:39.032855Z,0,4,3,0.86,0,35423.03117229397
31baa6ee-fdf5-45b7-a17b-b62d033b659e,0x01876e309f0e4fa48c9ad580343441682d730f9e8a05b2acc7d99c69af9f1dda,0xe2708dacbff6fb9f67277ba975685c2630a4d8b7,0xd5bd31c5547e8b6cca32324befce8efb1d62981f,328.426633,USDT,137,55295983,2026-07-21T03:20:04.029414Z,0,5,1,0.426,1,48088.09296470983
04e7910a-bf93-44d4-b598-4302910068f0,0xb28bfce8b4c1cf8162cf8c1c838167b844e9e3c3dc4c41d187189b5ed06c060e,0xb1dffe30d6b55302595cac3ce263738c514b122d,0x9e089305f57282e937fdfc91317dec57541b2094,59.186831,USDC,137,54976060,2026-07-19T23:28:57.024373Z,0,7,5,0.882,1,83287.91000810338
c6172d05-c184-48b9-8a21-a9d0344357c6,0x480b68f2a8166417664d668ca554a3df573e3779a96c0a6f6ab6febb5c5964b9,0xfd7285109352a8966f2f2b5eff0e9b7fc5930bd8,0x14cf3151059054c8192b01e83ddc8c4a9bcf0182,829.345094,WBTC,137,56748216,2026-07-06T11:14:21.025412Z,0,1,3,0.777,0,36981.403959218835
7c4cca49-3739-4d21-9d39-2feb9222aa3c,0xf8d6c397f3a94ddaecd6118ffef710c2c2b0e6abef07842389ed95526c017c4b,0x8e383cceb4ea89fb95cc0254481b081909c923cd,0x9806e9cdde9b2277498f73aaa28c124cfb5154b7,216.908903,MATIC,137,59182008,2026-07-18T07:35:23.024114Z,0,3,5,0.587,0,70964.48814395341
5934a53a-252f-41e5-b436-700935d5d046,0x719b8558472cf7e2a73d5ae69bbfa5c898ea2003119f618e7f985168287bb178,0xdd062e805bbcf6d690d972dd4f069b414694da53,0x5f353b1275681a03db45efafab01390138706867,534.88089,MATIC,137,59897596,2026-07-03T15:59:50.033379Z,0,9,2,0.335,0,64935.53934143308
d8761943-6b91-4dcb-92de-b290412a12aa,0xda6f0a87c2ba4276e2efb05e71c311cef078d5a8c9abe70b6725b5df3328ebea,0x0cbb8a44fde84271d4b4bcd7486e2697312fa46b,0x6131a8c6a198d1ca43d3f9de0792acfea3dc4ffe,138.28662,USDT,137,56150513,2026-07-09T00:52:37.033614Z,0,9,4,0.419,0,14266.614906942403
b4a46fb7-4a9e-4c6f-9377-f358e551cd9d,0x6d1e6d1995cdd38c1b120cd9851f111da9e1d91c0f93b31463d0fcf33f4b6d7c,0xf718a933fa94ff074fd04d39ed671423a4abff15,0x44c2e7da7a48c7eca4bb74a9f4076cb3de335eff,144.506908,MATIC,137,53226759,2026-07-24T00:54:38.027689Z,0,6,5,0.362,1,12992.862202001177
ba29acd1-b076-4157-858f-39cbcaf55069,0x3614c2176d9a5fd31c7d8e455e99af7253508743bacaa3ca9a993273f6ccda9c,0x89b6d1c036ca719ebdbde4bcc8bb0f245f6ae450,0xcdb33aec4d66e5fa9a93d8a5d30687798b74017e,67.077072,USDC,137,57573037,2026-07-09T03:25:37.030088Z,0,1,3,0.39,1,3500.3158217664786
b9d071ce-225b-40c6-8d91-2901bece6d2f,0xdf658ad52c8339a3d230176d407bf8c1b1ea14bb4c71c5af7f15752202ca8f1b,0xb00764b1459e5c5f9b26dff9ed4f9919722efa27,0x99bdf40443cedb9883551af034c8bb531fc558a4,161.468776,WBTC,137,55755114,2026-07-21T23:44:47.032490Z,0,8,4,0.832,0,82099.12671581456
3d896377-eaeb-40b7-9205-b06f1bb7dac7,0x14776ecfc9c89e17c2d17af137196885cb4d36e23d5b889ed005e7888fbb9c9e,0x354eb4e2e0689888f5c5e2b4c2171dfef6793687,0x1d0970c7c496d891f9dca263ed77ef2d7f208f97,786.52574,MATIC,137,52225534,2026-07-06T16:35:06.029172Z,0,9,4,0.649,0,84298.23090575074
d893d0f9-c193-4997-a001-f631b256983d,0x768b4615712ff344b1a18dec49ef32f52b8f6f403a9de39d310bdfbb28df7933,0x883a89206802b86a938eed4d68529e411eb0eb76,0x3d21267455d12d999b197978d7154114de662f99,964.018555,ETH,137,58468306,2026-07-08T16:28:21.024409Z,0,3,1,0.362,1,46710.395225605746
393d6e62-e523-41be-b2bd-59f1c281a6cf,0x34c57510aca4f3ad13cf3e6299e62fd3eaa757c7a2faa17d0ce33778305ce8a5,0xe3eaabad161e37660085f10b71b1785df72d9473,0x8992564fa380958f069e81aebc64432d147b5b45,823.33249,USDT,137,57945707,2026-07-14T04:35:26.034990Z,0,10,3,0.87,0,25756.6498799747
63f8507e-2644-4572-84fd-c1bd1a92003f,0x61ebbb16769432c9e92333e7b2b42ea225538e054266982d4f00086c3d98e434,0x1e4b1538839bb9f5819e4ffe89e6b3ed6163b096,0xac243391c6a0ed94f97ca82a7d2074e8f60113f3,598.172422,USDT,137,51750667,2026-07-06T15:52:23.027172Z,0,1,3,0.51,0,56608.79547307445
5da6eede-113b-44e2-81cf-4791b548183a,0x69c2e969a567311d970b30089a12fb5437e507cbe8682c9531680cb58dc50dfc,0x7bf0873af8b1a18f1c5d588f514d4e46baf4c5b7,0x9e0f11fb9ba8595e87d4ab6e92ed5988786813a4,738.594798,USDT,137,51283480,2026-07-24T21:37:36.034819Z,0,4,5,0.328,0,84397.65715297265
5cad42a1-d0e3-4ca9-a519-5e89486f3ddb,0x7e7d5c70747b2f37e334db3ba4f51bf64c962fdc7a1d082a1c8fba6d307b8133,0x7d661a799d759b42d6c87eade7b249042ee1de9e,0x20a83c9cc7fcccd03d26610ce20c7a7c589a1414,883.691539,MATIC,137,53638868,2026-07-24T11:11:22.031856Z,0,9,2,0.902,0,63671.36894274779
fdb211f6-004e-407f-90cd-3e3a25755168,0x457654615dc4237aa070d73af4ea7ccf682d16efd12ea638f3a9d18a2fa58b0a,0xa8282a0b3a76e3fb164916ba2c2c558b17c65d57,0x69bb419925be686cdf869fec7a16ccb767cc87fe,390.776427,WBTC,137,53108026,2026-07-17T18:37:02.031623Z,0,5,2,0.493,1,43286.150200899436
7b09b854-e660-45ed-92f7-0fe641a3aa25,0x1a374845c61befaa6442f6adc356f6ce27d92e0d8329a2a3654a25d40be7732b,0x18456fbf20e151c59549062a9c2dcaa21a327f7b,0xb9b964df791b13bf905d275eac10a06cd69826c8,341.029106,WBTC,137,56166557,2026-07-20T07:02:52.031634Z,0,4,2,0.549,0,45825.905609036956
46f7cde7-8bb9-499d-8710-10387d6aced4,0xa6f3fe300dd52a688f17abb7504fc5e06380e1dd11352a82d66a3ababe7cf944,0x5a6dfef114963c364d72f8b266f0bd6c7c21d5ed,0x3b7ebac20527485f33dbbd77b76845246e7339d0,897.514722,USDC,137,52344943,2026-07-19T04:43:20.033883Z,0,2,1,0.824,0,342.6998947232537
aca73d94-6596-47a5-9284-d3fe869eccce,0xe02cca2584f4db040bf621e4ee9dfabf2c3a711d7dda0ef75a37101b6227c734,0xa56474ce39e6c2b7ef8843495cffdc091f26b2bf,0x828921ae70f6739dad02d6c8932afbbeb99c57f6,17.788666,ETH,137,51211069,2026-07-04T19:37:06.031989Z,0,3,3,0.316,0,46091.03425292316
1970752e-c0ba-456d-ad45-5ec8a3bdbac4,0xbe18129600f736d1280007ffa16d129a39f99fefa8a2ddb00fb2f3de08b823a1,0x9f30adc95709ab2a54ea4967ca1e40736f806ae0,0x0f18218b4f005607eec2fd0dd710cfe34ac7546a,222.032388,MATIC,137,55449782,2026-06-29T07:49:39.032701Z,0,9,3,0.457,1,49996.3000855806
2b1ed4f3-c02e-4f2b-a64a-9760de5e12b3,0x5bf1f1cc7bec3c1c1ce69074a306e545a6c69e29f88aee6baa880fd55f32fb1a,0x52365eaa229c3ca63f1e14bbb95e5b8dddecdc81,0x6321cfb56ec35c36d073723b6322ad87c7fdc1df,353.555251,USDC,137,54931447,2026-06-29T16:53:53.031679Z,0,6,2,0.834,1,54738.84474812705
f44e678b-a9ee-48db-8088-c22c250a23dc,0xd28fa20c0cb70e220799b53c6fd49f0a288184e5b4065fdd28e23eed3c395fc6,0xbb0e4d4a9590057388d99af0312119eeab942a65,0x5a3536af80feced19f6e00f49e67084f681dbbc6,81.778513,USDC,137,50086097,2026-07-04T17:26:47.033106Z,0,9,1,0.892,0,83809.92802417303
a26de0cb-b01f-4aa8-8416-9615214c64ec,0x86467ee5441c9e3199830f14d3ac9f8603251361f585526ff2de45d5fbd28058,0x431edaf15754588e721b05e764e8542511f06343,0x194509dbca1a10ca34b666552dd0179da8fe0a39,756.268201,ETH,137,56077299,2026-07-28T03:51:55.029678Z,0,9,5,0.731,1,58664.92600159971
24589cdb-978c-4284-a19e-d4d6e9f6884c,0x6e753cb7ed8ab4dc87eee22b20e11ee34749fc006e68e33542270cbd55b07209,0x0f0bf4b8e432feefdfd92831f1fd34297dd0bb82,0x66d56a5b209f0d0c1c775e143d15cf0f945dc65a,193.780983,USDC,137,53417503,2026-07-13T07:51:42.030922Z,0,5,4,0.765,1,60101.91447859822
e353dcab-c9e7-49e5-b549-f16b7ac0c704,0x93f9de4b9c826eaa0715277846474bc80fc5f5ef1d22c78c46bd1dc587e88d16,0xfc0892d327c653be53e71e74859c36fded62bbe9,0xe0e851c3c7d5e34cbc5ff122f92ca2f57c792b26,215.042416,USDC,137,57384010,2026-07-27T01:59:57.025221Z,0,1,5,0.545,1,52984.32617338123
6b776688-f848-4206-894d-eca0d17eef23,0x5725664d3580864093ce7d73cba37d6024256d1b0a3c5681d2d56ce6e3c029fd,0x9c76b2997aca657b75953db4619dad754e357ae2,0xa0b94266e8b0c1763549cc73f856b9d0c1e34e9f,2949519.811212,ETH,137,52081633,2026-07-22T03:57:51.035792Z,1,189,82,0.353,0,20.903218476566327
f4634304-337e-4751-b79e-2e0ce815c0ec,0x98e1f8df6bff6b5a99e59fae068811168efc537a631554d3d0fb18df2e1e6ba4,0xccfe404c5512f533febe72bc207a42ad0428e95d,0x9361746bca352cecc208101ebff3d99009d313de,87.269792,USDT,137,59256203,2026-07-22T09:00:19.033230Z,0,5,5,0.537,1,20636.029239385978
a6d049bd-0a3e-4ab9-8fb4-95748bb8cad7,0x17c03a39828296457a58e04dd4a77196d5b886be771734efeb9a5d63a893eb5a,0x9fc9be0ce3a4e673d7ab6e86a27ecaed03d4ea68,0x7980426152e33932b1f20a3b92af46ed03531a69,96.046388,USDC,137,58099808,2026-07-15T19:20:30.034141Z,0,5,4,0.497,1,30085.522083888394
076acd01-526e-425a-ac9c-f88e4a18c243,0xb925d443915f33b28e78348c261aca5f606d40c6ab686bb83bea922a44a59e88,0xaf4066c5fbc6cb1573e277ba23650d00bb671105,0x40eda74466ec4850870ae72b18c40bad12a27bdb,822.688728,WBTC,137,54925939,2026-07-04T15:34:49.029195Z,0,3,5,0.357,1,29826.50865734904
750c0cfc-faa5-4f0b-9e19-dba8b4788af5,0xb69acd37173e65d608a15cbef21af3adc288ce81ea401aa7c568d625e68a5567,0xa2a127a43ef7969632dda2aa7bb0518e0447fb78,0x20082c64444593c98c477195d2f51cfdf4e4013c,1319291.216492,WBTC,137,51868080,2026-07-08T06:52:51.035671Z,1,114,43,0.387,0,47.63681562783459
8069497c-b439-4f08-b082-88ba71cdb2b4,0xf1a095c4b24073500795ca607c0535b85ad0cf89511b89006d318638144623d7,0xf70842d0b306e55d53d1a16f3ac1663dd7ed3d73,0x22e031e56c3bbe4f456675722825ad8b3cb0c311,67.750146,USDC,137,51634065,2026-07-04T02:00:30.029295Z,0,5,5,0.915,1,54538.75295091452
30aefc86-35e8-45d9-aefa-77a67a3627a0,0xa6e5c918bd1f0f6624258095330e88b1499cd146cc460179b173fd6cc47e43f5,0x5a1ba11437e4d56f72db64a99a2ace9ec393f513,0xc276e943b50ab95125f131fe61a8fceaf5db01c7,284.989039,MATIC,137,56065366,2026-07-15T08:47:43.032423Z,0,9,4,0.586,1,49594.724395105106
d0a1f32a-9d19-49b9-8cf6-90e185b075dd,0xf6071065d6354c3fc2cbe38364aa9ac96acb455070999c3312ff64859a612473,0x403e13a268a84090bf9e3e4d99662b46049d5d12,0x5ced70234ac414638af2d9448cd8cdb2d17cfdd0,875.070216,USDT,137,51857691,2026-07-13T06:44:05.025448Z,0,4,1,0.738,0,70444.28957920973
eae98014-ee0b-4139-b3c9-ff4171094d0c,0x2b30a18c014d14c64ee7027b7d05e7ee1b21aaf8ee0afee78599ddd41be4706b,0x4053f4a6f706c2926055bdd5ebd8760bf6f3884a,0x34afd7ddcc8eef8db2c778bc427c7998d76d3287,226.035918,ETH,137,59742138,2026-07-10T16:16:27.030597Z,0,3,2,0.897,0,39977.06865417603
2a8db0f1-6b23-4d00-a784-a737ca294640,0xb1f0e4d93d1b306e23243cd7f4f4d942e448566f064608d9a8227e21d5698b54,0xf932c6e72cbb724a1e5892ad130dcf37085c6d5d,0x33b0ce8fb1e9bbdf57d616d9a9a1733609fa72d9,725.780543,WBTC,137,54215396,2026-07-21T16:02:25.031397Z,0,3,3,0.473,0,27092.85278762365
588b6a55-fca4-4f72-8842-a4c9d2a14f53,0xd3b732f4b196c1d75a1a09b518010d4af3052a0168968d57fea4215e3bcb23aa,0xc73a7e4ea10bcae24a638236a0f61895df43f65c,0xd3b31531b2649d7ad21866f26a0021ccb9471e94,709.464806,USDC,137,51641673,2026-07-12T11:44:51.035272Z,0,1,4,0.661,0,11201.547816467992
84a69dd9-aa1a-433a-bfd0-2b3c93eac414,0x704215fbf20434e8f6d70f92a34b662be69229b3aa9be8700434ad7ef656cdff,0xccb0d511b453f386a02884aa6e26272f5bbb022c,0x392b7f94cb6bae068de37ab6c0cce368461f8785,823.113717,WBTC,137,52770907,2026-07-04T12:17:02.027561Z,0,3,4,0.994,0,19109.513733186384
386ff26c-f502-4ea3-bf7e-a8cc54decad4,0x3c3f1d1a03d65b5bc320c3dabc40e45a5e96e5d86b2d6a617a3ac31a017b7601,0x092a6c6cb174a4a9451551639403273a428a14e0,0x0d21ce9ef12c32c1c29ba6db1c2d0f4721771d6c,337.45487,USDT,137,50903326,2026-06-29T21:12:29.035457Z,0,3,5,0.58,0,4419.825798359231
1da5a71e-ee17-4f26-8cc9-e6aad5f17e6e,0xe50748096b98be82c2ae671bcad284d12ae20eaa624a49c58a0a7f237763fa07,0x998fd23d532f27b557b95593a741cf9461d18dd4,0xcff7a909a6344e0fe1046ec467393f2e9fcef92c,880.159772,USDT,137,55210811,2026-07-14T11:57:17.031509Z,0,9,1,0.692,1,46339.700254258074
fb0da54b-95f5-4b31-a6b2-c2fcbf8479e8,0x14813d4fd6da56be8bbf51e785608ffce850a7d000063736d77b47c97dca08a3,0xc8ea819ee58fbdaff0e19d41ec3c77ab748fd4e3,0x71891ce50086cb956147d82f085d40bfc9e19627,751.03983,MATIC,137,50242008,2026-07-01T17:24:01.033894Z,0,3,1,0.48,0,21629.64279331205
623880bf-b805-4f82-aa1f-7be73969c54e,0x47cc93da7de387c2c3198064709cb7e7c25a1c4d69302bd7abb3b308142177ac,0x899eb6a1b3c67e836b9967b478a753e4ca69b20b,0x11c0b0aaa2960d50aead34f3352b72145862c419,18.067969,ETH,137,58808899,2026-07-13T07:12:54.026452Z,0,4,3,0.698,1,61869.01872546726
1ed6b376-d96d-4f21-aadb-943808816525,0x68e953691c83ed8922a4a03860f8aef56ff6947b88c500a0d5a87a701136034b,0xb5d0162d0d430cff19b3f634b42c1399da0039c0,0x8050865eee717332f6d95ae36b4fed05ccdb9bb0,29.123682,ETH,137,56225753,2026-07-23T13:01:32.033297Z,0,9,5,0.72,1,20480.860579883345
a48f6dea-e0bf-4e5a-8d06-e8424416b7af,0x9d366ea9ea9f0e6b592920cde9c7b0ec05a38543e10240af2f914444e2fb4d24,0x202912149a91a6ad3f3dd1c2c876d755fd280c56,0xbf11621b6fe38aef3c99275387ebdbabea012aa9,960.483269,USDC,137,50256771,2026-07-22T21:36:06.024812Z,0,1,5,0.663,1,29661.12996269331
79d4c006-c168-4a29-ad6e-8f2461ff4fd2,0x9ec1e75a578065bbb22f1e6352317af96e426720a52f90e7de6f25d36390c4b0,0x46e7d1c846cd47e8b1916b3700f9f14daa437128,0xb1e5d357071969838fdf7e6c6e614379fdae7dd2,238.809487,WBTC,137,59816192,2026-07-14T12:58:33.025764Z,0,10,3,0.558,0,65608.27436211362
3eac3ad8-ecb0-417c-bc27-a71a4c236db9,0x9803235f1dede8faf90927cb92c84353d1d5bc556d70bd7162cebf2fb22f5540,0xd53ef8ba8ed23432ddf0333786ebd9b76bb953d3,0xf0cd344510efea24abc129f8e7d3197c5e92d7a9,399.704705,MATIC,137,50210868,2026-06-29T14:02:45.029974Z,0,2,3,0.712,0,1639.0107231703594
41324cf5-7b8a-45d8-839d-e147f13ce1d7,0x175027305f59f24f1cf22ab9e5ded7e9ecacf2ee19838dbb4d2138d56fd3162d,0x0609a1c4d7e26146171d836289fe52b1ba7c35cb,0xc5ddfd72a216f6832f9c9d362749a7d2a74915ac,4758646.353731,USDT,137,58929912,2026-07-23T08:14:05.035948Z,1,157,28,0.969,0,54.5850344030675
6c5d5f62-a3b7-4cdf-af5b-ce61db9956e0,0x84b94c7c356d02d2528781c6f7b38707be5aa829467e3d2773b96ea7c17f5c06,0x485bf67c161077b0195f27856e1ca84cee8d17b6,0x0426708d730832e4d681ffe1d21abb3123e06cfe,941.648169,WBTC,137,56080551,2026-07-16T07:25:29.026318Z,0,10,4,0.85,1,52473.34715093743
723c687c-f885-4ba1-8617-8f1a7da6457c,0xcebb9d6b8cbc3e503de787e60cd3b4363a0c853a0067d6ba0261238272682d99,0x248570b472a7449a3a8145751de900c2f6117c96,0x90a64e36d0d9fd89f4625f2a359975567e81e7e8,994.498579,ETH,137,51322100,2026-07-23T02:57:15.033128Z,0,7,4,0.757,1,74479.75572657734
dae48ee4-cdb1-434e-a3d2-cef90a2820b8,0x22e623b829be168793870929b8797e8949736e9906f0b1f96d0ba61af6f2ee57,0x7997f31ade99820c6d9c78a4b91e51f144381f89,0x9277f5e180864042ef2705d74ff5fbdc693d1128,95.866497,USDT,137,51486734,2026-07-16T15:02:57.025436Z,0,3,2,0.546,1,6713.03922521496
3ff96c82-0848-4c75-a0c5-8b266e05467c,0xf5649e8a7933fc249a7f6dca3dfed2920c96e042611ff665a4ab2c532b33c6ab,0xe4ea29003e90a366a55f84afc9077c235660abfe,0x3c294b5b5f3ad09356160c1b9ca23b01384170ef,424.53433,ETH,137,59723382,2026-07-18T00:55:06.025812Z,0,6,4,0.747,1,33661.64399434964
da6e18cf-abec-4905-94fc-98e8c6a4e8aa,0x551bc94c19074fdc9d0fa85d7ddd6358e62947631d8fc656313aec13ba92c3c4,0xe2e74858e603c69f753d93ac8a43427b267a63a2,0x5827dd8e4c5c40d61ec38663db705f259268fd4b,508.880964,USDT,137,58286016,2026-07-19T00:11:31.033704Z,0,1,4,0.861,0,43901.17483750349
332a1362-4bc9-457c-9f2d-97be6ce15a9d,0xc830f0a3bfc949b03ef8278e106d37ffba8119ad2c97b21c59ae1110a3e65565,0x78225528ccc78c55edc38483776f478f4ce68b49,0x11907f9c1c022975ae448b4f4035c7691d3a953f,851.758607,ETH,137,58753076,2026-07-07T11:16:24.034762Z,0,4,3,0.771,1,16850.750134275186
4c2dfbef-18ae-46e5-8d8b-e515758fc7c2,0xbf992ad7fc0f848c5de3cd58b222ad25988055c8408b816a8ec3b8ffd721ebe8,0xdb11494fa0b3fd99bc16ba57f1bc462c21b822ec,0xb50086ae71df0d7b3c82398f9c1f90da7d0deaf3,621.333551,USDT,137,50690877,2026-07-18T00:41:58.031328Z,0,3,5,0.706,0,37366.07270800346
9101f5a7-9217-4475-a703-8eadc1e1a320,0x9e1d299f4b5ddbb5db4b2cdcb443b242966dde8ac18bc9327ea13912a211e419,0xda53cb0ecad1230662ac663c94e13731668f7d59,0x605bc7afd05ed44832d44cacbf7d8bbd6c1bf41f,738.045778,MATIC,137,53585264,2026-07-22T06:36:27.024655Z,0,5,3,0.359,1,6825.6089273045645
17286c40-e690-4126-b893-40b796ab5029,0xb95c49958ce27248630ec95c5f951bb324d2612e3bac28a8d889964660aa555c,0x6fdd18b325c841f51210ad646a689dd6dd0a33ac,0xe865f0e4a574cc1dafaf38e394844485411c9f0c,60.312345,MATIC,137,58792612,2026-07-19T20:03:53.034889Z,0,5,5,0.636,0,25017.24857880725
4bd59af7-3c69-49ca-a174-db5859403b97,0x7096874fcf919aee56315990dd2331e3baa61b8c5e5dc5288e96841a4a885786,0x3c13ff9f9471c0bbe63648f0e3d9934afe53e6f5,0x1f78879aa36e49ab27000f9a84b3a6b10aa6ab4b,966.0768,ETH,137,55934111,2026-07-17T23:25:33.029600Z,0,5,3,0.681,0,82749.51887418737
41257da2-d5d7-4942-a94d-db842e8eb505,0x0c057a8667c279a7bfdf0bf563c2da665c225c6d47dd072b4cd1b1c8b5b7e1c7,0x88ce76364d7679cbbf760fce6789cba089d30b3c,0xa15e092fd506fc9a7dba7467c9dad2116bd2f389,349.832174,USDT,137,59975960,2026-07-17T12:18:51.024824Z,0,1,2,0.576,0,10844.7799868755
5bfbbb5b-624f-4742-8659-69445506253d,0x659c8f877be986919126584ee1e264153851624de3df6c2d9daa280b9725653d,0x14acfc40e982639f7af89f636709b4be50a86398,0x647f86fbb91a9cdb82a27e8eb9a77668c0d0255e,752.57006,ETH,137,52744313,2026-07-05T14:51:24.025980Z,0,7,3,0.533,0,77635.84513272886
13ee629d-7dd9-4ad7-87da-9beb450115cc,0x1b6e1b7fb710a446c9568fb9bed975cdb29c97c9ae1e7fcf90f25e676008dc52,0x20e5f5d45c364f0b7138d0ead850d0b4cbbef9fa,0x9684f888c4ffee455ab6bccf79b4021145bfc8c9,127.103739,WBTC,137,50946555,2026-07-17T13:19:46.034900Z,0,3,3,0.477,1,62900.0582311953
7e0c6251-ae68-4dbc-b0cf-d20cc667e027,0x2ca5d75a6cf77b15c03c550338d019974886cb14942a4a094c4f2d8c847ebd10,0x4e592eb0af5e03d49904f3b22d2dfff85632f1e6,0xd3ece1f2a20455f46ca90f8ed3ac0598583db921,21.824595,MATIC,137,53346661,2026-07-21T14:21:56.033140Z,0,3,3,0.902,0,15966.49974951255
9a580b73-4500-4f58-9b00-bf7a47763c25,0x667eb378e1c72042c54b7607f88dc637e2173e10883343bed58c2df1b12d973a,0x550d17dfa70f4fe9b10503602a01fbc49f7f9552,0x54566408a5d7d0bbb772fa4c3125383ca3bce537,571.954774,WBTC,137,52482655,2026-07-19T05:47:09.027252Z,0,6,1,0.372,1,27644.263362570102
c4735068-090b-43b9-8242-ff9f5a421429,0x4fa2300760f2c9f24e3081788cf719a5d25c9536b4d63da1176d08c0bf0d2781,0xe10386386b880b9b777ade3f1c2bd921d9a80c6a,0xa0f77ae6cd8b31bfecacd5a40ab89323e0db09d0,719.187262,WBTC,137,57001745,2026-07-13T14:44:35.031341Z,0,9,4,0.928,0,53290.54704423645
9aab6e58-4d96-4e77-ae72-dd564ee2cbc4,0xa9d5519a0d1e4ed7f6f5c3aa7d7a1a792c395c72b05fcbd0515658f7816d716a,0x43e7f95e63a9b213e6a705ceb3dbb6ed08af3fb2,0xfa83b7f8300290198c6950ad874bfab1870da458,347.661319,MATIC,137,53735800,2026-07-02T12:53:30.026687Z,0,2,2,0.479,1,80977.80431067882
04881fc8-ca99-4c42-a2f2-83c51be142b1,0x205e999f869a89592954093b2241b65b1ae4639be51b5f1d5abe3d89ca7d8f86,0xc24a72fd5770a27f6993bd40a93dd9fb66940d87,0x92fcbdc459070b596bf3a292404191bd8b99beca,866.800918,ETH,137,56996092,2026-06-30T21:28:17.029759Z,0,2,1,0.716,0,85761.84721692983
a045035b-f49a-4093-a8f6-3f49e2bb5a1a,0xeb2fc14900ab6e0d58a8740623fe21acbeb79b4855eb4f56a23e2a0120101d22,0xd0cd4691bd038949d262bc1a2ff7b14aa0b7e17f,0x3e3832a3460ad2a9f191337ba19734a291435db4,277.62189,USDT,137,53395312,2026-07-21T23:43:09.024089Z,0,10,1,0.896,1,43920.79226573634
4d078795-0a97-4c56-a131-8f6e26df18c9,0xdde75d4d719383643d218e116afabc1b2ec68913b48559f845d112f62fbf3f49,0xb5b706929279de96de45c211635188b416a8ebf9,0xbada47805f6e4ac2a138ca84f98b5e163e369743,217.200873,MATIC,137,54759083,2026-07-01T15:21:05.031790Z,0,4,3,0.984,0,51470.607640160335
fcc78aec-d9d7-402c-b05c-537714f12fd5,0x2b6dff37c02484d8d1cdf1c917f4dc3de6ae24055083f193078ef0fffa815cee,0xb91fd605ad170112de7c83b95d335d36fdf80d97,0x0e2fa558189a11634ddbec5e5e4b6bb7bac6664b,429.972809,USDC,137,53624196,2026-07-01T06:37:20.034829Z,0,7,2,0.336,1,29314.38092774556
ccc2659b-7663-4d11-9641-4a7c99868c37,0x6b96ef4ad51be1b5541e61bc76598310ea12eb299ea042f8915f34fdd937a67a,0x1952debbb2c808a0e3050a522cd1b202c7c26c1c,0x04226113996315521c3787bd8cc3ccf84d74bc33,62.496166,USDC,137,59869256,2026-07-24T14:05:02.030664Z,0,5,5,0.868,0,16309.725804552614
ac870fb4-2646-42b3-bf5a-5c9e50142f80,0x57ce2ce040074d5d114f3fdfb1c05d8148fe186c2ba90fbfe8796ea71bb3c59b,0xff606bce5b06065137a919b6a18d376b4395cd0c,0x80b00bcf3688d43ae5fc1ab7b162ed7d6006e994,50.965533,WBTC,137,54944073,2026-07-14T21:08:32.030428Z,0,10,4,0.94,0,83923.50522699335
1ac232d1-72b2-426b-a22b-34d6d51b65d7,0xb8e5049916cd39e8c4b14d6f15404641ffe5eb0026924a00e981b967e35fc5b6,0xfb11d253ab7c3026c7504fc054e731cce64da0d2,0xac66817fd7f3cfdac9ee684eea17cbc0cab504e1,355.295455,USDC,137,56086023,2026-07-23T22:16:01.031407Z,0,5,1,0.632,1,22941.302898633283
80a24fb7-1312-4b6a-8d48-f8a7627957bb,0xd9443bdda1c82a0b25dbeec338c38e2a88bdf95fef5c23466f169707515d11ad,0x2df7ef65df1dcf5d576867c76502bf1df6caf367,0xfdb6a67ada54079f26d36b3b857b646b25de138d,577.388012,USDT,137,59151091,2026-06-29T04:15:46.031430Z,0,4,2,0.796,1,30702.52902871581
cfe7f8b8-539c-465a-9fc6-8ddb4d4f5245,0x491747afef631ae308bd1052cbd3c6c959476948e04109c98e37b977b3930c3d,0x7803949a4dc9c609a7d2d64ce9a929ec86475532,0xbb04ccde373b3415a4cb085c3a5eeb50b19cd440,950.550283,ETH,137,56480025,2026-07-06T00:04:19.030686Z,0,5,4,0.432,1,30551.351974597594
538ef3d0-3747-40e9-816c-3a52ee6254aa,0x1541d18652e21d54954051e0ef109c054c6edf7972161308dbe23039882d9a55,0x6fdf202297f5746bd7a8eef681b8ff92888bcf2e,0xa8acbd87b4c63393228b4787c6a2e826c5d8a93f,408.583296,USDT,137,58032775,2026-07-28T09:51:40.029251Z,0,9,5,0.777,1,37024.703912552475
bb4c8d58-663c-412e-92a2-fed5acf50160,0xfcf8b811610326ba99007e8bd32bdb6c6f1c4fef1bab4d488bb39566090381fa,0xae72db08dda80ba221d2f2a27ca889427e693067,0x708148e46ebcbcd5128190bb29602a88b5ffb7a4,328.915457,WBTC,137,53591508,2026-07-14T20:56:28.027527Z,0,7,1,0.979,1,12926.008435349271
36642fe8-6cab-4b89-80a9-a4d59cb95e70,0xac3b9f05e912f2e62a60851ccd7bc7c013b805589ad572b08b0c276885d495ab,0x600a3afc0c1aafbb5f81e42783ff65b124d16749,0x0edae6b7763c5d531e93566efb65f781aa0ed9cb,3159757.546373,USDC,137,54673757,2026-06-29T10:14:01.035527Z,1,59,74,0.751,1,55.93515022121394
a7160d82-591d-4e53-aeb0-23d1d83f1e89,0x9bf50e8539327269ad1538c01354f5d9038aa79fcfd92f3aa160f7d9bdc47472,0x2c99eb365c9d3d745e918f73ce59c66dbd35f00f,0x8d5833a98d3e0998d2213a03b301a34d39cc9216,539.867813,USDT,137,55524099,2026-07-09T02:26:02.024616Z,0,5,4,0.724,0,47591.094106342745
c5eab807-d259-4323-b09e-6e3aaabac776,0xf9155abb431791a493d4ffe3c985dd3872c33894779151747ebde4bfe1503329,0x61d90ca6a6ea6e282379fd99156218675f7d2c29,0xc951c95743c1db04cdce24fe7d8d78aa4d3e3b4a,671.845798,WBTC,137,59768551,2026-07-02T12:08:50.030019Z,0,2,5,0.662,1,26361.076970296726
5a82ff12-97c8-4260-abe3-4a0230e8c7e9,0x03afd1d50f6540a916394257a428c5da81b96435a2001ec2da41f24ddbd37237,0x6257ebd24cf076e0cff67d9499c75c0f1926631a,0x230b952648e7a6de981e1c041b23cfcf6b84f313,279.963384,USDT,137,51080271,2026-07-06T07:19:18.033986Z,0,9,4,0.532,1,24159.429483318258
db106531-b7c3-4845-b4fb-7abc803b2e63,0x6136cd030a4c4f2204b1bafb16a7ea3c1ef87652d5bd95ba93c5af3c40a2d3c7,0xd5a875f2bfca5983c947d2a2db89a2ec611e7ae7,0x232a23e431abea2d1b0e7ee80058f8cde9eb1900,896.978985,ETH,137,54845874,2026-07-24T20:27:12.030765Z,0,5,4,0.631,0,6851.040896513012
0281a427-92c7-47a8-9563-a690c41847ea,0xf8bf09ee57b3e1bbf4badfd4f4478418c660c303989919556d4e125b71af488a,0x4d1d110093d024e2b19ef228ec79f26d5bafc3f0,0xc4c7175ef3c1b62b65d0d24bbbcc6b3e1eddd81d,663.304596,USDT,137,50581025,2026-07-02T10:38:02.029127Z,0,3,3,0.426,0,86277.61934194124
0c740ead-69d8-4d97-bd66-a8c3b9c00eb6,0x18ac4674b50e6c1a66ef54968d75d077671b8c1f1e0685b063002f0d449d88c1,0xbd4d10f3022568c6cb5e113ec34997e20effebbc,0x5546462216459661601a0f39af2d1eeb1feacfc2,649.947335,USDT,137,51733670,2026-07-21T04:36:52.026028Z,0,7,5,0.31,1,44845.599314784224
85546d8e-fedc-455a-9373-849c528a37f4,0x8212b99ab7b65cb7867da709424bce03849c93a559779b926fa891e7b7faf82f,0x9ab7b3147c69f0a16ec6ab701f850337fdc51b67,0x75eb1bd52195062136e1360952aa83090b2b9922,567.682102,MATIC,137,57203482,2026-07-18T19:09:32.024445Z,0,3,3,0.539,0,62516.84302682826
7e1249f6-4a76-4a1c-b18f-47147f973fc0,0x648c0d2dee329b5d964effbd9bf14a4fc5c6fd18740b310abf7d162e1cd091ce,0xb924a69b16954e006f1d3d0a492dd24922ca5cef,0xca1bad56b48afc95c5655ee7436470062ffb87b9,331.25843,WBTC,137,50662420,2026-07-03T18:52:52.035388Z,0,10,3,0.835,1,76375.78829619766
c751dc9a-29b2-42c3-bc24-b8aa821dbb53,0x155f1f50f6e256f276650d4a77a539b814c97039f10219b140e24c05214203d8,0x891b2fd53a1635e24036a17e6da65823007b9c3c,0x1d8f79d1353eb54ac9cdb0df1e4207a3f71f5564,875.570143,USDT,137,57177133,2026-07-25T17:29:20.026831Z,0,6,4,0.581,1,19485.733988208773
d39860ac-6582-4bc6-9c18-e8fe5aa74404,0xa12e26956acb9e25fe295f7e462ccbf5b76c4d9b470e478444c6b4e3fa88c75f,0x80489bfbee3b08ce4339c077688f841b67974c1f,0x51d4be6ea698004435a4e0b9e22d3cbfa076961f,695.736099,USDC,137,51548092,2026-07-28T02:53:19.028923Z,0,7,1,0.706,0,72539.74801974597
0eac1787-fc1b-4a43-9b9e-557cf694f5f7,0xbf9796fc3b39d7f20bbefb714ca534ddfcf65e2dd280bc9fd82f672886d2dadf,0x3b12e5587be2a8a8f875ef8cee8187b7dce26cf5,0xfa63db5ac8ebc3e02c3d7d02c3ff30d27482c32a,869.912106,WBTC,137,55414210,2026-07-16T14:36:01.032536Z,0,5,3,0.624,1,18452.24212369616
e2a18e1d-5ead-44ca-b3d4-3587123c5555,0xb87612ef15eed297e6e85f497e3061d8ae971aee3b2bc355c948b58d849db511,0x5b16eced4d7f1f870e1a2bf421aea2cd916d0b1c,0x5669b62e75b1f9654f5a6cfa393714dc1576885f,608.347016,MATIC,137,51301948,2026-07-04T05:49:33.030439Z,0,1,4,0.683,1,22470.542405542077
b1d15154-3e9f-47be-8eef-3e70f591fa64,0x51c7ef4f6a3ce9964e9a9be25bbc1f64ae12a02e2f57c4a025d57ed7114ccc1a,0x68085cf95d33b9c8dfb28fac582b3c01df54c1d3,0x6d46866d74ef92a8638b3f30fe13eab3e4bf6a14,708.900219,MATIC,137,53556563,2026-07-02T14:00:28.024188Z,0,10,1,0.814,1,19564.949183292087
ede4f666-29d0-4736-accf-c7cbcb1e8b5d,0x0758ed07c4a7b737bba7c6ec32585a7939ec618e3dabbd8ac8f31a794c605cde,0x694458cdb6f688ca9effc5a36409409e90257ce6,0xcb5e980531b11fc89e3052415d63c664bf4e6787,506.239801,WBTC,137,50046325,2026-07-22T20:44:46.029985Z,0,1,4,0.54,0,60037.09946428545
a4a822d9-a56f-47e3-920b-632e12ad2e1f,0x7be24cd444b94fc15ed5086543f71ae66891ad20bcdf85a90430c9ac2030aa08,0x3c1270a6e8eedc2a6e815db2b4acc0af970c82f5,0x47f45008da7bd633ed1fc043f134baab1951788d,322.56639,WBTC,137,54696974,2026-07-16T08:50:40.025531Z,0,4,3,0.76,1,9309.453961381068
935c66bd-5c89-430b-8663-004fcb9e129e,0xaa3c7e141eba9c12d5a9ae4a154e02fc792fd239708dcf0c4738d300808b43b5,0xadf7a8637c11dacd3d8f37ca18e1315806129616,0x7a3e198dea129d51155f08cfcb5cc0039c0f78a9,383.606011,ETH,137,50071977,2026-07-22T11:22:30.030100Z,0,2,5,0.339,1,13429.055652075915
9f346064-a385-401c-bd8a-e7123e8b46da,0xd3f8148d76662be2f3fdeea6aba852e4db1d3a6145177cb48c8424e920df6364,0xb86c67f7729538de1e2ff5fc93ca276919a81789,0x0c69e7a8599070ba2852f80129f92aa54a577aa6,874.596939,USDT,137,55038857,2026-07-10T09:59:00.035309Z,0,9,2,0.476,1,52586.2674408176
e76c7f86-1155-4354-bcdb-0f1edecdca09,0xf41e9a1593289b6d397d98f21bac927bf57840c2d1428b8e83aab173c42f81fc,0x66e4c35b812903d8d08e79a1e0cfa287701796e7,0xee1be753455ad77ede18300253217bac9292eba6,851.966896,MATIC,137,55687442,2026-07-24T22:10:52.030821Z,0,3,5,0.925,0,68331.21857307237
f21d4d30-ef2f-44c5-a847-c992f731030e,0x45316b1ccd25a1825925517b2f9ee11616958dc6c57da13e1ded906a66d5d822,0x10351b4bcfd3759b34aee498b900903f706518fb,0x58d6d71be6336b637a75fe5b6f955a803b83b0ad,421.572973,WBTC,137,57415892,2026-07-18T08:38:56.029326Z,0,7,1,0.795,0,40356.98094051855
5edbb9a8-ff10-46b9-bd52-5d27e43ee7eb,0xa996efa799736abd1e74ec21659682d86699ca0e937e643b049ae39cfffb3687,0x965721c37dc9486b97732cd8713a99c1f9076779,0x1f36b853c1c9c763c91c7b57a9b3254afbe6cc34,338.29955,ETH,137,51653601,2026-07-03T10:32:48.031657Z,0,5,5,0.565,1,52501.626167980125
62c8d944-0ef0-4f57-b85c-9db688371c3b,0xdf8831372236a223c5bbca1b1351628bf1a65fe270fa9c046059a2754ae23f60,0x21449dfed2967b736f72411debe6a4378db0635e,0x1014c3775405a785dd29460839043348a2c2972e,591.186095,ETH,137,53025593,2026-07-14T19:29:46.031134Z,0,3,1,0.756,0,16007.933241833514
2144f2d4-da20-49de-9102-2cf8245ebdf1,0x99d8ed0e7ab9ffed643cfd3c282027686ede7f983b29b4ddd06c7630b4f5e17e,0x40f49ada9fb23689a8ab18916f9b5e422d58d3dd,0x4eb4a300ddfda3d2c720f8b6a81ce3e67d53b345,439.055962,USDT,137,52483800,2026-07-18T02:43:34.030675Z,0,5,4,0.753,0,46596.161654141295
e920f7fb-ebb8-4998-957b-c9b9c13f3ccc,0x3bb5f0c4d6f2f8b45f38ee64734dfef5ef125de7974037a43d8420f3bbcc9e91,0x23118bf2fc0a5329b472a2ad43b95f1e649e7b46,0x314ecc223cbf2561585061fc14da0e9b59370532,689.238568,USDC,137,59292935,2026-07-14T18:43:45.027975Z,0,7,1,0.88,0,43258.93343619666
42fc8953-e69b-4daa-9f7e-6846b391eddb,0x75622b2dc34fe2ac5d0c7b095a602a6e57a0695c369555526632a693b3d2ab0a,0xffae928bfa6cda0621683684c7b95076d6bdf370,0x47831bc07127fd4dcc46d426f55cf908026f4e3e,763.690635,USDC,137,50100385,2026-07-06T21:14:54.032445Z,0,7,2,0.687,0,26444.140346991087
8576399f-c645-4c18-a6c2-c16d675dc98c,0xbb34ce67b21626249ca4337d7c75a097514640ae5f2d15cb2b918facf4bb9a87,0xdaab8568ba38af34332fd766bf71a24cae4b89dd,0xcb029bda43c5660407ed614b511387a137301b61,549.933833,MATIC,137,56266935,2026-07-24T12:07:31.028613Z,0,7,4,0.536,0,78937.20609227242
53ad9aa7-3dc0-4119-8407-b8169b404771,0xbfc9fae602a88a4512556df92794909945fc4f70a8d3e5b6d46555d444f69815,0xfada10a69de18ea6f58559702f217e342da52eb9,0x1322f02b37a17893d5b6adca8f92cbfc56457ac1,421.032221,ETH,137,56089578,2026-07-13T03:06:29.028180Z,0,3,1,0.324,0,73580.99065288917
fd527d62-eb13-404e-af1f-f09a009f7f09,0x7250c9d9f1e989be039be9cc54f78a8540e801fd4e5293eeb9e892a814878173,0x5369f9f83c16999dacf57459031c31052a605607,0xae8167091d649ab6e9c5a02bdad42ec35ff0db8a,963.875938,USDC,137,59414554,2026-07-16T01:44:38.032204Z,0,2,2,0.628,0,61673.388386425955
d1eea07c-775a-4943-8c7f-32ccfe8b30e7,0x7bbb1cd1398d4c72b37b3b7684589f935e5475d131c8be39fa1267fa65765187,0xc1cf5ea9c99fc39250107a70468ff10d36a401c3,0xd5470e7438456461287544d4610a6ba910089cb4,618.882743,WBTC,137,59102335,2026-07-20T08:16:31.025185Z,0,2,5,0.62,0,20162.033793247105
d752dfed-90b8-43c3-b1ea-fcaf3e107fff,0x2f0177e62bc5e8595f780feee91a6f151847075a7fab90655d82ef7373892073,0x14a408d7678db3067dab4e338b46be25e955b034,0x8691d9eb7d0c4fbd88857bcdd91592988e5cfff5,905.880758,ETH,137,56948743,2026-07-05T10:25:53.027935Z,0,10,5,0.558,1,53416.210487665696
ad616219-d4f0-4f45-9bc7-ef7f77166731,0x4c061c3443d722621c46da0addd7f91faba8da06c0b35ff628d1a68ee784998e,0xbad7fe748c6a9298e1003225001444693a9a4815,0x3eb5a821dbc486e63ae31a3a69d9c9b3e850947b,383.726905,USDC,137,58374303,2026-07-07T22:37:15.034482Z,0,7,4,0.758,0,51504.32062527111
b1226ec5-5d6b-4df2-bb57-92c74f878dd2,0x0b52ccf42bac8d64f04f08a870a75f842c7cb31136e4dbd235cb77e5d706725c,0x68fdc8f7ba08372370a288ff44eab83f72a707d4,0xb3d5f1c2235cb015b173853dab5a0b212e5cb061,814.311835,USDT,137,57054527,2026-07-22T04:29:45.029770Z,0,10,4,0.883,0,62105.98891990032
cee7b33c-6083-4438-8a7e-c9fcf7db3ab3,0xfaf0ebcede56362dfcdb4a6ee5cfa9134ef131615b64e7d41c1b0322cbdc438d,0x50ca8e7f4e36515a1ccc0a6f4cf01d019711533c,0xcac7c4c509478ed0384f027d1a3f170e122d2012,782.100377,USDC,137,59526406,2026-07-22T01:45:41.028464Z,0,3,5,0.984,1,72697.71004306948
89e74ba9-27f1-43ba-98b0-93117384f983,0x027fac8d88287c172dabca213dcd1459c35d85d00c36e40693baf2eeaa95fd6d,0x6eaa703ac6e548297b950b7c3b8d9503ff978730,0x25f949afd224b07d6bc6a8b27092e8b089d5c17f,306.562057,USDC,137,57150979,2026-07-19T09:07:11.032227Z,0,7,5,0.657,0,35348.42919712596
2d6c4440-60dc-46b0-9d10-678ced6fb055,0x20c73b029804b4db2a69c82154eda27c0248b9d71825cc04611946a56e99115a,0x9e3abe58ef252312bed1a3ab9cacd0570b2f7c22,0xea754e7db08601d04b5e166ff8173e64d666ff95,710.089065,USDC,137,52623721,2026-07-03T04:30:25.025641Z,0,1,3,0.593,0,5319.064378179624
6dc6738a-c5cb-4181-9e48-d95003c5e1e3,0x1e743614f37088318ec29bae969aa3569a82864f2fdd88eb5bc7641128cde57d,0xdcdc1f0a7ce71844cdc30ca47391cf699e70f0cb,0x72acb17f6729046dfc60c73e9baf3a635c8643e8,446.420689,WBTC,137,50797380,2026-07-17T23:35:31.033208Z,0,2,1,0.676,1,78084.1341959043
be984bbc-302a-4668-a482-b9620017a60d,0x0f582cb0f9651c9e708c5a606548bfc4c1918e3cee0fdef6ff94e1103a39503f,0xab717ffad3ffe0f2b3e7b54d9f9089c6ebd0079f,0xadf38360c960bb1dadfd84349a44f5e329155ea6,697310.689567,USDC,137,53623437,2026-07-03T18:10:31.035588Z,1,137,93,0.43,1,37.37656390949753
b2972b85-1912-40a6-a6c6-77520c62c25e,0x4d91de11c15b604abbb0163e11c964fbac5f969cd4eac6a57c303f9a4ad5f581,0x74238ca92ee371b3bef35296e7464189241b8d93,0xf2b1b9c4617ae1ed7bc7adf2078c4b7f32845e46,246.392887,WBTC,137,50073304,2026-07-15T01:41:43.027138Z,0,7,4,0.808,0,78476.6706502227
720da8dd-de0e-4f4c-9fc4-0df272a88bcb,0x6dadb40f07ec833718e80a4c431ff316547e9914f7e31e46b506dc0293e73c51,0xa579eb0ef54d253aff1bbae109ac7e17a3a994d1,0x546f64af4bba9c7efdd550a682e537c84983cdea,203.130019,ETH,137,55697285,2026-07-01T23:49:55.032113Z,0,10,4,0.753,1,49383.125459640796
84e0dc15-9826-4d2d-8917-8ee9af4817a2,0x42a85a0b6ece8cb7d5917e9298a99b6278152e5893133a37697f0cf34e195915,0x84e8466a6d9b1cf49e927d77bdad3cdc347a61be,0x16474d70239a8ffca1ec2e6c63e056c28c375e62,274.535849,ETH,137,59686281,2026-07-26T11:55:43.034797Z,0,8,3,0.982,1,36067.16584836598
a9002a74-e825-40fe-83e9-3a3e811a1e06,0xc8f4fef450c6d215942d2a9daba188becd23aa500e4421bbf7909718e90c21f8,0xded46328dd2b10cd889f04004b011596f404dcf2,0x9e056e410b0c84a89b4eb6e03aaf738147c0dfc8,634.534511,USDT,137,57192426,2026-07-18T19:32:54.028568Z,0,4,5,0.923,0,15968.532106260833
a17652c6-4cb9-4b6a-9f95-0d012da1187b,0x0cfde834a750a189a17571d6f5d10824f772a2f7ce3aaea31b5eb0e81ead1e76,0x15660327693641f8e095d97b31fb446cc792dc33,0xf836d703120fc5b3702820a094a137dc78b5732a,259.848867,USDC,137,58810066,2026-07-15T17:15:32.030327Z,0,7,5,0.54,1,68545.55842860375
1cebeaf8-5306-44d9-a8cc-b9b0a58895ab,0xe9ba8024aeca70d27ed66130eef9b5810f7588d808e4875150c48e6108fb6ba6,0xf66206d1c7a65b8b6337e80ad4cdc4331bb5dc6f,0xa7391024e22e051cf699ccc18c966468b493510e,79.161543,USDC,137,53643872,2026-07-24T06:01:42.026758Z,0,8,1,0.936,1,69101.3059817934
e9fa51fb-eef9-4f39-8aee-7c8b1d6ca871,0x008797621f10031d0fa76eab64e5de410c132b4202ea16f8fbd33038aef0b237,0x0a9bbd79868d4840f3228fe2d081b2f7a12c5998,0xe1f520e223111b574f1155bb071d95c809b99cf1,82.717134,WBTC,137,50968336,2026-07-21T03:47:16.032374Z,0,2,3,0.367,0,59670.362881641726
2aba1fed-b10f-4ad1-9cc7-22edb372561b,0x4784ecac83379dc0116e9de6451aa57ef9c637feb1a7cda0fe385bc2b174bcde,0x7a12c21778106b0ee330e1c07782e73a0c602be3,0x0e7f824a63957e9301d2e2f1fcb47c7539682bef,469.371424,ETH,137,56548440,2026-07-05T16:00:27.034515Z,0,1,3,0.432,0,55725.69781416499
6da0cf3a-880c-4486-9132-8e4913dc000f,0x44adb40d940e9b56a7efca0eba323165a6deea852e12e35f815502167671a1e0,0x9c038ce09591f08e5daefb2db3d91081b8f01dbf,0x6c76d91fce9d0256f8680d7fece6a97dc921c620,886.266217,USDT,137,54331451,2026-06-28T23:01:27.028038Z,0,4,5,0.613,1,33217.90009433002
a4b272f4-51e3-4980-abb5-c067eea006b1,0xdd3a10605a86f5ed9f6e13e297a1e798a1b8400cbfff41865dfea86c7624ec47,0x9d33e437f5334cec07967298c8da2619ceaece3a,0xaf978739576623208fa0178d09d3c56b7ea136ab,663.124846,USDC,137,52327144,2026-07-07T05:22:17.035024Z,0,5,4,0.783,1,24878.21925936004
17b26250-2d11-40da-abb2-80ab5a5561c5,0x97331e551c700a3f1e5316fcd439cb7269899036ade2b8ef28969124ec048368,0x2250d249d839d566b65f93bc7507ee53c963de81,0x470cac8defe85f447d783676e35d78ee827e0e1f,45.56429,USDT,137,56624275,2026-07-13T08:26:45.029370Z,0,9,1,0.579,1,51446.11631454922
629ec59e-6487-4bcd-ae3b-c654bb69781a,0x605adbb96d1e5b059c857c95fae8d547029763bc757640a214b3e5f83847ac8a,0xdad8794ba8fa2b0f66c63b69bbda94c8423e3da5,0x9ce0fdd8a8049cd73f3645a5e2ce35f9ba6d8a98,760.784188,MATIC,137,58632345,2026-07-06T06:13:23.030900Z,0,9,3,0.324,0,31540.15011071367
9af57da5-21d5-4ae3-ac87-672fb5ea90b5,0xce621fc3aa46dc81d2fc64dbfc90b72041188268d66c1b2b27d2e4dca9370811,0x603ea87652a09f74a51e8a2befdeb3f7bdd3e8de,0xc82a94de0fdbcab1ac561aaa0d3203da94c2935b,389.650399,USDC,137,50993953,2026-07-02T17:17:34.031056Z,0,2,5,0.518,0,69317.68601559797
ac7dac9b-07f1-42ad-81db-ae337b6a7126,0x8c1dfe060381a36d1b62f621ef53c667467ef1c10d656adde924d222efb8aa3c,0x419ef9f6dd24532bd16632f63fd8d10424631b1f,0xb7122211090c5ee2215f57a5652d00db7a34c09f,77.007363,MATIC,137,52191309,2026-07-11T17:06:44.033117Z,0,4,2,0.836,0,22400.76930808271
5c852a85-12c7-4129-9e2b-1305ee68b3ba,0xcfa386cb138b8ad34d5ae7b864bb355c844e0c3db530898006b3d70dd29c9f7a,0x8dbf83fab364b072bb2c861652f4dba9fac54aff,0x170581967b2c00b1ab60020b9949d3b58d295108,651.039751,WBTC,137,58668805,2026-07-18T03:15:50.031184Z,0,6,1,0.835,1,9654.547536847685
a8a87e15-17af-4c2d-b0d9-0569f90db129,0x14fc27427d6b3df088b61a8a249678cebf32dab838f2f119a492e15919147f36,0xb4b6aa76147bfce39d4c9f4b02ec5fbf76a6d331,0xe8a53e0ae392655303234eb0826ee93180219326,342.761714,ETH,137,55976851,2026-07-25T12:56:23.027058Z,0,3,4,0.633,0,64708.546486266314
2758d5f9-e604-4e30-b42c-b6e35d421d3b,0x14108d6ac45d69411a0022b7d9668908004015f5d655f5f4a9b75e48d227a301,0x3d0afb175ab54cbd21a4b81e749b710f0ddabe4a,0x56a4e705127cd7a0b56c56402e8f359ba2d46d61,134.959152,ETH,137,56988907,2026-07-28T04:54:36.034297Z,0,10,4,0.618,1,12515.119250679447
29ead091-5c63-4631-a85e-2846f86a565b,0x151acbd0f66e2e57af14c05a5637775feb5f907616d6dea1f33be39b416c7ceb,0x735fe8ef8ef2ba19717427aa27d83624ecf6aa4e,0x7215522de93d042a91fba6db904dc9972e6d359b,922.100328,USDC,137,53161370,2026-07-04T19:19:41.029161Z,0,7,2,0.865,1,9254.2908635074
a557f29c-5e42-4397-9cc0-3ec9f439479d,0x16b9a6dbbb783ff87c44ffb550e84056ba29e00d0c42a790bd50f7e12795a07d,0x731d32231573af2990381c8b41e30fce340be4c3,0x4718fd7339d6070db546f8f32712c3576e6725ca,785.150671,WBTC,137,51049942,2026-07-28T13:49:24.032412Z,0,7,2,0.43,1,54486.52105925023
c358393d-638c-4317-b563-cedf08752ec3,0xad8157ed1a15cd69a79b148ee31df5f0fe9a8ee707785ff4653d2866316ac815,0xe41174c7cc3af10b0b306991134b9676e343e752,0xa8068dfd947633cfe25e9457b1bbf7b06ea5206e,905.62522,MATIC,137,59069452,2026-07-18T09:16:36.025848Z,0,4,2,0.477,0,53530.98868526876
5d1e0cae-f463-46bb-a394-97bdc903415f,0x709ef93d7588ef21329a34bacc2c0a39283e2d0af408b3f4a4ea43f90823c7c8,0xdf034dd7a695783fd3f917950b3b1e83a8c87c45,0x508b21607f03bb95843e57048f0b312cb0bce9d8,60.984184,ETH,137,58616243,2026-07-28T10:34:25.029150Z,0,9,3,0.627,0,64471.69770558943
deedd099-f176-431d-80bc-06cece4a1362,0xecba20d6c8c245a6c560ccf304f478045db76daf84371c12fe17042a8c172959,0x000cec1d6ae287035362d46aad8df06d78bf30f6,0x2d977157349637e26268c390ede6888a7a891248,876.096722,USDT,137,54006154,2026-07-16T07:48:47.030236Z,0,4,3,0.834,1,78359.14782225537
527b27e0-10e8-4e1f-a455-4c87ac7b617a,0x37858a8155613b8727ac2beb51ea4b761d78909828c472a61b8dae44d0e71868,0x05a39fffe3b22175fd4ddfbbfb522198296d178c,0xd55c90290c189f6aeaa3f42169c5292856c921d7,760.778864,USDT,137,56961328,2026-06-30T15:13:52.024776Z,0,4,3,0.644,0,36998.247328334925
c53deaca-b846-40d9-882b-2ab9c0dd4162,0x8c6b2d421cce4b377cab3a380d12b23b23a31dc2b2c8c3f80e947aad9fae8f3f,0x57be629a592d6b26e6a8dce27d964d2d58bec31c,0x8793f45186dd5dc59988c700c2d5b52db60530fa,179.3208,WBTC,137,59337623,2026-07-13T02:36:48.024530Z,0,4,5,0.644,1,47499.78858325347
f19eaa92-2e24-42ec-ab8e-0829a9d4fe54,0xcf56fe2a0934084a54a4771765eb1d5d2c7da1f36e496fae31e5db81681c5ca4,0xcec33e777f81585a69cabfec11c7314c20c37ffb,0x91c0958c1c910f6ae6cfa2d0cd9f06fb074d8f00,444.492564,MATIC,137,59474065,2026-07-25T08:36:17.032959Z,0,9,2,0.97,1,84525.6706989159
fa4e223f-043d-4927-b758-62f9268b6c2e,0xe53ead9d5db95355588b270988583817ec13db3b9a722b69d7e048238a15aba0,0x25004ecb70bd40c56956a2e302d6aed4948eb7b0,0x58cc34387fb52c357f29526d97e59a65c310efdf,515.485023,USDT,137,50647251,2026-07-18T19:27:14.034310Z,0,6,3,0.924,1,10114.25296268718
2932adaa-d36b-4fe0-ad50-45960c127667,0x3103763061cb80135de4d8aff9dc5c361aae48c8741b1b76faa7e8748cff668b,0xa6bf5e125cd5abb05c9a0dfa298665a52dd7aac9,0xf15543dd91517a61674175b638d454c7d4bdc32c,147.650891,USDT,137,50559588,2026-07-01T19:08:06.027515Z,0,2,1,0.369,1,57875.58544222305
9539a7d4-6841-4eee-9b36-55b9bedaa10b,0x88f8e138470dc1d8ab1bcca978f48ecdbe696f405f1f4d43b6874f3f280440ce,0xbe5dacbafe36e67144ffa5335b21af245d22a0d6,0xe893c64320011cb9c8a950faa2a152293ded8c2b,622.912763,USDC,137,58261255,2026-07-08T14:05:07.034549Z,0,1,5,0.713,1,1454.5826228306084
c4c3f6f3-d9cc-4cfa-b7ba-08c08e8e7ba2,0xb498988459c49eb9dc453d6d51b5d0acc199aeb1e83da9ff6432b2f069665a4d,0x07f70fbcc07ec703099178656335b2a3a40f0e03,0x369a6c60b09727b171aadc260c30004aad7236ea,495.532214,USDC,137,51133853,2026-07-27T22:01:24.024788Z,0,3,1,0.842,1,48081.688000470254
23a979ef-90b9-44af-b2ae-be1c9054e895,0x2b0f24706b56c80cf815a7ccc4b44c8dc5143b03fa8b0b65dcd103e4c341732f,0xba8cc58d51f964e17c23b588b85bc473085068b4,0x54b7b1cd614fba69ec9e55340cb3c08008806900,417.691163,USDC,137,55976967,2026-07-05T14:47:08.028069Z,0,10,5,0.825,1,45849.77702171518
a30c6f92-3767-45c3-930f-99fd9d9f180d,0xd68ce07b0e0b4acc68dfca6f2150465e3b6806e41430e0446ef80ca6ba1195b5,0x6d4fe94c61880af2dda5d953e11b0055a83d5911,0x84ad6430924b55679858aeb1e642df92a0b027ac,436.643797,USDC,137,53039165,2026-07-06T17:48:02.032319Z,0,6,4,0.587,0,73208.85642975551
02ce612e-9e93-435f-b274-005c499b640b,0xd853da5df9a06ee34dd81a352273c6172d61eaaac58ee1f881aa92e2eb30f5aa,0x6424f2f18f60e6aad893fdac4d9ac0774f1b134d,0x46c6d7907a34ebfc193ad3771ee27e474781e40f,327.746324,USDC,137,56202281,2026-07-02T16:42:12.034390Z,0,2,3,0.595,1,73351.58997180974
6970c408-5f75-4bc9-b77f-adc30d59d863,0x4d68a1a7ba06a37317c7ea11a14e0a3e47e4304bc31d471764d2a5133117b568,0x2d21dd2921b03fec1a3aecc28c5ae6549d58ff11,0xb8ffd30a03d0a97bf6bfa48d7db95ba7a86086a2,145.864805,MATIC,137,52954929,2026-07-24T19:50:06.025316Z,0,6,5,0.611,0,58485.70717678285
bb657968-5e54-4118-a8b4-6cf772199fa7,0x12bef2273777646a864bd7c473d1a448d835193ba89303b1b4cac31852b04746,0xef7092d32cea6a57555578b88c6d0632e28eeeb5,0x12a4c621a20ff502933a57676313b75694c144fa,414.08558,WBTC,137,57601016,2026-07-10T18:20:31.033185Z,0,5,1,0.726,1,47234.446895165805
0e01e9ac-7549-45db-a1e7-8fb75df05a61,0xf904e46a589c9f41e8af8fdd67577f9cd89dbbaa83ce5ebdef971eaf436681d7,0xabac36c477fb27f9bb1548480340dc91b77f6eb7,0xde611deecdcfcf4d2690541b535ea8129643599d,317.368163,USDT,137,59916566,2026-07-10T22:46:01.033028Z,0,8,3,0.999,0,46977.72997760927
595ff562-f8c9-4949-9e53-d60d56e4f5de,0x2171bd6efbaabbfccdc131bf53d014c910f71221dc24c297ed9099d311ffae0c,0x5591a07e66659ce474f26bbf0683f19c92891c4f,0xf7a93fd2cb8d34d3cb8be3ae1aa4b403753c0f48,130.913567,USDT,137,59192247,2026-07-03T10:56:31.024592Z,0,3,3,0.961,0,6229.778281567965
e6b39471-1fa4-43f6-9a3e-30e788420867,0x14a3ae5d904120c8c40b5e97cc67f6b6db76e0c31047af4a2ae27df7207ef100,0x0f0200bb433f559d163e8b5bb8ab730db9cdfbd5,0xadc90ae2c0080f1c7bd0ca9432f06eaa98623cb6,792.790424,ETH,137,50678243,2026-07-20T18:57:34.027804Z,0,9,5,0.508,0,28579.050330046237
670dad0b-9e02-44c3-999d-d85cf533fbc6,0x72a6a33fdde03566a340c7bcf4ccb14f1a6558a4c1635dc2903f0365720b66ae,0x66d866b29cedf499fcb221f7a742ad2a0cf08850,0x2dada7e5fc6c5183f8338ebb79bbcd25a86597f4,597.867797,USDT,137,56329843,2026-07-13T15:52:07.033061Z,0,5,4,0.611,0,62877.90892844751
e28ed4c1-e3a7-4f66-9423-f222fb93771f,0xb445cf22349be7d25b8b66b165ed962b582b46f6ebeb154f500c4932e6d8f458,0xb19d8e2684e19febfd23626e75a8dfc354e94862,0xe15137acd27227cde21a09c5f58acdbd0926487d,368099.894618,MATIC,137,55392687,2026-07-07T13:36:29.035661Z,1,35,11,0.372,1,23.126580318392428
02bc9664-20d4-4616-9af6-5afa551bd7c2,0x1c1cdeccbaa77a6cf9cf22e362ccb836365398ad1c9329f04487c74805e4166e,0xdfd9349dd06ffa13921358595abc6ef7114402e3,0xab980f4b1fb526c6ae630ba124e5fca5a17e1ce9,490.371756,ETH,137,51726054,2026-07-25T23:55:20.031889Z,0,1,3,0.562,0,72072.41581538497
5373ce9e-90dc-4779-a126-84fd0d478d37,0xba593074c39c0df3135f5df059fba786b45ac6f60ec92595e36bbc95b4b1ab01,0xece36d94e75e54801a4b2b7e89cc24b4aea15531,0xc6db08ce09c3a3c07f86430455dc69ff66bad3ed,305.575005,MATIC,137,59310011,2026-07-20T05:33:51.034583Z,0,6,2,0.616,1,8422.49605917597
a5e664d3-ac7b-4451-853b-3f2f3c154b57,0x347d91144824ef9586c3d2d9b9b07f17b7dc6360b9b8da2395b8220105f571fa,0xcd3207befb634d4c1c9e3b3f3cb91234ed49b572,0xcc88776120a99c3a8e3a1f765591ffed19b9551a,594.933752,USDT,137,51147695,2026-07-08T07:17:20.031317Z,0,4,5,0.731,0,7490.455683112916
c85d2820-acbe-4ab7-9687-711dbb93da41,0x084f7f3d76a05a0d06158a95bd46df2446401aeb40faa8a2e74b91acdbd2a68b,0xc431d7edd811ce3d481326efd2887f3ec2f85f2e,0x144a8b89e6665cf6e68b55dcae978bb8bc73b345,1.148026,WBTC,137,54541896,2026-07-11T15:44:55.024542Z,0,10,5,0.702,1,84335.92801574309
ba041501-1e2b-401b-bf93-3f15730d7926,0x05021bea0690d34fbe052d61490f62e1e116cad2471b609c90b995f260f190b6,0x7187c757461fa855288c13c5600087517e7d0b61,0x88940f6f736b46d2415b1846cc89e8e8b47225a6,480.471172,USDT,137,55503085,2026-07-28T11:21:21.029138Z,0,10,3,0.852,1,79662.64003469498
3995ddc0-21e4-4f1b-af9d-0db9103e6cd6,0x66fa49344760fbf275c92a3a2bf7f7ad1380afd9566bd8f044b6107bb6be6502,0xd548247dec5c1facbb9932c90627bd0a6cad2d31,0x620b5dc0d2a6be3584a627620c27b520a472a70e,905.270978,USDT,137,52780611,2026-07-18T09:20:54.026663Z,0,9,1,0.686,0,23373.79153991242
3346bfbe-a431-45f4-9f79-927d888be35b,0x8f0f55e08e7ebec7876356d315b67a5b51a8f08fb441891f9101d00fee4753ee,0x1217364a6e0b937a3803d669417c29243c24dc53,0x1fba82a863e9df978424c0a2318a4ebc55d155dc,904.284589,ETH,137,53860747,2026-07-28T07:27:26.029689Z,0,6,2,0.875,0,9066.677965583354
3a081b75-1ef7-4770-be2d-69d7a8c38cdf,0xadc0b0c9361401f5b1911e8456a660853f7b2fed5720e257087d78a654db6539,0xeb136cb20e06c5d5584d1752de54107a2fcea5f7,0x8717107c410743a6b48e5ec3444d079ff1f126b6,338.874609,ETH,137,55334646,2026-07-05T14:12:02.027644Z,0,7,5,0.409,1,58003.73774948213
a43af5fd-ff81-4ee3-94cd-e079320db64d,0x5868fcd773d50d908db70ae0b35bb4f799a284a9e47433f8cc342d63becff184,0x811be9f4912bb1149869cab34964d8915c7e3b25,0xb3e166d9572a59a76a0ce7629172b794a837e442,113.972619,MATIC,137,51421935,2026-07-15T18:32:25.028579Z,0,6,2,0.553,0,17548.543189419557
b9d15586-3daf-4976-9c18-8a4eabb2c334,0xd09247df5ca320aa95abd3b2024563dae62b67862350edaed023466b0000642d,0xd521d496fc6e32788acf22895dcfb69dea33b572,0xddad1b14ff4f5abc1253d8150e1cb54a14f7972b,201.419471,ETH,137,55265668,2026-07-25T18:49:06.028543Z,0,1,1,0.689,0,36851.54128011064
5f731289-a817-4442-865b-a71178b08328,0x8bef7030bf39d17912088f57cf395ff7915b50d3f55c277716bd86f8e125a0d0,0xc531f825e4bc1f00fcc3b3da9463972033d9b5bd,0x1bc1819194fe4c0d270fe6af9e7d98cf36504919,287.822418,WBTC,137,50335166,2026-07-01T23:24:21.028338Z,0,9,4,0.596,0,55418.8041178477
e52159ad-b893-4c0b-ba56-4e4c3f6fd13c,0x67d7dd5734c3be8f0b1c6d7cac56f76ea8ec8b33d99d3391651bd0cdd7286d17,0x6c379097584b54468ccd8f853b12055051c3955f,0xcd4f555b92d5278b426145dcd9128b8ab7ba1e4d,271.413858,MATIC,137,59083774,2026-07-15T09:59:22.033356Z,0,4,3,0.724,1,2254.588539994096
f48dd705-7dbe-49e8-b2e5-d0bf8e327f28,0x5c30c2074ce96ffbb1dbfb3f10d84146a63d05f5cfd277939db4ab674a064c8e,0x38148c356221697ee593b22cf2df2f9796321d11,0x985cfcb8c8c409bef0e481014ee1b8478335e351,673.857886,ETH,137,54648163,2026-07-05T14:31:54.032024Z,0,2,3,0.87,0,42302.128501758845
897a0156-9c4d-47c6-96cb-6d14dfdedc3a,0x9cc99083da38b132cfc2004d09d3f990385f8f1315e45777bd93d23b959915eb,0xf380941124794f2eedb9274770154239ba739f37,0xd3526e2a55cb8f9ac6922da7dc0d028b2e85c498,782.951208,ETH,137,54520463,2026-07-17T02:51:46.030042Z,0,1,2,0.397,0,54429.46861809761
e3920bb9-f385-46a4-be10-e0db7aabdc0c,0x0f1bf64dadf3330af953fbe4dfe3673015e90c22ea621675a375362abac4e25d,0xb058bfc78f2df434b149861f45b975e0879c7d7d,0x827f6bcecfe1f82a2419d865ba4ae0cdebb4bcc1,805.823666,WBTC,137,52044239,2026-06-29T13:23:03.034560Z,0,6,2,0.699,1,24478.46838913971
44a15907-9cb7-4405-8857-079e30bad061,0x440489abdf245af93d1c59593cd964e807f7ccff82c96bbe935e4527a534a84e,0x027d6fb5b69899dc7ae5c3164f554da04956d510,0x5696cda87300facd7bb951ad95b772f6ed303ad7,410.539217,WBTC,137,57173666,2026-07-08T11:19:55.024764Z,0,9,5,0.738,0,46581.0010358155
028b46b3-6b90-4226-93d9-41567e1def9d,0xccb6f33fd2fe775e5701db7e7b057488e22fce981ff7c78092e0f911046b595a,0xb65bd5cc971c3e1f3e3e5f952ea51b7c6a1133dd,0x3e3d334d2848a8e58e3f0a58531af0cab6eb9bc4,901.103334,MATIC,137,54219409,2026-07-06T18:18:50.033917Z,0,10,4,0.89,1,41307.216536287146
0fe03ba0-a966-42b1-870d-b6136fafccb8,0x94d4240560a537338f427ba9cb4e994af91e8bbea131a85d1da580403075dbfb,0x0773cd751adc95121cdd09471303c0938ef85f66,0x12ca28e3c92bbedad93777c65931a9a1937fd6a6,0.129324,WBTC,137,53565314,2026-07-27T08:40:29.035102Z,0,7,4,0.357,1,12545.33953146019
2dc4a2b8-3db1-4a9e-8d61-00b3f52f2c8f,0xe727590cd8ad6a986a40a4d5a45d7e3699357afdd90e7941c8ccc8cf25cd23f8,0x854ee638ec62f0be3f1dba7cd14997b0ed17f248,0x0c3fc91eb92701bdec96fe5292e151ec91bc96aa,0.498152,USDC,137,50120010,2026-07-27T21:24:17.030031Z,0,5,3,0.444,1,26697.794529100956
bd40cf18-a58e-4da1-9840-463020425b9c,0x269b55a66207d35188dc8912d77b6d524aea43099032ce52f1e2348c840ddc4e,0x7ea6fc4eac1b479a6233822094d25282551cb93f,0xa083dadead08fa12b75214543185c963f1f62f3b,411.535036,WBTC,137,55767924,2026-07-02T23:29:51.026735Z,0,9,5,0.761,0,28694.68176260567
417193df-391d-4e9c-8f1e-ee979bd3f229,0x6f69ea4acbd78e3633e53d8f55ef6b511a55323afc2f22953388a7f0794698d8,0x1ac870cb65c001f5cd0ba9c3eacceb9e3eb46977,0xf159024b040b7ec9860a4ac3cc53d1ee8e826b5e,300.902778,WBTC,137,57908523,2026-07-14T05:22:17.031879Z,0,1,5,0.689,1,4082.4118324555775
5406624a-4449-4b5d-a205-dc23b7360b38,0x9f972362f93e3d58845f83229e9b7e539b91f6112fef565c24c16636f6a3da71,0x729767e65e26d153e9fea406c8fb98f2a772cfc5,0x050f6c3c34c272c2fbad4609337853b4bcc7ddb8,795.256042,ETH,137,50523664,2026-06-30T12:57:19.027793Z,0,5,2,0.897,0,81806.32647285114
690d96f3-0e63-4212-a42c-a7314789c069,0x7d74aaec013ae99737e3eaf06576c7891b32a9440e77def6804d1d8da88634b1,0x6742aa9a07a21e243640d77c95749da35e5f19ad,0x25b15bb4b8e50afd5223105ba0c324e23a823df6,270.511281,MATIC,137,58538777,2026-07-27T14:24:41.031090Z,0,10,3,0.784,0,77572.69970949122
2e055208-9fd0-457e-aede-444d576a2db4,0xfee149e4efb6a24c89a906e13758f50fe8eea57cd20ef8c3f0aac8272c7ba759,0x7fc3041c3f58e8b6bbb70ece063f0a07c09ee772,0xe57f05486d65404a11a5130acff5f975bc415f76,328362.844386,MATIC,137,50494548,2026-07-14T22:52:12.035629Z,1,73,88,0.319,0,53.65268797138291
a749ed25-f1ae-45a1-b8fc-e974d661a209,0xbef2437410a04377708e75e510bc4af9968f8577181de45fcaa87569cbb38bc4,0x42e602ef3480220f2f56a9d9969eb29a1f5d6ef9,0xd36344c05f51d1905e9044cd1b9e1a1b4c23b799,334.511275,ETH,137,55837201,2026-07-07T13:30:36.032150Z,0,2,2,0.854,0,18311.586229364842
62d65cc0-9f62-4db0-81bd-1d00f7ceaab0,0x2b04548ba480596fdfcdaabe14504e62e6167365e48ae63bcc93fe0c0aa2a264,0x2f17125b8476c2224879ed67cdbf885531b67ca1,0x425c554eebe756a57cbfe56d27ff1d033c1f1d78,334.763378,WBTC,137,52297873,2026-07-06T19:37:07.024325Z,0,8,4,0.908,1,80585.71415496056
45291bd6-8681-473c-8a5b-fddf9ee05b27,0xc0c69f6cec8c16a03b2cb1fa2b0b3615119ff3061b4e6f1d13808f17c06ccf1f,0x1039cff63a127d4a35db594dd2d88dedb3135a82,0x66b4c57370b5cce79bb5a2d097c0d84a80050d3e,173.601759,MATIC,137,51099421,2026-07-26T16:33:10.025160Z,0,9,3,0.847,0,13641.665900477487
e9cf5d91-8cb5-4778-b866-95e5d813ee9a,0xb9bc7143acb0fbe692b682af29731fdd208fd1dd75662aecfcf877ab037898cd,0xa92e37a633a036976c9d3f5dc4b4070f2ca9a8ce,0xb9f9fadb424e1f0469d8656b7c60c25ef2107913,53.942481,WBTC,137,57147796,2026-07-11T15:45:42.027308Z,0,8,1,0.773,1,84241.95786044544
e84b6209-5859-4ccf-9298-11b6d8ae92d7,0xd7c97976bf8cd55fef8825aafe2d2002e744e2deadaa2cb7ae84d0d3f1232f02,0x7be408ea1d9c31c738d8c9f47a5b53423a5ff89f,0x64b757a89127c717eac74b96dce8f9b7ef596fb8,497.640152,WBTC,137,57262219,2026-07-04T19:17:05.030575Z,0,8,3,0.646,1,33557.92699663345
dc6d4361-9d7a-4c47-8261-e5d0b9437e5c,0x2c55591747eff3324f725677ad1f60e29dee53103d8d8d2e27f7dd5271b24718,0x2d0c6b12321481640466887c52c3047459163004,0xae35d69aa7a5a559dba57510e5b1390e2cd5f259,808.604653,USDC,137,53680306,2026-07-07T15:25:15.034052Z,0,10,4,0.773,1,56925.2344289542
9c217f12-c9dc-4eff-a855-7d86cff13119,0x7ae965dd26e613591b8f576fa59f72202e07774c7856d6c99f4025396fee9c7f,0xa1341b0386cfac1f68aeb4cbd29aa2ea3bd6a5be,0x36692270b7a726ec14c37e0e5d13737dca2c099a,316.610762,USDC,137,58641247,2026-06-29T10:11:43.028384Z,0,10,2,0.423,0,62356.48870454809
829cdb97-365f-4712-b7fc-e36bad981c97,0xf136d1d88a34a54fc354442dab1e775408d34bbdf78d41c014346ae41046a70d,0xe81713472162d596e4f6caea535d44f755766b2a,0x1cda54072210c9f1e455cdb3aa1f954dac75e6ba,3634087.654467,USDT,137,56733691,2026-07-20T06:25:14.035548Z,1,177,30,0.633,0,25.25083146113076
7bfc437d-66a3-4c2f-84c8-0b85d17471f5,0x5a4a980c9854847b1b4f035fbc5f16f0930682555b8a5aca83e178b38df7475d,0x32bda0ccdbf08f36dd3b0c8e282768f45f25bc9d,0x32769ab91696a60335ced4487ced4e2f70ae5dc7,3196353.812526,ETH,137,50812273,2026-07-16T20:50:44.035926Z,1,35,65,0.634,1,30.942234677157668
eda4bb52-a038-4916-827d-51da892cc458,0x16a69895018b8180623cc57dd93eb95c4dcd9d185a6650b160d57ec31f49d2ce,0x24f467a67158a4ae66e1b19fe368bb94be0711fe,0x5acd2afec2f7cce81d9e80bd899fd0d33d38fdff,779.909728,ETH,137,55839697,2026-07-19T19:06:19.028429Z,0,8,3,0.794,1,66700.98868283433
b4fffd3c-68ae-47c0-b3f6-53b33690d985,0xb2edd1a4f5f47bd745084e651d6938be2a8e160a479c6014bab6b07c8850296c,0x76c176bcfb08cdc010b49c1856898e418dac487f,0x49b88c913cacd3b6b25d32833b0d70f7c67822e7,9.723028,MATIC,137,54356369,2026-07-24T16:17:56.025655Z,0,6,2,0.731,0,71043.87212795159
f767a12d-2249-4254-aad2-ac3b1b821438,0xa852017e5ab6b476c4b11aa34d7f6ec0f5a72c22aefe6ee487ccbf529002959a,0x3f59c3e9dd91cf6061261ac74ad9e4635c32f542,0x6e95f60dd9e416e435e931fee311c0870888a24f,230.893153,WBTC,137,57314049,2026-07-01T03:15:45.024955Z,0,5,5,0.359,0,14165.310566535714
dc91d4f5-8b33-4f49-998c-92e81d529683,0xd14d7a3bbad76325f97c87b1ea67ced0767682a300f725230a29bebd2c026122,0x4f1df1172cf467468d7802c8f912c7e24bb2527e,0x3b57a5765cfe7da55100c6f9e3402fe0f482ddeb,649.977938,USDC,137,53954498,2026-07-23T10:18:56.033275Z,0,7,5,0.916,0,52947.664162001136
e42e4807-e10c-4f13-9278-1913bed2e3a0,0x9673603aac182bdfa7355ca6801efd3cb68a1bede560d62e590eca587451e6db,0x13f98caee568849cd3b5d30a6ca9e96d9cd4074b,0xc159ea0cceac4c26458bca8ece020529722488c2,817.400156,USDC,137,56359761,2026-07-26T06:44:47.035343Z,0,3,3,0.354,1,73296.88774606318
66ab2371-2bd0-4568-947f-6fba30c2760c,0x481492813e542315baef902cc8a65c3d4f018ad946484d58e64e722ee9abb140,0xf072eca052a45e619de9dbc32fd6d8ef1617d098,0xcb0354af3352bad7958ec901128f5d1eb440ade9,468.809697,ETH,137,55743176,2026-07-19T02:16:30.033637Z,0,6,2,0.323,1,26160.664709448993
8a12c752-09f3-434e-a56f-1bf135ee5124,0xe5b2e6ae1bb465af79978b41cdc099b233d23c29004d146d18a3e21c9d16b009,0xf8cd7526388bebf41f005c1ca447ec25882a7165,0x235dd37a0bc00a6f8cffec99b48688b01c23d679,781.052071,ETH,137,59864933,2026-07-12T08:12:55.032434Z,0,10,4,0.595,0,79208.64375475961
aae2cc68-2a4e-4b03-9c83-14f2cd0fc076,0xa337f57a971b2ab32611787c49d5931b6e075350179e1162e1625d397a0e0b9d,0x3c20bc02a9e41332464e05e453365774da057df6,0xac1a461ac854e8e963f79a7453c95f1601e3c794,695.167373,WBTC,137,52353655,2026-07-11T20:45:17.033659Z,0,3,3,0.801,0,24053.271955595093
9946ec6a-ad9f-460e-aa69-dc05636d0f6f,0x3c6483348fa480fafe66eeefd317b00630f76a6b9c6884e270d3defd93e37cb3,0x0fb20884e6faa210e805850f8f031ca9d0f1153f,0xa42974ea48b898eee09f70df3e546b877f9b1f3b,974.882675,MATIC,137,51902667,2026-07-17T14:37:53.033837Z,0,3,5,0.942,1,10044.815571579718
c14bd4ea-6138-47b1-9511-27e506ecc167,0x0982cb27a588f948fc195dec5e477858f5f1494b51eba9bfd8b1ecc2418bc2c5,0x57e60e53de6023864e68306050f3fb7e2ab7e74d,0xc5daa3234998d6d3a4242732807f67855b8f5b39,5.861053,WBTC,137,53630981,2026-07-07T20:38:13.030168Z,0,4,5,0.762,1,57627.71112021954
4c7ced32-cb3a-4722-90d5-03f4b52dc24d,0x2190c97061e09513795b21bc9511dd4d4e5df406e246d84c8a441c7247e64c1d,0x310b06ef5b20f8dce173edce3b11f8a79df99902,0x8061d5d05d7acf2d745fe781e837eee7d954024b,359.931166,USDC,137,53508445,2026-07-12T14:48:03.028590Z,0,1,2,0.875,1,12909.076045294116
199f80a0-3fb4-4a7b-a478-3fd5ea355370,0x4db13d8ee5ac302bb762962388d39fa247578facc6abb9e8089e898748b4d83c,0x2d08b43e3717fdf9ca678ac5e16334d93cb82046,0x08026879c52549fd789463d92a9898f479678b94,564.151276,WBTC,137,56986917,2026-07-08T05:21:13.033670Z,0,4,4,0.478,0,60636.15605139311
6f7c095d-bba6-48b2-aff5-c52b81927316,0x1452261cfb8cbd0ba2cc5e598a9ebba43af464600e837f68077c86deb2fe120d,0x2132b0042a7bfbeff437f0a4c6f83c49ff21f8e2,0x2a3bf63a3e378da0cec75f7b252258f52ae892e8,62.106543,USDT,137,54524740,2026-07-20T18:03:52.029885Z,0,6,4,0.718,0,57231.78552682481
8c127fad-0a0a-4330-89e9-5e2d6d242682,0xe4c82c1878ed0561077d676478f314e2f241d51b2d28b6878d1bcb77fc8a746b,0x355681a2727f79953fc12303b5ea46bdb6a102ba,0xd1ffac7474ba43d06e70daf62fcc6babd905b6ac,662.781619,MATIC,137,53278954,2026-07-09T02:20:06.035166Z,0,2,5,0.763,0,64407.54609736905
e784d679-041d-4a2c-b397-c354c8349b60,0x168f8edb36d4be804887224a17d859dbde4909262740153ce5b25f8a9a2a6039,0xaa836b3b553389e25766c0d9a0eb140e487e413e,0x9475173b300a8eb3376b1998f4b9f140297a574c,800.698747,USDT,137,53129628,2026-07-28T01:54:37.033536Z,0,5,2,0.634,1,18011.654498430256
ab88048c-b4af-4714-91de-f6690dade289,0xcf8776db2d6f2f11fc4205a450bef759eed48f72fbf220cb97e363e84e6a780c,0x4ee730f1d7aa20a63eb6aba9bf0635bce7107998,0xe6209146c5f0bfda638b54b6a38fb241e8647528,480.115859,ETH,137,56059285,2026-06-30T14:57:50.029952Z,0,6,3,0.718,1,74913.60402163309
0268c0bc-2874-4952-98fb-b652ea7ef40e,0x0534e2beb3df1ff6088ad458fbea12a45a6a8a7776c604124b1c7a1a96c7b245,0xf75809ffb4d5df42fdde745bc889e81a6c47ef63,0xdbc80503848d8e12a7d4a67db70066e106ee09d9,610.768827,ETH,137,55060773,2026-07-25T15:51:45.024077Z,0,10,4,0.355,0,72845.76079733312
56b0e16e-e141-460d-80e2-23773f042304,0x025be12b87cde4e5adf6cc80c0c0868184634aae8a7c040c1dfa3cff97ca2821,0x53d3dcc76521399253402c0331fa1d3c386a5e3e,0x5dac4f594612e3eb36c6c1e9c44a27bdb47d2f18,660.386582,USDT,137,55944770,2026-07-01T01:00:18.030271Z,0,2,2,0.925,0,3934.424170920575
597464f5-8436-4d05-9063-4c00fc9bf87f,0x62d8bb8b17306a31c79aef01fe7641543cefeaa58ebd7b71129deba7013e97d4,0xc30f5bccf5c26d7cf850eac9f2a0c8f61e430ab9,0x5f31e044d6b7635618048d5a47055eec053bbf28,368.06294,USDC,137,55244560,2026-07-23T21:30:28.026500Z,0,8,5,0.44,1,22351.924282991997
b006b61f-73db-4877-9fa5-859cc00f0b9e,0x8f9afc96d6de7b8ef1ff923e25e41f3d3a491f49342ff6d55f42ba59fe9ad5e9,0x555a6b561a9f12e07e78fa79116fa56d8d62aa6a,0x144d32b2aad3975d2799fdb3cea9a6468c5730f5,859.541885,USDC,137,55390682,2026-07-20T01:36:28.031589Z,0,7,3,0.461,0,75692.64258090459
70f3294a-90a3-42dc-b250-c4d5cebbb6ae,0x46f7ea7c1ef271b0a9c2e7006d591f088a49623403495c3762feccdffae0e58b,0x87764f1393b76d7de5b38a5c7585c29f1f8cdb5c,0x11b3df7bd48a3068e93c3e0014795dc42341e1ea,47.214981,USDT,137,53436596,2026-07-17T13:53:17.030191Z,0,3,5,0.584,0,44780.83818336726
b76452d0-160a-43c3-b2ff-18dc36137058,0x9d621cf694d423c7ae3b3f9ac125a1792a08707b2a8439b44c359ae5f82c365f,0xd98d9a6021cdb1ea5fb5f5a4c4597ba255f6fc84,0xe969ccf487c01680635e8304432feb1f8ac73b80,692.125519,WBTC,137,58756862,2026-07-15T22:13:49.027747Z,0,1,2,0.502,1,85585.27922690957
5c71fbba-d06d-417f-9ede-2bef6040c2b3,0xbf98fbd5c19f43113f06f7192607950a0ef1aa8dd35e6935b00ab95e624de93b,0x83f3bc1039ff65c918a9d895aface446eed3d373,0xb820ea1470e3e16a3f7f703edac9f3dd45bb9eed,782.845531,USDC,137,52164296,2026-07-04T10:13:34.025896Z,0,8,5,0.679,1,71002.1638903885
b25e8cc8-1ab2-49c0-95cb-fc775054bfe4,0xd77bd18bcc67cf28b9d5edb335987e72f03e766dcf460a2f53a926491710906e,0x00344f7f47426148ac3ea795cc83dacd7a4a9011,0x9d6f16a26090677f49668ed6c4307e1513630051,370.34846,USDT,137,53685013,2026-07-20T14:05:15.028671Z,0,2,3,0.87,0,84207.65611534276
c6873bc3-e9e0-4e5e-8fa7-7d4ed288d956,0xa40d7d61bb8c2c61d5683fa7225c12c00f23ccda6253e4973047f36bcf7e11cc,0x8e645d92b6696b52a4b39a9300d3fd6be987c80f,0x4663d67ae05d7c0ddc0524bbc60d952ebd4c41bb,614.707904,MATIC,137,55724768,2026-07-26T14:17:36.030553Z,0,6,1,0.555,1,48944.43816901083
24f47546-a820-4188-bd6e-5f1778bcb503,0xe5404f4ad0bb014ded7a1cacb050085ae2107c221171507900f333920bd4a998,0x9d9ddc622ab740148adab9b74c93643a518ed3c9,0xbccec42a25daeb9d82a8b4c112dcb8a85a8a86c4,716.702039,USDC,137,58883530,2026-07-25T09:46:43.035154Z,0,4,1,0.807,1,40939.550265598235
adec6c4e-1828-4b68-ab28-33982e45f87a,0x43362da5cde9691acf5957ac8e2a63f1dd600828f1b4b68413261e72761192fe,0xb8806c520a46a88bfcbb5bc7c3297c427095daa6,0x8efa05fb0c3b27c705959343f4c6a8eb419d8491,619.955196,USDT,137,56043379,2026-07-25T19:57:34.028079Z,0,6,1,0.679,0,13697.465752830572
a210bb50-c86d-4ae0-89d2-64cbce474991,0x099807b2d1779c1b8ebb868ee000e8d29e279a92a966ba4898ea50abc6e7300a,0xf3a6c0678d775b7b1dc106ccc0fcccd90e9ae03a,0x5ea6ce51ccb72cca88023561d2b5d52c1e90178a,227.289955,MATIC,137,51534277,2026-07-16T08:24:37.025496Z,0,3,3,0.767,0,48301.40106840195
c694e6ae-4f66-445e-aef8-3339cb6f737a,0xa454c3636c8f8dc8db0df7f6fb0631542862007ba89d0b47ac26cd3cac162096,0xa98b822fdb6407f6fc18cd072f539966707c8f2d,0xdaccead873b3cef4655e61a5c50852de943464f9,171.056376,USDT,137,53474593,2026-07-02T05:54:45.034526Z,0,5,5,0.882,0,31463.701651249223
97f89c3a-2ad3-418f-838b-132b868e9cbf,0x3ffc727ac6317c2aabda2057cbd5af1b793564545ad0a3a7375880a96845e7fa,0xedef373a0ce7ae0020a82050df7ad70e386a8aad,0x085bac065c484dbbb59ea30c0b3aafcbc0ef989f,432.204806,USDT,137,52796576,2026-06-30T12:36:50.034434Z,0,4,3,0.486,0,67605.55065462338
8c6f98c1-612e-4392-bed5-b448005de9d1,0x76717a94107254aa62a41be279248469068761cbe5767ed9da85bc9c4661ad8e,0xe987c2a844f40e856c93e0891af50ae935234057,0x9479b3127f3708ff014cfc404b416869600fc43d,984.906211,MATIC,137,58940139,2026-07-28T04:28:54.033547Z,0,7,2,0.377,0,15628.132988602836
14cbf30c-2707-4cc9-bd4a-5860a7769cd4,0xbe333cbc7ab283ab605dd858eb3fc2797d60023da3c0225f642368437556e682,0xd5e06259d22ce980a7440c76ddb627b9d472e586,0x636b8cbd1690eb51357c102f36e59a13d8738db0,690.066489,USDC,137,57496961,2026-07-04T15:38:29.033367Z,0,4,2,0.36,1,13591.46578337503
c38999e0-7d15-4205-b125-7b152629158a,0xfe17ef5db72b9a6cf18a62808100fc8dac415568420ca6e84dfb71e55b10798c,0xbd388c82ee58a437cb11092db637c0ace05b0718,0x66824045c57490451cc6f367dd11ad621c2a2b92,999.14591,USDC,137,55920989,2026-07-23T17:02:26.029003Z,0,7,2,0.398,0,48776.17024207826
4e89dccf-b966-4a6b-abaf-293e0364cdba,0x65be60c8d96267705694ecb752cad4be20a5df7c4e4b5713174463143878a166,0xbe6d09b0b6a36a24e0acbaf71d7a001caf788bad,0x255f566ec57f22fe949a9d540477e23ec49ca9b1,610.807072,USDT,137,58209805,2026-07-02T19:13:15.034196Z,0,1,5,0.405,1,21259.869133220174
67fc34e5-fe7b-4224-bff1-e964d95f540c,0x3ff2da99a7bf443e2f3f1779478ec9b975dbe15fba4845cf9846a5ace39a22a9,0x70bed158f61afbbb90f52438fd8d3adc02b94a49,0xc3c630c3f616bb615e51e006711a4824443277b7,191.649291,ETH,137,53954977,2026-07-21T10:20:45.031611Z,0,2,4,0.526,0,58422.51063264182
9cdc9fd2-bd1d-45b0-a694-6e911b0efd44,0x74d4ea1e4c1b880141c5ce69a3998e219abaa98cc44ece70beb147e769f09cc6,0xb42ca3d5ce07d1cf8ec0a53d3509625ac9c7ea8d,0x728a70366e2645ef895fd2a4cdc6c12bba37ec93,701.778613,USDC,137,57144583,2026-07-02T16:41:34.028140Z,0,9,4,0.83,0,44676.91856980767
76f2e84c-bb08-479f-a12e-3f4f1a67e179,0x3d0413e013fad91f6a4a5483267ba85cd5812aff525e908497d37cff8de1fe52,0x31d68eefbdf4bccdcb592bc2cb0abb056a39a81e,0x20ca0b3044ce97aa0dcb0f163354fc8bd39dc6d7,465.585717,USDC,137,50552520,2026-07-05T09:45:34.027342Z,0,6,5,0.555,1,68852.21831943476
652df956-e4a5-47c7-a568-d63e23e905a1,0x8e3f3d881d05416166417f35e3b511c999281f00f6934d29b7cf360fee7be4e3,0x35288c1c548249e9947d78db9f0cb83c4215c849,0x4253a6db2dd9c7913e798c718edab921cc98b6c3,151.133976,MATIC,137,54846812,2026-07-11T14:30:08.031756Z,0,4,1,0.578,1,8906.021421169498
643a7b6c-fc3d-407f-8ac6-9b352faa4e80,0x9b5bbc7bbe6c8705e602df9ea6ae0bd8089cb295238e4a792d9612b855fdd722,0x96488bf8e2cc203d428f5fb2333eae32e814f2b4,0x5740b3e6c3619e9f1ff7d9f712986871d935d565,507.508823,ETH,137,58859353,2026-07-13T22:18:41.032690Z,0,8,3,0.766,1,55806.08462809766
37852592-f91b-49e0-8612-41827aa234d5,0x707f8f6477207c18342c4cc277241a32e063139360c3910da79f3d2dd766c3c7,0x2de77f6de5a19c3737cc4a91923bd5731658c6ed,0x036347ca2e0a9557779da35127af5d2d106ed56b,896.087998,USDC,137,50045219,2026-07-04T00:32:07.024252Z,0,4,5,0.767,1,19363.505074165547
9ede8706-797c-4611-8b40-584bc1257b52,0xa3505a87e62f61350c647dd1f8cde8dceaf265cb0fcd46d9ddffbd94feced40a,0x8257911e9daec1fac918b53721fc038ef129e499,0xb7daaaa63fa1a5b39ca3007d35754d1cd0830e3a,980.300249,ETH,137,56568533,2026-07-01T08:30:48.032297Z,0,5,3,0.86,0,60998.89103392523
ca741af3-223b-42ab-ba4d-e7a419bc4157,0x016846d7e83ba29086664990283ad2630792eee45b90b62cef3f6fb292dee0d9,0xc237522a63a1ad25224c31a190cc68b1ee7a2b6d,0xc4b5be5b872d184364ab2a0f20969cc41b8f8167,627287.0509,USDT,137,55146478,2026-07-15T07:55:33.035982Z,1,98,74,0.868,0,28.17024036893288
772ab582-50f4-444c-9d26-d9bf9a8ed08b,0x4942a749b9cb43031396ead65d2085d88477fd09a0b29712010879ffbf19d56e,0x9c6ae6bdbbcdd3027a7cb5d8fbb6b9c28ad9c38e,0x7c5649c0cb7b98199a028c7a974d390a8c8c97e2,120.376603,MATIC,137,58283550,2026-07-25T16:01:21.025340Z,0,4,5,0.329,0,8478.720727108015
04c4c7db-0295-471c-9d0e-a778372c9d3a,0xfaf0c850728b18efc28039049c365ce602716e369ee0858aaa11ab3e32b7a62f,0x01565b5c56b7dcd382a7cb5868c9b05f2b94b62d,0x8605ec8f9d5d5cd1e71cadb295ae418c2bc505d2,89.051813,WBTC,137,58325765,2026-07-19T18:13:23.025029Z,0,9,3,0.874,1,81032.04944305093
10b48339-fac0-4b46-96c7-e59be8459ef3,0xdde2a9e94c3499f690b8e94a0879aa3f6e9bf52ddbfc148a4121923118f84e88,0xb8cda971a7f56db33dd75afbf70e75fe646ce877,0x6a41ba109f78591ee2c01c42ba1f36be2f1e4c8d,859.527798,MATIC,137,59342252,2026-07-04T09:13:51.025728Z,0,6,1,0.336,0,75758.37258352133
7d8d19dc-19f3-4338-b400-258557813b70,0x35a70e872b717bf055622a3f97838531846df3bf89fc04397aac4fbbfc174ce1,0x591d94d48d78c3edbc157470b758bd635a8f5822,0x915f63d843ef27a66cc9030c205b0853cf2aba29,864.554567,MATIC,137,58021106,2026-07-05T18:30:32.027816Z,0,6,2,0.467,1,83933.07468125653
9405de92-c990-4de9-9d7b-352b6a808357,0x83bf61a0e516b51224ec79896d75f696b8a18886be5775adf95f017063dfb1d0,0xb681a9a5dadda2a8febd401bd224744b8a903e7f,0xe4eb303b401dcb5c5649801beb91e293cbc24a5e,547.127382,USDC,137,54118512,2026-07-16T18:06:00.024679Z,0,1,1,0.973,0,33175.15960086064
7dd24606-a185-427e-9211-176533434491,0x929d3621fe2c7a7f8b2763e277e822fbb7fd386ecd827cea97d845d4bd60338c,0x6fa691ebd9180ca658261b0c1fbb32debd7dd5f8,0xc62999cac84fa01bf46617f4388cce42fec6f263,546.790502,ETH,137,54482244,2026-07-21T04:10:53.029081Z,0,3,2,0.37,1,69946.24520850788
b476a112-b8f4-4e49-b345-4b7a9f9ef378,0x90fe883f9e183774d1e9a04cda920c0ba7ef00399a0ebf05becd66d4cc578cd9,0x5734b83af228a1617a97b1e4ab8e1f8a7f93b567,0x6270e33e8dc0b3335e18571cecf683c134e9d63d,102.484305,MATIC,137,58077247,2026-07-07T07:35:54.030530Z,0,8,5,0.749,0,6135.0416357347085
c8df395b-3280-4d83-bbee-ef8c467338b2,0xaf34e7d0709fd9c7958170adc61b4d4717a8fed6d0143731e14c6cd3d3377eca,0xdb439a258d853fb88e9ff31a0a557a438f23bbae,0xc35958e555d36366c0efebb5f7c9bdb4802560d2,534.494862,WBTC,137,51373573,2026-07-26T02:28:41.028192Z,0,4,5,0.407,0,58701.55030407996
f630a6db-3b41-4b98-8a72-8812adb107a6,0x13f763b98842f501d50cd2513998407bca0f6f72c5dfef22f3b64e49348c8208,0x1a64fa37b88ef9d357709e6405eebee282600b6d,0x474f930ce1c7eeec794bfcd566ef3ab406ff3ad8,292.638948,MATIC,137,55716573,2026-07-13T21:20:06.028934Z,0,4,4,0.403,0,36354.07010950583
56f012ef-f63d-44ee-b1f4-ea4873b402ab,0x0d85a1ebcd5a8903935e963fdb07ac01a8301faddce3c7cfda0f92001fbd3775,0x023871d0adb913e56d1eebacb017e547f9a82ed9,0xfa40f8ce373a354b8f06ce38679388f5c0a8c21c,931.708946,WBTC,137,51134809,2026-07-21T14:14:57.029486Z,0,5,3,0.664,1,46511.5421071879
9d6c5ac0-4a1e-4306-a399-e27c72bc927b,0x8420cdd6d60545c79a4ff7d00dac0f030e16f04c98d386b8e7cd69395af2fc14,0x5144eea38d32a64e869e2219d95bac33fc8b398a,0x6032a92a658e0784b49750e7c62d234ecabc0592,9.266674,MATIC,137,58958039,2026-07-02T22:05:37.024011Z,0,2,4,0.366,0,72042.35247964134
fd2e4981-c6c8-4380-b32a-baba3e87a6e8,0x0b576d4f23b03d511c9037ec16c123a5cac66452f7ca09e0e3dfc36e779bd325,0xd1dad83b113dea2049a557553c993c57b61004d3,0x83d4a52d4df9450782d35f4e74b7ad7c899135bf,528.248296,USDT,137,56874459,2026-07-01T07:18:31.025113Z,0,2,5,0.98,0,73930.26852770092
b26223f2-93b6-4043-bff5-3bd50fca4d83,0xff78c70a4cb99bbede2980201fa617ccf467db99a28114c8bb87688e60c51cb5,0x5b9f392a04b6ddeb917d5c26ed3e75600c83dc96,0x9cf6c49f17fa51d3a2851c860d80ece1458b6062,366.214291,MATIC,137,58789929,2026-07-03T19:00:30.024163Z,0,1,4,0.574,0,47319.018862797595
05455820-e078-4081-b723-ff1652e6d77c,0x3e122b79e912958e30e0af553ee5865cbaed9ed490238aea2e00c8cb01364b4a,0x30be3c7c0494dae8d0ebcbece7d6ccbad83d81f6,0xca12ccf23a4080b958b474120bfeb08aaef8e056,949.650861,USDC,137,54547057,2026-07-15T17:49:24.028260Z,0,3,2,0.36,1,20532.934825148168
8b04e81a-6cba-4cd5-a62d-579d00bec6d9,0x628cec1dea26f193ee03d3cff71495322cb13ebfb5974bd52099aba5ca1ba805,0x57cdaa353686950f76324ed3578f107ca6635473,0xff9267136f75ab15ac796d90e1a4cbed5cc7060c,855.169488,USDT,137,50038550,2026-07-24T21:33:33.025256Z,0,8,4,0.545,0,44116.458762565366
fdea26eb-e197-4b16-81b8-142fcc2d941d,0x4535da93e4dab11339318bc4673b8e557591887e3987c398fec24178261997cc,0x36d7e6d6b7f2baba1ece6b49efee8fc184aa5c32,0x250abdc94a9f23ef4e4d2705af859e997bce71cc,151.728011,ETH,137,51207417,2026-07-19T11:54:13.031923Z,0,10,2,0.765,1,33716.35977185989
8bff1940-c36d-4327-a739-45b0c7876f1e,0x7882d2fdd5a97659e204e7bafb90af2173d313d7126436853c0e799f11f31326,0x3a2377eddd84694e50ba1a8c365a962a26a9b443,0x42d1e4964bede78f7071c0cbd284edecdd96a35f,980.92974,USDC,137,50446082,2026-07-08T23:42:01.032046Z,0,9,4,0.508,1,12321.78858666354
20cc1431-891f-4d61-900d-0036f0146d84,0x23fa8823380bf0ab6e644f67692effe2a155f39003ffba99905cc9077b5e688c,0x06b73923aad6be62b29f0cac9e33b17799c56dbb,0x76789e1ed024457ad27b38a17caa01004aa9afc0,905.155524,ETH,137,51033999,2026-07-13T06:11:27.024555Z,0,8,1,0.6,0,61517.7274127651
be3ee212-2d36-4dbd-911b-b90da19cc113,0xd899f96750bc77dd9eb58f39a95275c3306c50fe1764680d45d074ed68b792ee,0x75a123760408c4cbaaf843d42c5714222fcfb4d5,0xfb7f9714077facc7279aacd8a924f78a4efc0edd,783.91332,MATIC,137,55447056,2026-07-17T01:14:48.024203Z,0,7,3,0.898,0,65369.20483038471
10317770-1f43-447e-ae75-567c51c02a41,0x437a6fd1f066be08a64f425f72fb6aa389be286e93f5986fd59001e5e3ce64d4,0xa4cc463649d944356e3fc26f25df2681055f395d,0xc105bfd2232db821d3ca68989a83a99174dba424,916.405766,MATIC,137,56118045,2026-07-02T20:33:51.030889Z,0,10,1,0.602,1,75094.63835239717
8ad4cd7f-c94b-481f-a140-de84837235c3,0x25749b113b03d56321ed49ea75a6d5ccfda7cd19aef0ad903572e2420d817589,0xefef72cb2dfd1afeb1d904357839654ace4ad991,0x91a6331947d67fdba7a89df82f94b164ae15f0ba,241.327006,ETH,137,51242453,2026-07-08T11:41:39.024494Z,0,2,3,0.918,0,33940.86763514259
90252512-8264-4987-8928-bdaa954bad26,0xeea6eabc19325637559fe282a5f674a7f3f0926c1848310ae01f7c47269a63ae,0x40cbedbbebf3d58d7cd910f9a7df973caf872a7d,0x43b69630be73d3ae1ea5c692619688b06cde3e2a,774.547023,USDC,137,57216599,2026-06-29T16:56:22.030282Z,0,5,1,0.977,0,80123.04693755913
fddb640b-d413-4f0c-bffa-95e9b0f70dae,0x894299ff9057110e1a17c9d354daf6a263e4e91412f4969ca3014e7dc31fbf5d,0x8ef4f90c531638c9370bf73908c570defe5eb4c3,0x54b97afa8927609ad64bb7098671ba1f1ee02ba5,788.397758,ETH,137,57787671,2026-07-06T00:32:59.033480Z,0,6,2,0.495,1,28386.182829510657
5fc0527d-b079-4347-9a23-f40861429630,0xd258df179bb276be22cfbd450baa926e05a4cee7e4f80b64142f7da5713cf0da,0x5dbe26172567747ed936b4ee81bc6a638dc5170b,0x8f49a480bc55d93ccbe58028f9256b769d38ec83,231.704616,ETH,137,59504818,2026-07-07T02:39:09.025244Z,0,4,1,0.506,0,44044.736840347985
1b57dbe4-c0b8-46c3-b698-a98bf10369a8,0x7f943127ae4510d08702b8692fb2d8d1d12cae7c648e61f276bb334db67e6a43,0x0b2075d916fce317dfb9db4752ead6f594a14829,0xec5a9c9a9f916d9cb2893a655515d10726952b41,630.093309,WBTC,137,56071431,2026-06-29T07:57:52.023836Z,0,3,3,0.886,1,10311.779829496898
76b27d9f-393f-47c8-87ff-cb816d101d56,0xa8804d4c917d20c738913b3e73544db37c3e5eb6a75293903ebcaee4d9f39838,0x4bceb2c12502317e11ccdf45bce93f62e537bd96,0x60c682b7f17cc308f6ff33f3bc2a68ea7b315d3e,4568696.069721,USDC,137,51460498,2026-07-16T16:26:54.035721Z,1,199,17,0.372,0,9.222178793705659
421a7321-4d5f-45be-a3f5-5f996447d74f,0xf3d2a4eaa53e1d82b1db35da14029d4aad8ba01db41cc71162589c33ddf3e7f9,0xf22f0ed94840e0a572785861affcba6d973e9996,0x3f0732d5f90c7d123e394c212a3b8512ac704179,538.450151,WBTC,137,52791006,2026-06-28T23:06:54.027194Z,0,7,1,0.778,1,19737.16961594568
1f807183-94d6-4331-a7d3-83ff80b19bf0,0x22e5862af05b23810eb0f1fdaccf4de39cae950e3b72d0ac9ef5a18ba6f4e7c4,0x06aa529864c02498dd4663e0191f1d8ed1eb46d9,0x16db4d04d124e5d1b3ff7a520e4b7ce892bd28db,849.090771,USDT,137,51720922,2026-07-12T14:58:56.028214Z,0,7,4,0.502,0,40797.105096333325
df990a88-d4ca-47fd-b4d2-d2ed4cd134e2,0x1e0d6ad0d4b8b479f50d58939418873311977c5b040b1de2b24bd0912bb2f074,0x383db379635c3eee9d0d177994b3523208980d12,0xaa1286ee891089fb40c90105c7b2a4c6e002015a,371076.931043,WBTC,137,55370163,2026-07-05T11:11:55.035903Z,1,94,12,0.44,1,59.35375156106298
569e175a-3bb2-4bbe-8975-8f76998bdc0a,0x1f06d77ed244724fd0892cf8fda80c52966bef8a69853c2cacec0f60e9272e0f,0x55fc15d4ad70686a96027275c848e370b223c2f2,0xae4074306a7770864d82b4f19cc7cc563731c4b2,133.622997,MATIC,137,59256745,2026-07-04T06:49:56.028248Z,0,7,3,0.553,1,10362.649432035922
1d9c804c-acfd-4148-869c-4de282430376,0x35a7ac72227e64ea2ed7e6ebf35e33fd53b0c14421f0cff254bce05c255daec8,0xe37219551f4c4b3fdad1ecc94fc1431818a48ec6,0x32580ecc625438428ce675ee5e00686408a0e7b8,717.823903,USDC,137,50672110,2026-07-11T05:28:28.030202Z,0,5,5,0.97,1,77216.80635297448
9a76dbcc-c603-4cbe-8958-daac5619be16,0xa4e1fd4bbc849e8d7245e1cca9432ba3bb25f18363a6dab82316f83a4c1ccef1,0x39e4f02463a0047fec13ad0548971cf7a966a9a1,0x7bd75a954b0e568ffb15ce3a92782fe2a5328766,2010549.583582,MATIC,137,56243078,2026-07-07T18:17:15.035741Z,1,189,91,0.425,0,16.64674667571372
3f335394-d330-47ba-a30d-9114b7b791de,0x7d2fc6d39b297ac942cf567566b5f5288ace1e96fe8106c64b92992462e06255,0xf0f40bc73157da2e20e1b31e7f88ff1337f1f855,0x40c4d20ea0870ea147a3995434d75b04c80546d0,747.018575,USDT,137,51104014,2026-07-16T18:55:52.034085Z,0,10,5,0.349,0,60216.62502056471
2497058c-243f-491d-a7fb-1e58e779293b,0x2bacc482f81a17c4c92b9739220b556d050c10ed59489f438448927bc57ecdd3,0x22096098a2d106515a623184d25e6f68620587cb,0xba17a69172f214aea43999e45f146936b62bce4e,732.606102,ETH,137,52719566,2026-07-21T11:51:12.028058Z,0,10,4,0.56,1,43576.8738200966
c6233cc8-fab2-4740-88ea-649cfe5987c8,0xb5460d4a31551ad9b46c38b7ece3247e0817e9bf14c21007c9d41c158cb45c7a,0x7722da0fc4fada546ef288f76173b776acd82e92,0x698e9498b9b3711a977036a8968e144041975533,510.491941,USDT,137,54350536,2026-07-28T01:17:28.031000Z,0,7,5,0.809,0,15911.974865299937
8bfdfac4-3525-40c7-bc60-b47c26e87413,0xec4f69da31150bfb9f0bcb8ff3c1dea55d5eb42acf908ada2888f46ca19599de,0x756dd930ca223d2d5dddf56f1250b2277c9e38cd,0x8c3d427de186e13f99b548d32058c0c35119c98a,353.904133,MATIC,137,58843171,2026-07-25T15:16:00.033803Z,0,1,5,0.804,1,61464.66937823218
e861bca3-488a-47fe-9aab-1091d5a33e1f,0x3c3e3a9c37d065779d0f86943f3c8d75179a6aca22e9451cf5980861cd87b606,0x2bd1584664f54c74c192f3d7359f4d43fc5a3495,0xee9137f38c2123e78532445639bacffff442562b,923.253854,WBTC,137,52298458,2026-07-26T14:42:17.028316Z,0,6,5,0.51,1,2289.2406572060754
76d7b259-721a-49ee-a9df-2ae00a4a1a85,0xcdf2c3fa510ca915b172604a03c44194b5152b625cb8901a4a06c09b3a7eab36,0xee8626676dfed29d953971cbe4ac90e1206a50eb,0x9db7e16c9ac697eeaaee9c1f031c0af46918bc4a,978.993687,MATIC,137,59220961,2026-07-04T02:55:51.025555Z,0,3,5,0.591,1,56683.63907508849
77d86161-4672-42f4-8027-43d8c9b97dc0,0x44a5e0e3e459c3ae3758d5e1bdd5978a44ce31886aa5211958467a7aef141615,0x2a1e7a8a536317a7a7f24f0baeb447613db1c413,0xc33f1b5a353895437ee358632ba0d4746b2ac0a5,324.716861,WBTC,137,55504584,2026-07-11T14:57:43.025800Z,0,5,2,0.653,0,71701.572680841
cf8e4d26-aa49-4af7-89f5-8567e6252b86,0xfc5084a63594a94dd89d2ac4d65ddbbdf1f4c129e20f7f313d630452d146144c,0xafe0c3a2a48d3e9e90b62c99471973d7018b55f8,0x663e8a89c70ad7a434678d73bbb4a945d0741710,550.860335,USDC,137,51914829,2026-07-25T02:57:34.027995Z,0,5,5,0.317,1,5843.643062972997
784109ff-222b-4f45-b850-c542cc53eb8a,0x19a3c8cf56620e59bb10639ef3526a1faebc67893da4445656c95308d9d11b1c,0x939f2d1ba1de5fdd8ffe570b60b9531311629e6d,0x5284e01bd8cb11d1bfdbb27bcfaa725ccc54cb6a,842.777722,WBTC,137,51985167,2026-07-24T16:35:01.028048Z,0,2,4,0.661,1,66697.02779026725
f72d43b1-a0f9-4bc4-8be7-20681ef3a8dc,0xd9099492bbf8011ae642d028f8195a4c3205f3271960d1401f397b89f7145c7d,0x2070a47619bfddec43e29d348e0c72ec3d101b5e,0x3be0b12b5e849a59ecad3888ab8806682f8f4714,925.086466,USDT,137,57546289,2026-06-30T02:19:30.028797Z,0,8,5,0.476,1,22823.326841833714
8dc3c084-b984-49a0-a209-22b2d34fce54,0x5fdde793863569be34481b33d206f8e24c0cea32aa1a61442cefc5a3c0fd54ef,0xa82c303c6e6916a8569266a597c3826326eb15b0,0x8288bd3d7c27d5547fe3638ce07cd1ade4c664f3,404.122763,ETH,137,57170123,2026-07-12T04:49:34.024704Z,0,8,4,0.491,1,78993.56881134227
a5a3df6d-87b8-4064-9484-1e5a2cae63db,0xe6546cf84612b46b4d5eb5f0615ddd5045a40a6b8f6654d81a23e31399744a44,0x127c39cb11c64fcf92dd163beece742aec6ddec4,0x7b3e6f84f39256397e48a3fec1485f2242de553e,666.44507,MATIC,137,54346824,2026-07-12T03:25:43.026354Z,0,6,1,0.878,1,2518.354125094581
9aace972-a4a8-49b8-900d-145706c27b68,0x7ba056568866aba2dc122770de7ca217c18364b117da04732ee5b9f018b38d47,0xdd3c5f69a4d85e3192f2f10507f96cbc6f532e11,0xb1fc82c1d273cc153cbbfa8a8fa831faf0a8a131,362.547926,USDT,137,57455250,2026-07-26T23:43:28.027218Z,0,9,3,0.939,1,63184.34105134192
55eefdb7-9eef-4808-b4a0-ca06839f1f15,0xc3abdccc724f58c4ee7ad14a8ff6fefe8656e766a52a02e9d236878d05de334f,0x3b76963333d7ccb9734827116e5c456a4efcdeb8,0x9171ba56b8018d45ed68fc3f75cfd755f57528ba,450.27941,USDT,137,50474792,2026-07-25T16:22:20.029930Z,0,4,1,0.312,1,72739.12804157769
63b0045d-4c8c-4890-9179-a6185ddba58e,0x5b31050230b3a2f45ecaa2f2242161c799cc8b54de388855de88af7b70f03f41,0x1938b45325dd341249ad15bbacb6202c449462b1,0xe398a5baa9d61062b7feaa9085663f6045ae9fc8,870.43608,ETH,137,50440290,2026-07-27T14:44:55.030788Z,0,2,5,0.776,1,63874.31569783932
934a9a9e-c356-4a5c-ba61-a03f95ee662c,0xc9c36d9405e254852ce3abe46fe094618c5358bdb93a84d72b8c92b5904286b0,0x3d2bd07b44979c2ffbed209201c36aa1af276a45,0xed6d35354deb24e37d9c13e3baae79fc70ae1325,861.608133,MATIC,137,57788842,2026-07-09T12:39:52.027241Z,0,7,3,0.881,0,6488.429175702603
a69cbb54-c7f4-4063-b636-00cf7c8d0452,0xe55cd18ca81811105df45eea039d458945e6234d07fcbc221ec5833790c88797,0xc0da525fc54a64c60b94a659973e2a177008a084,0x274ae5b34d66e8e752db21b5a52cad9863033827,531.60708,MATIC,137,50578501,2026-07-20T12:51:32.023977Z,0,8,1,0.969,1,55880.148446312654
91854429-0657-4005-9e96-d99592833ece,0xb49d873afe552653c1c60586c0d0044537cc03ab3f9b033e7be9cb67977814ea,0xdc01db5134fae0ba5c8a0f2fc932b0bfa4cbb4b9,0x536e0350dd77d4649eac6e15ed2c8345781089cb,179.231501,USDC,137,56821310,2026-07-15T22:05:31.027736Z,0,5,4,0.598,1,9727.290639794617
dc43bb29-31aa-4f6a-88b4-05308ff29e2f,0xff8630ffc72bf275be62a8364d0a12827ba262fdbb99d623a9d49194d39a7293,0xd493a6611bb59d858f58e9be6a9a2296e38021d8,0x964ff20571f7e7d7d52d559d3b88f542951334ab,292.270424,USDC,137,52834459,2026-07-21T11:30:03.035366Z,0,8,4,0.459,1,40594.46540200373
c13493ff-9315-448a-8f93-0e7bb892733f,0x66ea89c1a27235633b6ea45d9e019a69955efcf4f8dc4d2df1fc342e9993c91d,0x8d5369a2672bb559aaa3df2d38f8a468fabb2392,0xc01038009662ba34da79f81d9a28efd496dc8f55,36.362978,WBTC,137,58991995,2026-07-05T09:07:30.030214Z,0,4,3,0.849,1,29814.384463579176
004079ee-c29a-4352-990c-6bd601abdd35,0x06642a31809f282585313a6bd68c5d3e6423e4c64075caeba70ff6065db0509a,0x1eee0c7cbf3f40bcdb1f42660464f6561bf32502,0x560d26dc1d4fd25edcefac2156030114c106cd27,32.396195,USDC,137,55773533,2026-07-02T15:11:25.026940Z,0,7,4,0.824,0,26652.34884338795
62be7116-8341-4402-bd50-2ccecaeac7b4,0xf88a9958fc083b39aad104b4d12db2dc291a2ff9df501106c6635b08b957fe33,0x05ad00b8cd19bc14eeef1989b97671c2cd8fd6a6,0x67c735d1372560f97f07d66d3510b728d1544efe,125.303459,USDC,137,59296010,2026-07-26T08:30:45.024506Z,0,4,2,0.914,1,1083.072409354832
553cea74-d397-4865-91ff-2b08b658a153,0xa6b68c9ada8b2a62d0006f7ca0049012e2c9fd21c1ad225a61d4eb347bc31421,0xf237946bca5c8023e19dde38326175763c854456,0x7e2b217be9551f7dc65a85b53c89f0d78860912e,316.57839,USDC,137,59792158,2026-07-18T20:45:30.025304Z,0,5,4,0.611,1,9005.58435320065
fc8e2812-5d0b-42bc-a74e-52c9db551ffc,0x1f1e7b1fdad9bb679bba2afde183025daecd8e26f1923bddec2c06ca293aa5a5,0xf086ae57f6a68b5a8150ee925f1008dd4afd3f2d,0x5ab1a23aa1b9438449ea8807f29968784bdf9bd3,289.916721,WBTC,137,53471903,2026-07-08T18:48:15.033715Z,0,7,1,0.323,0,38355.80363310739
54ef67ed-fbf8-4d3f-887f-a655210c3183,0x16875f614881bb3d7b2365b11f68fdcf27bfa65c990420f7f2930b6737590a87,0xdc39be0c9906764506168727afd616778c6c6310,0xf354ded53628a47919ad08a45709b252c7022ce6,700.928407,MATIC,137,54291137,2026-07-18T21:02:20.027781Z,0,3,5,0.966,1,47474.29572337451
e95a4d0a-33b0-4680-9040-edbcb3652a01,0x7aa854391d5510e0fa2bfb16697989857fd21b1eebc894e7e2b6f037877bec79,0x709b3b166e7c9f2368f5c832942f93e9018863ab,0x05da923ecf1f50110babbfb138ddb6f3e444e0c9,899.851624,MATIC,137,53426213,2026-07-24T03:40:34.024920Z,0,1,4,0.464,0,70468.45631156398
a129a2a6-8c55-40ad-a12a-cf5d872a16e3,0xd54daad11eba7c348fc615293b0fc01fb55343faf39ada6d0d0ddcd8a79ba96e,0x5759fc75a44f0b97d9bed2500b6601b03eacfedb,0x2fdf1a167f63bab3ab86971ddb0355c37241cddc,654.194125,USDT,137,57102428,2026-07-07T10:41:39.027925Z,0,2,2,0.977,1,6985.751753431722
320d58d1-3b54-4e59-99f8-053a74e45c1d,0x46bb88ee5eab83543512bcb8029a3c69406c31075e47cd8553980346e6e6253f,0xc63d7b8760e72a36de04847c2a737ace55d53db1,0x2f686d1221a9427ef8e46b55e84f6d3b922a5e03,203.168647,MATIC,137,56775228,2026-06-28T20:39:58.031419Z,0,6,4,0.8,0,64226.20407934236
88b953f8-7dbb-495d-89ce-0052cb5b2500,0x70bc169b34d1315ab1d2c49bf64799209bf8cb32c3643424f0e34f48f41c9bda,0x3d40b08a444ab9c6ad04698a80a051881840d31f,0xc975bf0702cc76ca37e2982b3f5f95425c13aecb,241.000034,MATIC,137,53837114,2026-07-18T00:13:34.029532Z,0,9,3,0.754,0,17966.72749164715
2d9aadac-870e-4786-9a01-c2bec1f4fc4f,0x67f17a8a1b6dd52fc04bdb6e8c0c55e7d558e504059c0b71346947a3fb1035fe,0x74e7b7ec6c5a5e6b34aaa70ee90c6a0d296950bd,0x8c7012d3698d404cba75f44b9238dfd179b07482,207.993606,USDT,137,50460558,2026-07-09T05:23:32.032479Z,0,8,2,0.396,1,81156.35634515356
655e0509-fa15-4d3b-b597-9defd573e793,0xdb85f0c685a4fb54db59e74d9beb98b3272e35cef04401480f26e6cd0c59461b,0x15601a861929c4be9664617856dced66dcf31617,0x28c27eec90114ff7249a195b5dd0fe928fa5a7a8,985.770792,USDT,137,50080041,2026-07-09T23:25:04.030945Z,0,10,4,0.587,1,26251.765393545764
50d578af-09fa-47cb-a1f1-2c492882e765,0x7f41b49bf468ef1f372210eb704175c450f5b377acecbf8b5d77cb7464e14158,0xf12d98489af0db730d5e9947c2e4635889e50116,0x67b5ee2cbf8866c39492f830bfbde816d6baa5da,157.030565,WBTC,137,58914063,2026-07-13T10:54:59.032756Z,0,7,3,0.378,0,83426.36724987137
ed3a76f3-8caf-43ac-b014-4c240add0bca,0x329b679458ac50af5cf6bdb6d87ca4398476d15afd7639316d1d4d714c673d84,0xb00e68b4a5b0b7c0d894e4868878dccc6ea4493d,0xab04767e9e049e93d0b2f6921e023cdbb267fcb1,387.717737,WBTC,137,55342364,2026-06-30T01:11:14.029380Z,0,5,1,0.706,1,4582.984676976065
